"BW","QC","Hct","VSkc","VIc","VILc","SA_SI","VLc","VL_icc","VL_ecc","VKc","VPTc","VPTTc","VPTLc","VRKLc","VAc","MAc","VPc","QSkc","QIc","QLc","QKc","QAc","QUrc","GFRc","QT","tco","R_PTL","R_L_ic","fup","pKa","PSkc","PIc","PLc","PKc","PAc","PRc","Papp_SI","Vmax_OATP1B1c","Km_OATP1B1c","Vmax_OATP1B3c","Km_OATP1B3c","SF_OATP1B1","SF_OATP1B3","VmaxBSEPc","KmBSEPc","SF_BSEP","Vmax_OAT4c","Km_OAT4c","SF_OAT","EXP_STOP","COral"
66.44,5054,0.3826,0.0443,0.01372,1.46828,50000,0.0262,0.63,0.4356,0.00462,0.406,0.5064,0.411,0.2998,0.223,10.886,0.07762,0.04888,0.1524,0.0689,0.176,0.06302,0.0242,0.1614,43.2,3.02,1728.4,10.76,0.0004488,1,230.2,59.02,136.2,161.2,183.6,59.68,8.05e-06,1.79e-06,93,1.88e-06,140.996,1980000.4,1,5.774,28.6,12.8,0.005022,52.2,105000,17880,0.046832
66.44,5054,0.3826,0.0443,0.01372,1.46828,50000,0.0262,0.5616,0.4356,0.00462,0.406,0.5064,0.411,0.2998,0.223,10.886,0.07762,0.04888,0.1524,0.0689,0.176,0.06302,0.0242,0.1614,43.2,3.02,1728.4,10.76,0.0004488,1,230.2,59.02,136.2,161.2,183.6,59.68,8.05e-06,1.79e-06,93,1.88e-06,140.996,1980000.4,1,5.774,28.6,12.8,0.005022,52.2,105000,17880,0.046832
66.44,5054,0.3826,0.0443,0.01372,1.46828,50000,0.0262,0.5616,0.4356,0.00462,0.406,0.5064,0.411,0.2998,0.223,10.886,0.07762,0.04888,0.1524,0.0689,0.176,0.06302,0.0242,0.1614,43.2,3.02,1728.4,10.76,0.0004488,1,230.2,59.02,136.2,161.2,183.6,59.68,8.05e-06,1.79e-06,93,1.88e-06,140.996,1980000.4,1,5.774,28.6,12.8,0.005022,52.2,105000,17880,0.183458
66.44,5054,0.3826,0.0443,0.01372,1.46828,50000,0.0262,0.5616,0.4356,0.00462,0.406,0.5064,0.411,0.2998,0.223,10.886,0.07762,0.04888,0.1524,0.0689,0.176,0.06302,0.0242,0.1614,43.2,3.02,1728.4,10.76,0.0004488,1,230.2,59.02,136.2,161.2,183.6,67,8.05e-06,1.79e-06,93,1.88e-06,140.996,1980000.4,1,5.774,28.6,12.8,0.005022,52.2,105000,17880,0.183458
66.44,5054,0.3826,0.0443,0.01372,1.46828,62600,0.0262,0.5616,0.4356,0.00462,0.406,0.5064,0.411,0.2998,0.223,10.886,0.07762,0.04888,0.1524,0.0689,0.176,0.06302,0.0242,0.1614,43.2,3.02,1728.4,10.76,0.0004488,1,230.2,59.02,136.2,161.2,183.6,67,8.05e-06,1.79e-06,93,1.88e-06,140.996,1980000.4,1,5.774,28.6,12.8,0.005022,52.2,105000,17880,0.183458
66.44,5054,0.3826,0.0443,0.01372,1.46828,62600,0.0262,0.5616,0.4356,0.00462,0.406,0.5064,0.411,0.2998,0.223,10.886,0.07762,0.04888,0.1524,0.0689,0.176,0.06302,0.0242,0.1614,43.2,3.428,1728.4,10.76,0.0004488,1,230.2,59.02,136.2,161.2,183.6,67,8.05e-06,1.79e-06,93,1.88e-06,140.996,1980000.4,1,5.774,28.6,12.8,0.005022,52.2,105000,17880,0.183458
66.44,5054,0.3826,0.0443,0.01372,1.46828,62600,0.0262,0.5616,0.4356,0.00462,0.406,0.5064,0.411,0.2998,0.223,10.886,0.07762,0.04888,0.1356,0.0689,0.176,0.06302,0.0242,0.1614,43.2,3.428,1728.4,10.76,0.0004488,1,230.2,59.02,136.2,161.2,183.6,67,8.05e-06,1.79e-06,93,1.88e-06,140.996,1980000.4,1,5.774,28.6,12.8,0.005022,52.2,105000,17880,0.183458
66.44,5054,0.3826,0.0443,0.01372,1.46828,62600,0.0262,0.5616,0.4356,0.00462,0.406,0.5064,0.411,0.2998,0.223,10.886,0.07762,0.04888,0.1356,0.0689,0.176,0.06302,0.0242,0.1614,89.28,3.428,1728.4,10.76,0.0004488,1,230.2,59.02,136.2,161.2,183.6,67,8.05e-06,1.79e-06,93,1.88e-06,140.996,1980000.4,1,5.774,28.6,12.8,0.005022,52.2,105000,17880,0.183458
66.44,5054,0.3826,0.0443,0.01372,1.46828,62600,0.0262,0.5616,0.4356,0.00462,0.406,0.5064,0.411,0.2998,0.223,10.886,0.07762,0.04888,0.1356,0.0689,0.176,0.06302,0.0242,0.1614,89.28,3.428,1728.4,10.76,0.0004488,1,230.2,59.02,136.2,161.2,183.6,67,8.05e-06,1.79e-06,93,1.88e-06,140.996,1980000.4,1,8.426,28.6,12.8,0.005022,52.2,105000,17880,0.183458
66.44,5054,0.3826,0.0443,0.01372,1.46828,62600,0.0262,0.5616,0.4356,0.00462,0.406,0.5064,0.411,0.2998,0.223,10.886,0.07762,0.04888,0.1356,0.0689,0.176,0.06302,0.0242,0.1614,89.28,3.428,1728.4,10.76,0.0004488,1,230.2,59.02,136.2,161.2,183.6,67,8.05e-06,1.79e-06,93,2.858e-06,140.996,1980000.4,1,8.426,28.6,12.8,0.005022,52.2,105000,17880,0.183458
66.44,5054,0.3826,0.0443,0.01372,1.46828,62600,0.0262,0.5616,0.4356,0.00462,0.406,0.5064,0.411,0.2998,0.2524,10.886,0.07762,0.04888,0.1356,0.0689,0.176,0.06302,0.0242,0.1614,89.28,3.428,1728.4,10.76,0.0004488,1,230.2,59.02,136.2,161.2,183.6,67,8.05e-06,1.79e-06,93,2.858e-06,140.996,1980000.4,1,8.426,28.6,12.8,0.005022,52.2,105000,17880,0.183458
66.44,5054,0.3826,0.0443,0.01372,1.46828,62600,0.0262,0.5616,0.4356,0.00462,0.406,0.5064,0.411,0.2662,0.2524,10.886,0.07762,0.04888,0.1356,0.0689,0.176,0.06302,0.0242,0.1614,89.28,3.428,1728.4,10.76,0.0004488,1,230.2,59.02,136.2,161.2,183.6,67,8.05e-06,1.79e-06,93,2.858e-06,140.996,1980000.4,1,8.426,28.6,12.8,0.005022,52.2,105000,17880,0.183458
66.44,5054,0.3826,0.0443,0.01372,1.46828,62600,0.0232,0.5616,0.4356,0.00462,0.406,0.5064,0.411,0.2662,0.2524,10.886,0.07762,0.04888,0.1356,0.0689,0.176,0.06302,0.0242,0.1614,89.28,3.428,1728.4,10.76,0.0004488,1,230.2,59.02,136.2,161.2,183.6,67,8.05e-06,1.79e-06,93,2.858e-06,140.996,1980000.4,1,8.426,28.6,12.8,0.005022,52.2,105000,17880,0.183458
66.44,5054,0.3826,0.0443,0.01372,1.46828,62600,0.0232,0.5616,0.4356,0.00462,0.406,0.5064,0.411,0.2662,0.2524,10.886,0.07762,0.04888,0.1356,0.0689,0.176,0.06302,0.0242,0.1614,89.28,3.428,1728.4,10.76,0.0004488,1,230.2,59.02,136.2,161.2,183.6,67,8.05e-06,1.79e-06,93,2.858e-06,140.996,1980000.4,1,8.426,28.6,12.8,0.005022,52.2,105000,20100,0.183458
66.44,5054,0.3826,0.0443,0.01372,1.46828,62600,0.0232,0.5616,0.4356,0.004116,0.406,0.5064,0.411,0.2662,0.2524,10.886,0.07762,0.04888,0.1356,0.0689,0.176,0.06302,0.0242,0.1614,89.28,3.428,1728.4,10.76,0.0004488,1,230.2,59.02,136.2,161.2,183.6,67,8.05e-06,1.79e-06,93,2.858e-06,140.996,1980000.4,1,8.426,28.6,12.8,0.005022,52.2,105000,20100,0.183458
66.44,5054,0.3826,0.0497,0.01372,1.46828,62600,0.0232,0.5616,0.4356,0.004116,0.406,0.5064,0.411,0.2662,0.2524,10.886,0.07762,0.04888,0.1356,0.0689,0.176,0.06302,0.0242,0.1614,89.28,3.428,1728.4,10.76,0.0004488,1,230.2,59.02,136.2,161.2,183.6,67,8.05e-06,1.79e-06,93,2.858e-06,140.996,1980000.4,1,8.426,28.6,12.8,0.005022,52.2,105000,20100,0.183458
66.44,5054,0.3826,0.0497,0.01372,1.46828,62600,0.0232,0.5616,0.4356,0.004116,0.358,0.5064,0.411,0.2662,0.2524,10.886,0.07762,0.04888,0.1356,0.0689,0.176,0.06302,0.0242,0.1614,89.28,3.428,1728.4,10.76,0.0004488,1,230.2,59.02,136.2,161.2,183.6,67,8.05e-06,1.79e-06,93,2.858e-06,140.996,1980000.4,1,8.426,28.6,12.8,0.005022,52.2,105000,20100,0.183458
66.44,5054,0.3826,0.0497,0.01372,1.46828,62600,0.0232,0.5616,0.4356,0.004116,0.358,0.5064,0.411,0.2662,0.2524,10.886,0.07762,0.04888,0.1356,0.0689,0.176,0.06302,0.0242,0.1614,89.28,3.428,1728.4,10.76,0.0004488,1,230.2,59.02,136.2,161.2,183.6,67,8.05e-06,1.79e-06,93,2.858e-06,140.996,1980000.4,1,8.426,28.6,12.8,0.005022,52.2,42000.6,20100,0.183458
66.44,5054,0.3826,0.0497,0.01372,1.46828,62600,0.0232,0.5616,0.4356,0.004116,0.358,0.5064,0.411,0.2662,0.2524,10.886,0.07762,0.04888,0.1356,0.0689,0.176,0.06302,0.0242,0.1614,89.28,3.428,1728.4,10.76,0.0004488,1,230.2,59.02,136.2,161.2,162,67,8.05e-06,1.79e-06,93,2.858e-06,140.996,1980000.4,1,8.426,28.6,12.8,0.005022,52.2,42000.6,20100,0.183458
66.44,5054,0.3826,0.0497,0.01372,1.46828,62600,0.0232,0.5616,0.4356,0.004116,0.358,0.5064,0.411,0.2662,0.2524,10.886,0.07762,0.04888,0.1356,0.0689,0.176,0.06302,0.0242,0.1614,89.28,3.428,1728.4,10.76,0.0004488,1,230.2,59.02,136.2,161.2,162,67,8.05e-06,1.79e-06,93,2.858e-06,140.996,1980000.4,1,8.426,7.9,12.8,0.005022,52.2,42000.6,20100,0.183458
66.44,5054,0.3826,0.0497,0.01372,1.46828,62600,0.0232,0.5616,0.4356,0.004116,0.358,0.5064,0.411,0.2662,0.2524,9.644,0.07762,0.04888,0.1356,0.0689,0.176,0.06302,0.0242,0.1614,89.28,3.428,1728.4,10.76,0.0004488,1,230.2,59.02,136.2,161.2,162,67,8.05e-06,1.79e-06,93,2.858e-06,140.996,1980000.4,1,8.426,7.9,12.8,0.005022,52.2,42000.6,20100,0.183458
66.44,5054,0.3826,0.0497,0.01372,1.46828,62600,0.0232,0.5616,0.4356,0.004116,0.358,0.5064,0.411,0.2662,0.2524,9.644,0.07762,0.04888,0.1356,0.0689,0.176,0.06302,0.0242,0.1614,89.28,3.428,1728.4,10.76,0.0004488,1,203.8,59.02,136.2,161.2,162,67,8.05e-06,1.79e-06,93,2.858e-06,140.996,1980000.4,1,8.426,7.9,12.8,0.005022,52.2,42000.6,20100,0.183458
66.44,5054,0.3826,0.0497,0.01372,0.38312,62600,0.0232,0.5616,0.4356,0.004116,0.358,0.5064,0.411,0.2662,0.2524,9.644,0.07762,0.04888,0.1356,0.0689,0.176,0.06302,0.0242,0.1614,89.28,3.428,1728.4,10.76,0.0004488,1,203.8,59.02,136.2,161.2,162,67,8.05e-06,1.79e-06,93,2.858e-06,140.996,1980000.4,1,8.426,7.9,12.8,0.005022,52.2,42000.6,20100,0.183458
66.44,5054,0.3826,0.0497,0.01372,0.38312,62600,0.0232,0.5616,0.4356,0.004116,0.358,0.5064,0.411,0.2662,0.2524,9.644,0.0685,0.04888,0.1356,0.0689,0.176,0.06302,0.0242,0.1614,89.28,3.428,1728.4,10.76,0.0004488,1,203.8,59.02,136.2,161.2,162,67,8.05e-06,1.79e-06,93,2.858e-06,140.996,1980000.4,1,8.426,7.9,12.8,0.005022,52.2,42000.6,20100,0.183458
66.44,5054,0.3826,0.0497,0.01372,0.38312,62600,0.0232,0.5616,0.4356,0.004116,0.358,0.5064,0.411,0.2662,0.2524,9.644,0.0685,0.04888,0.1356,0.0689,0.2,0.06302,0.0242,0.1614,89.28,3.428,1728.4,10.76,0.0004488,1,203.8,59.02,136.2,161.2,162,67,8.05e-06,1.79e-06,93,2.858e-06,140.996,1980000.4,1,8.426,7.9,12.8,0.005022,52.2,42000.6,20100,0.183458
66.44,5054,0.3826,0.0497,0.01372,0.38312,62600,0.0232,0.5616,0.4356,0.004116,0.358,0.5064,0.411,0.2662,0.2524,9.644,0.0685,0.04888,0.1356,0.0689,0.2,0.06302,0.0242,0.1614,89.28,3.428,1728.4,10.76,0.0004488,1,203.8,59.02,136.2,161.2,162,67,8.05e-06,1.79e-06,93,2.858e-06,140.996,1980000.4,1,8.426,7.9,5.72,0.005022,52.2,42000.6,20100,0.183458
66.44,5054,0.3826,0.0497,0.01372,0.38312,62600,0.0232,0.5616,0.4356,0.004116,0.358,0.5064,0.411,0.2662,0.2524,9.644,0.0685,0.04888,0.1356,0.0689,0.2,0.06302,0.02156,0.1614,89.28,3.428,1728.4,10.76,0.0004488,1,203.8,59.02,136.2,161.2,162,67,8.05e-06,1.79e-06,93,2.858e-06,140.996,1980000.4,1,8.426,7.9,5.72,0.005022,52.2,42000.6,20100,0.183458
66.44,5054,0.3826,0.0497,0.01372,0.38312,62600,0.0232,0.5616,0.4356,0.004116,0.358,0.5064,0.411,0.2662,0.2524,9.644,0.0685,0.04888,0.1356,0.0689,0.2,0.06302,0.02156,0.1614,89.28,3.428,1728.4,10.76,0.0004488,2.74,203.8,59.02,136.2,161.2,162,67,8.05e-06,1.79e-06,93,2.858e-06,140.996,1980000.4,1,8.426,7.9,5.72,0.005022,52.2,42000.6,20100,0.183458
66.44,5054,0.3826,0.0497,0.01372,0.38312,62600,0.0232,0.5616,0.4356,0.004116,0.358,0.5064,0.411,0.2662,0.2524,9.644,0.0685,0.04888,0.1356,0.0689,0.2,0.0707,0.02156,0.1614,89.28,3.428,1728.4,10.76,0.0004488,2.74,203.8,59.02,136.2,161.2,162,67,8.05e-06,1.79e-06,93,2.858e-06,140.996,1980000.4,1,8.426,7.9,5.72,0.005022,52.2,42000.6,20100,0.183458
66.44,5054,0.3826,0.0497,0.01372,0.38312,62600,0.0232,0.5616,0.4356,0.004116,0.358,0.5064,0.411,0.2662,0.2524,9.644,0.0685,0.04888,0.1356,0.0689,0.2,0.0707,0.02156,0.1614,89.28,3.428,1728.4,10.76,0.0016122,2.74,203.8,59.02,136.2,161.2,162,67,8.05e-06,1.79e-06,93,2.858e-06,140.996,1980000.4,1,8.426,7.9,5.72,0.005022,52.2,42000.6,20100,0.183458
66.44,5054,0.3826,0.0497,0.01372,0.38312,62600,0.0232,0.5616,0.4356,0.004116,0.358,0.5064,0.411,0.2662,0.2524,9.644,0.0685,0.04888,0.1356,0.0611,0.2,0.0707,0.02156,0.1614,89.28,3.428,1728.4,10.76,0.0016122,2.74,203.8,59.02,136.2,161.2,162,67,8.05e-06,1.79e-06,93,2.858e-06,140.996,1980000.4,1,8.426,7.9,5.72,0.005022,52.2,42000.6,20100,0.183458
66.44,5054,0.3826,0.0497,0.01372,0.38312,62600,0.0232,0.5616,0.4356,0.004116,0.358,0.5064,0.411,0.2662,0.2524,9.644,0.0685,0.04888,0.1356,0.0611,0.2,0.0707,0.02156,0.1614,89.28,3.428,1728.4,12.44,0.0016122,2.74,203.8,59.02,136.2,161.2,162,67,8.05e-06,1.79e-06,93,2.858e-06,140.996,1980000.4,1,8.426,7.9,5.72,0.005022,52.2,42000.6,20100,0.183458
66.44,5054,0.3826,0.0497,0.01372,0.38312,62600,0.0232,0.5616,0.4356,0.004116,0.358,0.5064,0.411,0.2662,0.2524,9.644,0.0685,0.04888,0.1356,0.0611,0.2,0.0707,0.02156,0.1614,89.28,3.428,1728.4,12.44,0.0016122,2.74,203.8,59.02,136.2,161.2,162,67,8.05e-06,1.79e-06,93,2.858e-06,41.984,1980000.4,1,8.426,7.9,5.72,0.005022,52.2,42000.6,20100,0.183458
66.44,5054,0.3826,0.0497,0.0154,0.38312,62600,0.0232,0.5616,0.4356,0.004116,0.358,0.5064,0.411,0.2662,0.2524,9.644,0.0685,0.04888,0.1356,0.0611,0.2,0.0707,0.02156,0.1614,89.28,3.428,1728.4,12.44,0.0016122,2.74,203.8,59.02,136.2,161.2,162,67,8.05e-06,1.79e-06,93,2.858e-06,41.984,1980000.4,1,8.426,7.9,5.72,0.005022,52.2,42000.6,20100,0.183458
66.44,5054,0.3826,0.0497,0.0154,0.38312,62600,0.0232,0.5616,0.384,0.004116,0.358,0.5064,0.411,0.2662,0.2524,9.644,0.0685,0.04888,0.1356,0.0611,0.2,0.0707,0.02156,0.1614,89.28,3.428,1728.4,12.44,0.0016122,2.74,203.8,59.02,136.2,161.2,162,67,8.05e-06,1.79e-06,93,2.858e-06,41.984,1980000.4,1,8.426,7.9,5.72,0.005022,52.2,42000.6,20100,0.183458
66.44,5054,0.3826,0.0497,0.0154,0.38312,62600,0.0232,0.5616,0.384,0.004116,0.358,0.5064,0.411,0.2662,0.2524,9.644,0.0685,0.04888,0.1356,0.0611,0.2,0.0707,0.02156,0.1614,89.28,3.428,1728.4,12.44,0.0016122,2.74,203.8,59.02,136.2,161.2,162,67,8.05e-06,2.408e-06,93,2.858e-06,41.984,1980000.4,1,8.426,7.9,5.72,0.005022,52.2,42000.6,20100,0.183458
66.44,5054,0.3826,0.0497,0.0154,0.38312,62600,0.0232,0.5616,0.384,0.004116,0.358,0.5064,0.411,0.2662,0.2524,9.644,0.0685,0.04888,0.1356,0.0611,0.2,0.0707,0.02156,0.1614,89.28,3.428,1728.4,12.44,0.0016122,2.74,203.8,59.02,120,161.2,162,67,8.05e-06,2.408e-06,93,2.858e-06,41.984,1980000.4,1,8.426,7.9,5.72,0.005022,52.2,42000.6,20100,0.183458
66.44,5054,0.4714,0.0497,0.0154,0.38312,62600,0.0232,0.5616,0.384,0.004116,0.358,0.5064,0.411,0.2662,0.2524,9.644,0.0685,0.04888,0.1356,0.0611,0.2,0.0707,0.02156,0.1614,89.28,3.428,1728.4,12.44,0.0016122,2.74,203.8,59.02,120,161.2,162,67,8.05e-06,2.408e-06,93,2.858e-06,41.984,1980000.4,1,8.426,7.9,5.72,0.005022,52.2,42000.6,20100,0.183458
66.44,6140,0.4714,0.0497,0.0154,0.38312,62600,0.0232,0.5616,0.384,0.004116,0.358,0.5064,0.411,0.2662,0.2524,9.644,0.0685,0.04888,0.1356,0.0611,0.2,0.0707,0.02156,0.1614,89.28,3.428,1728.4,12.44,0.0016122,2.74,203.8,59.02,120,161.2,162,67,8.05e-06,2.408e-06,93,2.858e-06,41.984,1980000.4,1,8.426,7.9,5.72,0.005022,52.2,42000.6,20100,0.183458
66.44,6140,0.4714,0.0497,0.0154,0.38312,62600,0.0232,0.5616,0.384,0.004116,0.358,0.5064,0.411,0.2662,0.2524,9.644,0.0685,0.04888,0.1356,0.0611,0.2,0.0707,0.02156,0.1986,89.28,3.428,1728.4,12.44,0.0016122,2.74,203.8,59.02,120,161.2,162,67,8.05e-06,2.408e-06,93,2.858e-06,41.984,1980000.4,1,8.426,7.9,5.72,0.005022,52.2,42000.6,20100,0.183458
81.86,6140,0.4714,0.0497,0.0154,0.38312,62600,0.0232,0.5616,0.384,0.004116,0.358,0.5064,0.411,0.2662,0.2524,9.644,0.0685,0.04888,0.1356,0.0611,0.2,0.0707,0.02156,0.1986,89.28,3.428,1728.4,12.44,0.0016122,2.74,203.8,59.02,120,161.2,162,67,8.05e-06,2.408e-06,93,2.858e-06,41.984,1980000.4,1,8.426,7.9,5.72,0.005022,52.2,42000.6,20100,0.183458
81.86,6140,0.4714,0.0497,0.0154,0.38312,62600,0.0232,0.5616,0.384,0.004116,0.358,0.5064,0.411,0.2662,0.2524,9.644,0.0685,0.04888,0.1356,0.0611,0.2,0.0707,0.02156,0.1986,89.28,3.428,1728.4,12.44,0.0016122,2.74,203.8,59.02,120,161.2,162,67,8.05e-06,2.408e-06,93,2.858e-06,41.984,1980000.4,1,8.426,7.9,5.72,0.005022,21,42000.6,20100,0.183458
81.86,6140,0.4714,0.0497,0.0154,0.38312,62600,0.0232,0.5616,0.384,0.004116,0.358,0.5064,0.411,0.2662,0.2524,9.644,0.0685,0.04888,0.1356,0.0611,0.2,0.0707,0.02156,0.1986,89.28,3.428,1,12.44,0.0016122,2.74,203.8,59.02,120,161.2,162,67,8.05e-06,2.408e-06,93,2.858e-06,41.984,1980000.4,1,8.426,7.9,5.72,0.005022,21,42000.6,20100,0.183458
81.86,6140,0.4714,0.0497,0.0154,0.38312,62600,0.0232,0.5616,0.384,0.004116,0.358,0.5064,0.411,0.2662,0.2524,9.644,0.0685,0.04888,0.1356,0.0611,0.2,0.0707,0.02156,0.1986,89.28,3.428,1,12.44,0.0016122,2.74,203.8,59.02,120,161.2,162,67,8.05e-06,2.408e-06,93,2.858e-06,41.984,1980000.4,1,8.426,7.9,5.72,0.003978,21,42000.6,20100,0.183458
81.86,6140,0.4714,0.0497,0.0154,0.38312,62600,0.0232,0.5616,0.384,0.004116,0.358,0.5064,0.411,0.2662,0.2524,9.644,0.0685,0.04888,0.1356,0.0611,0.2,0.0707,0.02156,0.1986,89.28,3.428,1,12.44,0.0016122,2.74,203.8,59.02,120,161.2,162,67,8.05e-06,2.408e-06,93,2.858e-06,41.984,1980000.4,165000.4,8.426,7.9,5.72,0.003978,21,42000.6,20100,0.183458
81.86,6140,0.4714,0.0497,0.0154,0.38312,62600,0.0232,0.5616,0.384,0.004116,0.358,0.5706,0.411,0.2662,0.2524,9.644,0.0685,0.04888,0.1356,0.0611,0.2,0.0707,0.02156,0.1986,89.28,3.428,1,12.44,0.0016122,2.74,203.8,59.02,120,161.2,162,67,8.05e-06,2.408e-06,93,2.858e-06,41.984,1980000.4,165000.4,8.426,7.9,5.72,0.003978,21,42000.6,20100,0.183458
81.86,6140,0.4714,0.0497,0.0154,0.38312,62600,0.0232,0.5616,0.384,0.004116,0.358,0.5706,0.411,0.2662,0.2524,9.644,0.0685,0.04888,0.1356,0.0611,0.2,0.0707,0.02156,0.1986,89.28,3.428,1,12.44,0.0016122,2.74,203.8,59.02,120,161.2,162,67,8.05e-06,2.408e-06,44.58,2.858e-06,41.984,1980000.4,165000.4,8.426,7.9,5.72,0.003978,21,42000.6,20100,0.183458
81.86,6140,0.4714,0.0497,0.0154,0.38312,62600,0.0232,0.5616,0.384,0.004116,0.358,0.5706,0.411,0.2662,0.2524,9.644,0.0685,0.04888,0.1356,0.0611,0.2,0.0707,0.02156,0.1986,89.28,3.428,1,12.44,0.0016122,2.74,203.8,66.58,120,161.2,162,67,8.05e-06,2.408e-06,44.58,2.858e-06,41.984,1980000.4,165000.4,8.426,7.9,5.72,0.003978,21,42000.6,20100,0.183458
81.86,6140,0.4714,0.0497,0.0154,0.38312,62600,0.0232,0.5616,0.384,0.004116,0.358,0.5706,0.411,0.2662,0.2524,9.644,0.0685,0.04888,0.1356,0.0611,0.2,0.0707,0.02156,0.1986,89.28,3.428,1,12.44,0.0016122,2.74,203.8,66.58,120,161.2,162,67,8.05e-06,2.408e-06,44.58,2.858e-06,41.984,1,165000.4,8.426,7.9,5.72,0.003978,21,42000.6,20100,0.183458
81.86,6140,0.4714,0.0497,0.0154,0.38312,62600,0.0232,0.5616,0.384,0.004116,0.358,0.5706,0.411,0.2662,0.2524,9.644,0.0685,0.04888,0.1356,0.0611,0.2,0.0707,0.02156,0.1986,89.28,3.428,1,12.44,0.0016122,2.74,203.8,66.58,120,142,162,67,8.05e-06,2.408e-06,44.58,2.858e-06,41.984,1,165000.4,8.426,7.9,5.72,0.003978,21,42000.6,20100,0.183458
81.86,6140,0.4714,0.0497,0.0154,0.38312,62600,0.0232,0.5616,0.384,0.004116,0.358,0.5706,0.411,0.2662,0.2524,9.644,0.0685,0.04888,0.1356,0.0611,0.2,0.0707,0.02156,0.1986,89.28,3.428,1,12.44,0.0016122,2.74,203.8,66.58,120,142,162,67,7.162e-06,2.408e-06,44.58,2.858e-06,41.984,1,165000.4,8.426,7.9,5.72,0.003978,21,42000.6,20100,0.183458
81.86,6140,0.4714,0.0497,0.0154,0.38312,62600,0.0232,0.5616,0.384,0.004116,0.358,0.5706,0.363,0.2662,0.2524,9.644,0.0685,0.04888,0.1356,0.0611,0.2,0.0707,0.02156,0.1986,89.28,3.428,1,12.44,0.0016122,2.74,203.8,66.58,120,142,162,67,7.162e-06,2.408e-06,44.58,2.858e-06,41.984,1,165000.4,8.426,7.9,5.72,0.003978,21,42000.6,20100,0.183458
81.86,6140,0.4714,0.0497,0.0154,0.38312,62600,0.0232,0.5616,0.384,0.004116,0.358,0.5706,0.363,0.2662,0.2524,9.644,0.0685,0.05512,0.1356,0.0611,0.2,0.0707,0.02156,0.1986,89.28,3.428,1,12.44,0.0016122,2.74,203.8,66.58,120,142,162,67,7.162e-06,2.408e-06,44.58,2.858e-06,41.984,1,165000.4,8.426,7.9,5.72,0.003978,21,42000.6,20100,0.183458
66.44,4692,0.4418,0.0425,0.01316,1.10656,58400,0.0272,0.5388,0.384,0.003948,0.438,0.592,0.379,0.2774,0.2524,9.644,0.07154,0.04888,0.1356,0.0611,0.176,0.06558,0.02068,0.1862,104.64,3.292,1,11.88,0.0008366,2.74,195,69.1,120,161.2,198,64.56,7.458e-06,2.82e-06,44.58,3.184e-06,107.992,1980000.4,165000.4,8.426,21.7,5.72,0.00537,73,63000.4,20100,0.092374
66.44,4692,0.4418,0.0425,0.01316,1.10656,58400,0.0272,0.5388,0.384,0.003948,0.438,0.592,0.379,0.2774,0.2524,9.644,0.07154,0.04888,0.1356,0.0611,0.176,0.06558,0.02068,0.1862,104.64,3.292,1,11.88,0.0008366,2.74,195,69.1,120,161.2,198,64.56,7.458e-06,2.82e-06,44.58,3.184e-06,107.992,1980000.4,165000.4,8.426,21.7,5.72,0.00537,73,1,20100,0.092374
66.44,4692,0.4418,0.0425,0.01316,1.10656,58400,0.0272,0.5388,0.384,0.003948,0.438,0.592,0.379,0.2774,0.2524,10.886,0.07154,0.04888,0.1356,0.0611,0.176,0.06558,0.02068,0.1862,104.64,3.292,1,11.88,0.0008366,2.74,195,69.1,120,161.2,198,64.56,7.458e-06,2.82e-06,44.58,3.184e-06,107.992,1980000.4,165000.4,8.426,21.7,5.72,0.00537,73,1,20100,0.092374
66.44,4692,0.4418,0.0425,0.01316,1.10656,58400,0.0272,0.5388,0.384,0.003948,0.438,0.592,0.379,0.2774,0.2524,10.886,0.07154,0.04888,0.1356,0.0611,0.176,0.06558,0.02068,0.1862,104.64,3.292,1,11.88,0.0008366,2.74,195,69.1,120,161.2,198,57.24,7.458e-06,2.82e-06,44.58,3.184e-06,107.992,1980000.4,165000.4,8.426,21.7,5.72,0.00537,73,1,20100,0.092374
66.44,4692,0.4418,0.0425,0.01316,1.10656,58400,0.0242,0.5388,0.384,0.003948,0.438,0.592,0.379,0.2774,0.2524,10.886,0.07154,0.04888,0.1356,0.0611,0.176,0.06558,0.02068,0.1862,104.64,3.292,1,11.88,0.0008366,2.74,195,69.1,120,161.2,198,57.24,7.458e-06,2.82e-06,44.58,3.184e-06,107.992,1980000.4,165000.4,8.426,21.7,5.72,0.00537,73,1,20100,0.092374
66.44,4692,0.4418,0.0425,0.01316,1.10656,58400,0.0242,0.5388,0.384,0.003948,0.438,0.592,0.379,0.2774,0.2524,10.886,0.07154,0.04888,0.1356,0.0611,0.176,0.06558,0.02068,0.1862,104.64,3.292,1,11.88,0.0008366,2.74,195,69.1,120,161.2,198,57.24,6.57e-06,2.82e-06,44.58,3.184e-06,107.992,1980000.4,165000.4,8.426,21.7,5.72,0.00537,73,1,20100,0.092374
66.44,4692,0.4418,0.0425,0.01316,1.10656,58400,0.0242,0.5388,0.384,0.003948,0.438,0.592,0.379,0.2774,0.2524,10.886,0.07154,0.04888,0.1356,0.0611,0.176,0.06558,0.02068,0.1862,104.64,3.292,1,11.88,0.0008366,2.74,195,69.1,120,161.2,198,57.24,6.57e-06,2.82e-06,44.58,3.184e-06,107.992,1980000.4,165000.4,8.426,21.7,12.8,0.00537,73,1,20100,0.092374
66.44,4692,0.4418,0.0425,0.01316,1.10656,58400,0.0242,0.5388,0.384,0.003948,0.438,0.592,0.379,0.2774,0.2524,10.886,0.07154,0.04888,0.1356,0.0611,0.176,0.06558,0.02068,0.1862,104.64,3.292,1,10.2,0.0008366,2.74,195,69.1,120,161.2,198,57.24,6.57e-06,2.82e-06,44.58,3.184e-06,107.992,1980000.4,165000.4,8.426,21.7,12.8,0.00537,73,1,20100,0.092374
66.44,4692,0.353,0.0425,0.01316,1.10656,58400,0.0242,0.5388,0.384,0.003948,0.438,0.592,0.379,0.2774,0.2524,10.886,0.07154,0.04888,0.1356,0.0611,0.176,0.06558,0.02068,0.1862,104.64,3.292,1,10.2,0.0008366,2.74,195,69.1,120,161.2,198,57.24,6.57e-06,2.82e-06,44.58,3.184e-06,107.992,1980000.4,165000.4,8.426,21.7,12.8,0.00537,73,1,20100,0.092374
66.44,4692,0.353,0.0425,0.01316,1.10656,58400,0.0242,0.5388,0.384,0.003948,0.39,0.592,0.379,0.2774,0.2524,10.886,0.07154,0.04888,0.1356,0.0611,0.176,0.06558,0.02068,0.1862,104.64,3.292,1,10.2,0.0008366,2.74,195,69.1,120,161.2,198,57.24,6.57e-06,2.82e-06,44.58,3.184e-06,107.992,1980000.4,165000.4,8.426,21.7,12.8,0.00537,73,1,20100,0.092374
66.44,4692,0.353,0.0425,0.01316,1.10656,58400,0.0242,0.5388,0.384,0.003948,0.39,0.592,0.379,0.2774,0.2524,10.886,0.07154,0.04888,0.1356,0.0611,0.2,0.06558,0.02068,0.1862,104.64,3.292,1,10.2,0.0008366,2.74,195,69.1,120,161.2,198,57.24,6.57e-06,2.82e-06,44.58,3.184e-06,107.992,1980000.4,165000.4,8.426,21.7,12.8,0.00537,73,1,20100,0.092374
66.44,4692,0.353,0.0425,0.01316,1.10656,58400,0.0242,0.5388,0.384,0.003948,0.39,0.592,0.379,0.2774,0.2524,10.886,0.07154,0.04888,0.1356,0.0611,0.2,0.06558,0.02068,0.1862,104.64,3.292,1728.4,10.2,0.0008366,2.74,195,69.1,120,161.2,198,57.24,6.57e-06,2.82e-06,44.58,3.184e-06,107.992,1980000.4,165000.4,8.426,21.7,12.8,0.00537,73,1,20100,0.092374
66.44,4692,0.353,0.0425,0.01316,1.10656,58400,0.0242,0.5388,0.384,0.003948,0.39,0.592,0.379,0.2774,0.2524,10.886,0.07154,0.04888,0.1356,0.0611,0.2,0.06558,0.02068,0.1862,104.64,3.292,1728.4,10.2,0.0008366,2.74,195,69.1,120,161.2,198,57.24,6.57e-06,2.82e-06,44.58,3.184e-06,107.992,1980000.4,165000.4,8.426,21.7,12.8,0.00537,73,1,20100,0.229
66.44,4692,0.353,0.0425,0.01316,1.10656,58400,0.0242,0.6072,0.384,0.003948,0.39,0.592,0.379,0.2774,0.2524,10.886,0.07154,0.04888,0.1356,0.0611,0.2,0.06558,0.02068,0.1862,104.64,3.292,1728.4,10.2,0.0008366,2.74,195,69.1,120,161.2,198,57.24,6.57e-06,2.82e-06,44.58,3.184e-06,107.992,1980000.4,165000.4,8.426,21.7,12.8,0.00537,73,1,20100,0.229
66.44,4692,0.353,0.0425,0.01316,1.10656,58400,0.0242,0.6072,0.384,0.003948,0.39,0.592,0.379,0.2774,0.2524,10.886,0.07154,0.04888,0.1356,0.0611,0.2,0.06558,0.02068,0.1862,104.64,3.292,1728.4,10.2,0.0008366,2.74,195,61.54,120,161.2,198,57.24,6.57e-06,2.82e-06,44.58,3.184e-06,107.992,1980000.4,165000.4,8.426,21.7,12.8,0.00537,73,1,20100,0.229
66.44,4692,0.353,0.0425,0.01316,1.10656,58400,0.0242,0.6072,0.384,0.003948,0.39,0.592,0.379,0.2774,0.2524,10.886,0.07154,0.04888,0.1356,0.0611,0.2,0.06558,0.02068,0.1862,104.64,3.292,1728.4,10.2,0.0008366,2.74,195,61.54,136.2,161.2,198,57.24,6.57e-06,2.82e-06,44.58,3.184e-06,107.992,1980000.4,165000.4,8.426,21.7,12.8,0.00537,73,1,20100,0.229
81.86,4692,0.353,0.0425,0.01316,1.10656,58400,0.0242,0.6072,0.384,0.003948,0.39,0.592,0.379,0.2774,0.2524,10.886,0.07154,0.04888,0.1356,0.0611,0.2,0.06558,0.02068,0.1862,104.64,3.292,1728.4,10.2,0.0008366,2.74,195,61.54,136.2,161.2,198,57.24,6.57e-06,2.82e-06,44.58,3.184e-06,107.992,1980000.4,165000.4,8.426,21.7,12.8,0.00537,73,1,20100,0.229
81.86,4692,0.353,0.0425,0.01316,1.10656,58400,0.0242,0.6072,0.384,0.003948,0.39,0.592,0.379,0.2774,0.2524,10.886,0.07154,0.04888,0.1356,0.0611,0.2,0.06558,0.02068,0.1862,104.64,3.292,1728.4,10.2,0.0008366,2.74,221.4,61.54,136.2,161.2,198,57.24,6.57e-06,2.82e-06,44.58,3.184e-06,107.992,1980000.4,165000.4,8.426,21.7,12.8,0.00537,73,1,20100,0.229
81.86,4692,0.353,0.0425,0.01316,1.10656,58400,0.0242,0.6072,0.384,0.003948,0.39,0.592,0.379,0.2774,0.2524,10.886,0.07154,0.05512,0.1356,0.0611,0.2,0.06558,0.02068,0.1862,104.64,3.292,1728.4,10.2,0.0008366,2.74,221.4,61.54,136.2,161.2,198,57.24,6.57e-06,2.82e-06,44.58,3.184e-06,107.992,1980000.4,165000.4,8.426,21.7,12.8,0.00537,73,1,20100,0.229
81.86,4692,0.353,0.0425,0.01316,1.10656,58400,0.0242,0.6072,0.384,0.003948,0.39,0.592,0.379,0.2774,0.2524,10.886,0.07154,0.05512,0.1356,0.0611,0.2,0.06558,0.02068,0.1862,58.56,3.292,1728.4,10.2,0.0008366,2.74,221.4,61.54,136.2,161.2,198,57.24,6.57e-06,2.82e-06,44.58,3.184e-06,107.992,1980000.4,165000.4,8.426,21.7,12.8,0.00537,73,1,20100,0.229
81.86,4692,0.353,0.0425,0.01316,1.10656,58400,0.0242,0.6072,0.384,0.003948,0.39,0.592,0.379,0.2774,0.2524,10.886,0.07154,0.05512,0.1356,0.0611,0.2,0.06558,0.02068,0.1862,58.56,3.7,1728.4,10.2,0.0008366,2.74,221.4,61.54,136.2,161.2,198,57.24,6.57e-06,2.82e-06,44.58,3.184e-06,107.992,1980000.4,165000.4,8.426,21.7,12.8,0.00537,73,1,20100,0.229
81.86,5778,0.353,0.0425,0.01316,1.10656,58400,0.0242,0.6072,0.384,0.003948,0.39,0.592,0.379,0.2774,0.2524,10.886,0.07154,0.05512,0.1356,0.0611,0.2,0.06558,0.02068,0.1862,58.56,3.7,1728.4,10.2,0.0008366,2.74,221.4,61.54,136.2,161.2,198,57.24,6.57e-06,2.82e-06,44.58,3.184e-06,107.992,1980000.4,165000.4,8.426,21.7,12.8,0.00537,73,1,20100,0.229
81.86,5778,0.353,0.0425,0.01316,1.10656,58400,0.0242,0.6072,0.384,0.003948,0.39,0.592,0.379,0.2774,0.2524,10.886,0.07154,0.05512,0.1524,0.0611,0.2,0.06558,0.02068,0.1862,58.56,3.7,1728.4,10.2,0.0008366,2.74,221.4,61.54,136.2,161.2,198,57.24,6.57e-06,2.82e-06,44.58,3.184e-06,107.992,1980000.4,165000.4,8.426,21.7,12.8,0.00537,73,1,20100,0.229
81.86,5778,0.353,0.0425,0.01316,1.10656,58400,0.0242,0.6072,0.384,0.003948,0.39,0.592,0.379,0.2774,0.2524,10.886,0.07154,0.05512,0.1524,0.0611,0.2,0.06558,0.02068,0.1862,58.56,3.7,1728.4,10.2,0.0008366,2.74,221.4,61.54,136.2,161.2,198,57.24,6.57e-06,2.82e-06,44.58,3.184e-06,107.992,1980000.4,165000.4,8.426,21.7,12.8,0.004326,73,1,20100,0.229
81.86,5778,0.353,0.0425,0.01316,0.0214,58400,0.0242,0.6072,0.384,0.003948,0.39,0.592,0.379,0.2774,0.2524,10.886,0.07154,0.05512,0.1524,0.0611,0.2,0.06558,0.02068,0.1862,58.56,3.7,1728.4,10.2,0.0008366,2.74,221.4,61.54,136.2,161.2,198,57.24,6.57e-06,2.82e-06,44.58,3.184e-06,107.992,1980000.4,165000.4,8.426,21.7,12.8,0.004326,73,1,20100,0.229
81.86,5778,0.353,0.0425,0.01316,0.0214,58400,0.0242,0.6072,0.384,0.003948,0.39,0.592,0.379,0.2774,0.2524,10.886,0.07154,0.05512,0.1524,0.0611,0.2,0.06558,0.02068,0.149,58.56,3.7,1728.4,10.2,0.0008366,2.74,221.4,61.54,136.2,161.2,198,57.24,6.57e-06,2.82e-06,44.58,3.184e-06,107.992,1980000.4,165000.4,8.426,21.7,12.8,0.004326,73,1,20100,0.229
81.86,5778,0.353,0.0425,0.01316,0.0214,58400,0.0242,0.6072,0.384,0.003948,0.39,0.592,0.379,0.2774,0.223,10.886,0.07154,0.05512,0.1524,0.0611,0.2,0.06558,0.02068,0.149,58.56,3.7,1728.4,10.2,0.0008366,2.74,221.4,61.54,136.2,161.2,198,57.24,6.57e-06,2.82e-06,44.58,3.184e-06,107.992,1980000.4,165000.4,8.426,21.7,12.8,0.004326,73,1,20100,0.229
81.86,5778,0.353,0.0425,0.01316,0.0214,58400,0.0242,0.6072,0.4356,0.003948,0.39,0.592,0.379,0.2774,0.223,10.886,0.07154,0.05512,0.1524,0.0611,0.2,0.06558,0.02068,0.149,58.56,3.7,1728.4,10.2,0.0008366,2.74,221.4,61.54,136.2,161.2,198,57.24,6.57e-06,2.82e-06,44.58,3.184e-06,107.992,1980000.4,165000.4,8.426,21.7,12.8,0.004326,73,1,20100,0.229
81.86,5778,0.353,0.0425,0.01316,0.0214,58400,0.0242,0.6072,0.4356,0.003948,0.39,0.592,0.379,0.2774,0.223,10.886,0.07154,0.05512,0.1524,0.0611,0.2,0.06558,0.02068,0.149,58.56,3.7,1728.4,10.2,0.0008366,2.74,221.4,61.54,136.2,161.2,198,57.24,6.57e-06,2.82e-06,44.58,3.184e-06,107.992,1980000.4,165000.4,8.426,21.7,12.8,0.004326,73,1,17880,0.229
81.86,5778,0.353,0.0425,0.01484,0.0214,58400,0.0242,0.6072,0.4356,0.003948,0.39,0.592,0.379,0.2774,0.223,10.886,0.07154,0.05512,0.1524,0.0611,0.2,0.06558,0.02068,0.149,58.56,3.7,1728.4,10.2,0.0008366,2.74,221.4,61.54,136.2,161.2,198,57.24,6.57e-06,2.82e-06,44.58,3.184e-06,107.992,1980000.4,165000.4,8.426,21.7,12.8,0.004326,73,1,17880,0.229
81.86,5778,0.353,0.0425,0.01484,0.0214,58400,0.0242,0.6072,0.4356,0.003948,0.39,0.592,0.379,0.2774,0.223,10.886,0.07154,0.05512,0.1524,0.0611,0.2,0.06558,0.02068,0.149,58.56,3.7,1728.4,10.2,0.0008366,1,221.4,61.54,136.2,161.2,198,57.24,6.57e-06,2.82e-06,44.58,3.184e-06,107.992,1980000.4,165000.4,8.426,21.7,12.8,0.004326,73,1,17880,0.229
81.86,5778,0.353,0.0425,0.01484,0.0214,58400,0.0242,0.6072,0.4356,0.003948,0.39,0.592,0.379,0.2774,0.223,10.886,0.07154,0.05512,0.1524,0.0611,0.2,0.06558,0.02068,0.149,58.56,3.7,1728.4,10.2,0.0008366,1,221.4,61.54,136.2,161.2,198,57.24,6.57e-06,2.82e-06,44.58,3.184e-06,107.992,1980000.4,165000.4,8.426,21.7,12.8,0.004326,41.8,1,17880,0.229
81.86,5778,0.353,0.0425,0.01484,0.0214,58400,0.0242,0.6072,0.4356,0.004452,0.39,0.592,0.379,0.2774,0.223,10.886,0.07154,0.05512,0.1524,0.0611,0.2,0.06558,0.02068,0.149,58.56,3.7,1728.4,10.2,0.0008366,1,221.4,61.54,136.2,161.2,198,57.24,6.57e-06,2.82e-06,44.58,3.184e-06,107.992,1980000.4,165000.4,8.426,21.7,12.8,0.004326,41.8,1,17880,0.229
81.86,5778,0.353,0.0425,0.01484,0.0214,58400,0.0242,0.6072,0.4356,0.004452,0.39,0.592,0.379,0.2774,0.223,10.886,0.07154,0.05512,0.1524,0.0611,0.2,0.06558,0.02068,0.149,58.56,3.7,1728.4,10.2,0.0008366,1,221.4,61.54,136.2,161.2,198,57.24,6.57e-06,2.82e-06,44.58,3.184e-06,8.98,1980000.4,165000.4,8.426,21.7,12.8,0.004326,41.8,1,17880,0.229
81.86,5778,0.353,0.0425,0.01484,0.0214,58400,0.0242,0.6072,0.4356,0.004452,0.39,0.592,0.379,0.2774,0.223,10.886,0.07154,0.05512,0.1524,0.0611,0.2,0.06558,0.02068,0.149,58.56,3.7,1728.4,10.2,0.0008366,1,221.4,61.54,136.2,161.2,198,57.24,6.57e-06,2.202e-06,44.58,3.184e-06,8.98,1980000.4,165000.4,8.426,21.7,12.8,0.004326,41.8,1,17880,0.229
81.86,5778,0.353,0.0425,0.01484,0.0214,58400,0.0242,0.6072,0.4356,0.004452,0.39,0.592,0.379,0.2774,0.223,10.886,0.07154,0.05512,0.1524,0.0611,0.2,0.06558,0.02068,0.149,58.56,3.7,1728.4,10.2,0.0008366,1,221.4,61.54,136.2,161.2,176.4,57.24,6.57e-06,2.202e-06,44.58,3.184e-06,8.98,1980000.4,165000.4,8.426,21.7,12.8,0.004326,41.8,1,17880,0.229
81.86,5778,0.353,0.0425,0.01484,0.0214,58400,0.0242,0.6072,0.4356,0.004452,0.39,0.592,0.427,0.2774,0.223,10.886,0.07154,0.05512,0.1524,0.0611,0.2,0.06558,0.02068,0.149,58.56,3.7,1728.4,10.2,0.0008366,1,221.4,61.54,136.2,161.2,176.4,57.24,6.57e-06,2.202e-06,44.58,3.184e-06,8.98,1980000.4,165000.4,8.426,21.7,12.8,0.004326,41.8,1,17880,0.229
81.86,5778,0.353,0.0425,0.01484,0.0214,58400,0.0242,0.6072,0.4356,0.004452,0.39,0.592,0.427,0.2774,0.223,10.886,0.07154,0.05512,0.1524,0.0611,0.2,0.0579,0.02068,0.149,58.56,3.7,1728.4,10.2,0.0008366,1,221.4,61.54,136.2,161.2,176.4,57.24,6.57e-06,2.202e-06,44.58,3.184e-06,8.98,1980000.4,165000.4,8.426,21.7,12.8,0.004326,41.8,1,17880,0.229
81.86,5778,0.353,0.0425,0.01484,0.0214,58400,0.0242,0.6072,0.4356,0.004452,0.39,0.5278,0.427,0.2774,0.223,10.886,0.07154,0.05512,0.1524,0.0611,0.2,0.0579,0.02068,0.149,58.56,3.7,1728.4,10.2,0.0008366,1,221.4,61.54,136.2,161.2,176.4,57.24,6.57e-06,2.202e-06,44.58,3.184e-06,8.98,1980000.4,165000.4,8.426,21.7,12.8,0.004326,41.8,1,17880,0.229
81.86,5778,0.353,0.0425,0.01484,0.0214,58400,0.0242,0.6072,0.4356,0.004452,0.39,0.5278,0.427,0.2774,0.223,10.886,0.08066,0.05512,0.1524,0.0611,0.2,0.0579,0.02068,0.149,58.56,3.7,1728.4,10.2,0.0008366,1,221.4,61.54,136.2,161.2,176.4,57.24,6.57e-06,2.202e-06,44.58,3.184e-06,8.98,1980000.4,165000.4,8.426,21.7,12.8,0.004326,41.8,1,17880,0.229
81.86,5778,0.353,0.0425,0.01484,0.0214,58400,0.0242,0.6072,0.4356,0.004452,0.39,0.5278,0.427,0.2774,0.223,10.886,0.08066,0.05512,0.1524,0.0611,0.2,0.0579,0.02068,0.149,58.56,3.7,1728.4,10.2,0.0008366,1,221.4,61.54,136.2,161.2,176.4,57.24,6.57e-06,2.202e-06,44.58,3.184e-06,8.98,1980000.4,165000.4,8.426,1,12.8,0.004326,41.8,1,17880,0.229
81.86,5778,0.353,0.0425,0.01484,0.0214,58400,0.0242,0.6072,0.4356,0.004452,0.39,0.5278,0.427,0.2774,0.223,10.886,0.08066,0.05512,0.1524,0.0689,0.2,0.0579,0.02068,0.149,58.56,3.7,1728.4,10.2,0.0008366,1,221.4,61.54,136.2,161.2,176.4,57.24,6.57e-06,2.202e-06,44.58,3.184e-06,8.98,1980000.4,165000.4,8.426,1,12.8,0.004326,41.8,1,17880,0.229
81.86,5778,0.353,0.0425,0.01484,0.0214,58400,0.0242,0.6072,0.4356,0.004452,0.39,0.5278,0.427,0.2774,0.223,10.886,0.08066,0.05512,0.1524,0.0689,0.2,0.0579,0.02068,0.149,58.56,3.7,1728.4,10.2,0.0008366,1,221.4,61.54,136.2,161.2,176.4,57.24,6.57e-06,2.202e-06,44.58,3.184e-06,8.98,1,165000.4,8.426,1,12.8,0.004326,41.8,1,17880,0.229
81.86,5778,0.353,0.0425,0.01484,0.0214,58400,0.0242,0.6072,0.4356,0.004452,0.39,0.5278,0.427,0.2774,0.223,10.886,0.08066,0.05512,0.1524,0.0689,0.2,0.0579,0.02068,0.149,58.56,3.7,1728.4,10.2,0.002,1,221.4,61.54,136.2,161.2,176.4,57.24,6.57e-06,2.202e-06,44.58,3.184e-06,8.98,1,165000.4,8.426,1,12.8,0.004326,41.8,1,17880,0.229
81.86,5778,0.353,0.0425,0.01484,0.0214,58400,0.0242,0.6072,0.4356,0.004452,0.39,0.5278,0.427,0.2774,0.223,10.886,0.08066,0.05512,0.1524,0.0689,0.2,0.0579,0.02332,0.149,58.56,3.7,1728.4,10.2,0.002,1,221.4,61.54,136.2,161.2,176.4,57.24,6.57e-06,2.202e-06,44.58,3.184e-06,8.98,1,165000.4,8.426,1,12.8,0.004326,41.8,1,17880,0.229
81.86,5778,0.353,0.0425,0.01484,0.0214,58400,0.0242,0.6072,0.4356,0.004452,0.39,0.5278,0.427,0.2774,0.223,10.886,0.08066,0.05512,0.1524,0.0689,0.2,0.0579,0.02332,0.149,58.56,3.7,1728.4,10.2,0.002,1,221.4,61.54,136.2,161.2,176.4,57.24,6.57e-06,2.202e-06,44.58,2.206e-06,8.98,1,165000.4,8.426,1,12.8,0.004326,41.8,1,17880,0.229
81.86,5778,0.353,0.0425,0.01484,0.0214,71000,0.0242,0.6072,0.4356,0.004452,0.39,0.5278,0.427,0.2774,0.223,10.886,0.08066,0.05512,0.1524,0.0689,0.2,0.0579,0.02332,0.149,58.56,3.7,1728.4,10.2,0.002,1,221.4,61.54,136.2,161.2,176.4,57.24,6.57e-06,2.202e-06,44.58,2.206e-06,8.98,1,165000.4,8.426,1,12.8,0.004326,41.8,1,17880,0.229
81.86,5778,0.353,0.0425,0.01484,0.0214,71000,0.0242,0.6072,0.4356,0.004452,0.39,0.5278,0.427,0.311,0.223,10.886,0.08066,0.05512,0.1524,0.0689,0.2,0.0579,0.02332,0.149,58.56,3.7,1728.4,10.2,0.002,1,221.4,61.54,136.2,161.2,176.4,57.24,6.57e-06,2.202e-06,44.58,2.206e-06,8.98,1,165000.4,8.426,1,12.8,0.004326,41.8,1,17880,0.229
81.86,5778,0.353,0.0425,0.01484,0.0214,71000,0.0242,0.6072,0.4356,0.004452,0.39,0.5278,0.427,0.311,0.223,10.886,0.08066,0.05512,0.1524,0.0689,0.2,0.0579,0.02332,0.149,58.56,3.7,1728.4,10.2,0.002,1,221.4,61.54,136.2,161.2,176.4,57.24,6.57e-06,2.202e-06,44.58,2.206e-06,8.98,1,165000.4,5.774,1,12.8,0.004326,41.8,1,17880,0.229
81.86,5778,0.353,0.0425,0.01484,0.0214,71000,0.0242,0.6072,0.4356,0.004452,0.39,0.5278,0.427,0.311,0.223,10.886,0.08066,0.05512,0.1524,0.0689,0.2,0.0579,0.02332,0.149,58.56,3.7,1728.4,10.2,0.002,1,221.4,61.54,136.2,161.2,176.4,57.24,6.57e-06,2.202e-06,44.58,2.206e-06,8.98,1,1,5.774,1,12.8,0.004326,41.8,1,17880,0.229
81.86,5778,0.353,0.0479,0.01484,0.0214,71000,0.0242,0.6072,0.4356,0.004452,0.39,0.5278,0.427,0.311,0.223,10.886,0.08066,0.05512,0.1524,0.0689,0.2,0.0579,0.02332,0.149,58.56,3.7,1728.4,10.2,0.002,1,221.4,61.54,136.2,161.2,176.4,57.24,6.57e-06,2.202e-06,44.58,2.206e-06,8.98,1,1,5.774,1,12.8,0.004326,41.8,1,17880,0.229
81.86,5778,0.353,0.0479,0.01484,0.0214,71000,0.0242,0.6072,0.4356,0.004452,0.39,0.5278,0.427,0.311,0.223,10.886,0.08066,0.05512,0.1524,0.0689,0.2,0.0579,0.02332,0.149,58.56,3.7,1728.4,10.2,0.002,1,221.4,61.54,136.2,142,176.4,57.24,6.57e-06,2.202e-06,44.58,2.206e-06,8.98,1,1,5.774,1,12.8,0.004326,41.8,1,17880,0.229
81.86,5778,0.353,0.0479,0.01484,0.0214,71000,0.0242,0.6072,0.4356,0.004452,0.39,0.5278,0.427,0.311,0.223,10.886,0.08066,0.05512,0.1524,0.0689,0.2,0.0579,0.02332,0.149,58.56,3.7,1728.4,10.2,0.002,1,221.4,61.54,136.2,142,176.4,57.24,6.57e-06,2.202e-06,93,2.206e-06,8.98,1,1,5.774,1,12.8,0.004326,41.8,1,17880,0.229
66.44,5778,0.4714,0.0497,0.0126,0.74484,58400,0.0262,0.516,0.47,0.00462,0.374,0.5706,0.443,0.2998,0.2328,9.644,0.07458,0.0468,0.1412,0.0689,0.184,0.0579,0.02068,0.1862,73.92,3.02,1728.4,10.2,6.1e-05,2.74,221.4,56.5,141.6,148.4,183.6,64.56,7.458e-06,1.79e-06,12.3,3.184e-06,174,1980000.4,110000.6,9.31,7.9,3.36,0.005022,62.6,105000,19360,0.137916
66.44,5778,0.4714,0.0497,0.0126,0.74484,58400,0.0262,0.516,0.47,0.00462,0.374,0.5706,0.443,0.2998,0.2328,9.644,0.07458,0.0468,0.1412,0.0689,0.184,0.0579,0.02068,0.1862,73.92,3.02,1,10.2,6.1e-05,2.74,221.4,56.5,141.6,148.4,183.6,64.56,7.458e-06,1.79e-06,12.3,3.184e-06,174,1980000.4,110000.6,9.31,7.9,3.36,0.005022,62.6,105000,19360,0.137916
66.44,5778,0.4714,0.0497,0.0126,0.74484,58400,0.0262,0.516,0.47,0.004116,0.374,0.5706,0.443,0.2998,0.2328,9.644,0.07458,0.0468,0.1412,0.0689,0.184,0.0579,0.02068,0.1862,73.92,3.02,1,10.2,6.1e-05,2.74,221.4,56.5,141.6,148.4,183.6,64.56,7.458e-06,1.79e-06,12.3,3.184e-06,174,1980000.4,110000.6,9.31,7.9,3.36,0.005022,62.6,105000,19360,0.137916
66.44,5778,0.4714,0.0497,0.0126,0.74484,58400,0.0262,0.516,0.47,0.004116,0.374,0.5706,0.443,0.2998,0.2328,9.644,0.07458,0.0468,0.1412,0.0689,0.184,0.0579,0.02068,0.1862,73.92,3.02,1,10.2,0.0012244,2.74,221.4,56.5,141.6,148.4,183.6,64.56,7.458e-06,1.79e-06,12.3,3.184e-06,174,1980000.4,110000.6,9.31,7.9,3.36,0.005022,62.6,105000,19360,0.137916
66.44,5778,0.4714,0.0497,0.01428,0.74484,58400,0.0262,0.516,0.47,0.004116,0.374,0.5706,0.443,0.2998,0.2328,9.644,0.07458,0.0468,0.1412,0.0689,0.184,0.0579,0.02068,0.1862,73.92,3.02,1,10.2,0.0012244,2.74,221.4,56.5,141.6,148.4,183.6,64.56,7.458e-06,1.79e-06,12.3,3.184e-06,174,1980000.4,110000.6,9.31,7.9,3.36,0.005022,62.6,105000,19360,0.137916
66.44,5778,0.4714,0.0497,0.01428,0.74484,58400,0.0262,0.516,0.47,0.004116,0.374,0.5706,0.443,0.2998,0.2328,9.644,0.07458,0.0468,0.1412,0.0689,0.184,0.0579,0.02068,0.1862,73.92,3.02,1,11.88,0.0012244,2.74,221.4,56.5,141.6,148.4,183.6,64.56,7.458e-06,1.79e-06,12.3,3.184e-06,174,1980000.4,110000.6,9.31,7.9,3.36,0.005022,62.6,105000,19360,0.137916
66.44,5778,0.4714,0.0497,0.01428,0.74484,58400,0.0262,0.516,0.47,0.004116,0.374,0.5706,0.443,0.2998,0.2328,9.644,0.07458,0.0468,0.1412,0.0689,0.184,0.0579,0.02068,0.1862,73.92,3.02,1,11.88,0.0012244,2.74,221.4,56.5,141.6,148.4,183.6,64.56,7.458e-06,1.79e-06,12.3,3.184e-06,174,1,110000.6,9.31,7.9,3.36,0.005022,62.6,105000,19360,0.137916
66.44,4692,0.4714,0.0497,0.01428,0.74484,58400,0.0262,0.516,0.47,0.004116,0.374,0.5706,0.443,0.2998,0.2328,9.644,0.07458,0.0468,0.1412,0.0689,0.184,0.0579,0.02068,0.1862,73.92,3.02,1,11.88,0.0012244,2.74,221.4,56.5,141.6,148.4,183.6,64.56,7.458e-06,1.79e-06,12.3,3.184e-06,174,1,110000.6,9.31,7.9,3.36,0.005022,62.6,105000,19360,0.137916
66.44,4692,0.4714,0.0497,0.01428,0.74484,58400,0.0262,0.516,0.47,0.004116,0.374,0.5706,0.443,0.2998,0.2328,9.644,0.07458,0.0468,0.1412,0.0689,0.184,0.0579,0.02068,0.1862,73.92,3.02,1,11.88,0.0012244,2.74,221.4,56.5,141.6,148.4,183.6,64.56,7.458e-06,2.408e-06,12.3,3.184e-06,174,1,110000.6,9.31,7.9,3.36,0.005022,62.6,105000,19360,0.137916
66.44,4692,0.4714,0.0497,0.01428,0.74484,58400,0.0262,0.516,0.47,0.004116,0.374,0.5706,0.443,0.2998,0.2328,9.644,0.07458,0.0468,0.1412,0.0689,0.184,0.0579,0.02068,0.1862,73.92,3.02,1,11.88,0.0012244,2.74,221.4,56.5,141.6,148.4,183.6,64.56,7.458e-06,2.408e-06,12.3,3.184e-06,174,1,110000.6,9.31,28.6,3.36,0.005022,62.6,105000,19360,0.137916
66.44,4692,0.4714,0.0497,0.01428,0.74484,58400,0.0262,0.516,0.47,0.004116,0.374,0.5706,0.443,0.2998,0.2622,9.644,0.07458,0.0468,0.1412,0.0689,0.184,0.0579,0.02068,0.1862,73.92,3.02,1,11.88,0.0012244,2.74,221.4,56.5,141.6,148.4,183.6,64.56,7.458e-06,2.408e-06,12.3,3.184e-06,174,1,110000.6,9.31,28.6,3.36,0.005022,62.6,105000,19360,0.137916
66.44,4692,0.4714,0.0497,0.01428,0.74484,58400,0.0262,0.516,0.47,0.004116,0.374,0.5706,0.443,0.2998,0.2622,9.644,0.07458,0.0468,0.1412,0.0689,0.184,0.0579,0.02332,0.1862,73.92,3.02,1,11.88,0.0012244,2.74,221.4,56.5,141.6,148.4,183.6,64.56,7.458e-06,2.408e-06,12.3,3.184e-06,174,1,110000.6,9.31,28.6,3.36,0.005022,62.6,105000,19360,0.137916
66.44,4692,0.4714,0.0497,0.01428,0.74484,58400,0.0262,0.516,0.47,0.004116,0.374,0.5706,0.443,0.2998,0.2622,9.644,0.07458,0.0468,0.1412,0.0689,0.184,0.0579,0.02332,0.1862,73.92,3.02,1,11.88,0.0012244,2.74,221.4,56.5,141.6,148.4,183.6,64.56,7.458e-06,2.408e-06,12.3,3.184e-06,174,1,110000.6,9.31,28.6,3.36,0.003978,62.6,105000,19360,0.137916
66.44,4692,0.4714,0.0497,0.01428,0.74484,71000,0.0262,0.516,0.47,0.004116,0.374,0.5706,0.443,0.2998,0.2622,9.644,0.07458,0.0468,0.1412,0.0689,0.184,0.0579,0.02332,0.1862,73.92,3.02,1,11.88,0.0012244,2.74,221.4,56.5,141.6,148.4,183.6,64.56,7.458e-06,2.408e-06,12.3,3.184e-06,174,1,110000.6,9.31,28.6,3.36,0.003978,62.6,105000,19360,0.137916
66.44,4692,0.4714,0.0497,0.01428,0.74484,71000,0.0262,0.516,0.47,0.004116,0.374,0.5706,0.443,0.2998,0.2622,9.644,0.07458,0.0468,0.1412,0.0689,0.184,0.0579,0.02332,0.1862,73.92,3.02,1,11.88,0.0012244,2.74,221.4,56.5,141.6,148.4,183.6,64.56,7.458e-06,2.408e-06,12.3,2.206e-06,174,1,110000.6,9.31,28.6,3.36,0.003978,62.6,105000,19360,0.137916
66.44,4692,0.4714,0.0497,0.01428,0.74484,71000,0.0262,0.516,0.47,0.004116,0.374,0.5706,0.443,0.2998,0.2622,9.644,0.07458,0.0468,0.1412,0.0689,0.184,0.0579,0.02332,0.1862,73.92,3.02,1,11.88,0.0012244,2.74,221.4,56.5,141.6,148.4,162,64.56,7.458e-06,2.408e-06,12.3,2.206e-06,174,1,110000.6,9.31,28.6,3.36,0.003978,62.6,105000,19360,0.137916
66.44,4692,0.4714,0.0497,0.01428,0.74484,71000,0.0262,0.516,0.47,0.004116,0.374,0.5706,0.443,0.2998,0.2622,9.644,0.07458,0.0468,0.1412,0.0689,0.184,0.0579,0.02332,0.1862,73.92,3.428,1,11.88,0.0012244,2.74,221.4,56.5,141.6,148.4,162,64.56,7.458e-06,2.408e-06,12.3,2.206e-06,174,1,110000.6,9.31,28.6,3.36,0.003978,62.6,105000,19360,0.137916
66.44,4692,0.4714,0.0497,0.01428,0.74484,71000,0.0262,0.516,0.47,0.004116,0.374,0.5706,0.443,0.2998,0.2622,9.644,0.07458,0.0468,0.1412,0.0689,0.184,0.06558,0.02332,0.1862,73.92,3.428,1,11.88,0.0012244,2.74,221.4,56.5,141.6,148.4,162,64.56,7.458e-06,2.408e-06,12.3,2.206e-06,174,1,110000.6,9.31,28.6,3.36,0.003978,62.6,105000,19360,0.137916
66.44,4692,0.3826,0.0497,0.01428,0.74484,71000,0.0262,0.516,0.47,0.004116,0.374,0.5706,0.443,0.2998,0.2622,9.644,0.07458,0.0468,0.1412,0.0689,0.184,0.06558,0.02332,0.1862,73.92,3.428,1,11.88,0.0012244,2.74,221.4,56.5,141.6,148.4,162,64.56,7.458e-06,2.408e-06,12.3,2.206e-06,174,1,110000.6,9.31,28.6,3.36,0.003978,62.6,105000,19360,0.137916
81.86,4692,0.3826,0.0497,0.01428,0.74484,71000,0.0262,0.516,0.47,0.004116,0.374,0.5706,0.443,0.2998,0.2622,9.644,0.07458,0.0468,0.1412,0.0689,0.184,0.06558,0.02332,0.1862,73.92,3.428,1,11.88,0.0012244,2.74,221.4,56.5,141.6,148.4,162,64.56,7.458e-06,2.408e-06,12.3,2.206e-06,174,1,110000.6,9.31,28.6,3.36,0.003978,62.6,105000,19360,0.137916
81.86,4692,0.3826,0.0497,0.01428,0.74484,71000,0.0262,0.516,0.47,0.004116,0.374,0.5706,0.443,0.2662,0.2622,9.644,0.07458,0.0468,0.1412,0.0689,0.184,0.06558,0.02332,0.1862,73.92,3.428,1,11.88,0.0012244,2.74,221.4,56.5,141.6,148.4,162,64.56,7.458e-06,2.408e-06,12.3,2.206e-06,174,1,110000.6,9.31,28.6,3.36,0.003978,62.6,105000,19360,0.137916
81.86,4692,0.3826,0.0497,0.01428,0.74484,71000,0.0262,0.5844,0.47,0.004116,0.374,0.5706,0.443,0.2662,0.2622,9.644,0.07458,0.0468,0.1412,0.0689,0.184,0.06558,0.02332,0.1862,73.92,3.428,1,11.88,0.0012244,2.74,221.4,56.5,141.6,148.4,162,64.56,7.458e-06,2.408e-06,12.3,2.206e-06,174,1,110000.6,9.31,28.6,3.36,0.003978,62.6,105000,19360,0.137916
81.86,4692,0.3826,0.0497,0.01428,0.74484,71000,0.0232,0.5844,0.47,0.004116,0.374,0.5706,0.443,0.2662,0.2622,9.644,0.07458,0.0468,0.1412,0.0689,0.184,0.06558,0.02332,0.1862,73.92,3.428,1,11.88,0.0012244,2.74,221.4,56.5,141.6,148.4,162,64.56,7.458e-06,2.408e-06,12.3,2.206e-06,174,1,110000.6,9.31,28.6,3.36,0.003978,62.6,105000,19360,0.137916
81.86,4692,0.3826,0.0497,0.01428,0.74484,71000,0.0232,0.5844,0.47,0.004116,0.374,0.5706,0.443,0.2662,0.2622,9.644,0.07458,0.0468,0.1412,0.0689,0.184,0.06558,0.02332,0.1862,73.92,3.428,1,11.88,0.0012244,2.74,221.4,56.5,141.6,148.4,162,64.56,7.458e-06,2.408e-06,60.72,2.206e-06,174,1,110000.6,9.31,28.6,3.36,0.003978,62.6,105000,19360,0.137916
81.86,4692,0.3826,0.0497,0.01428,1.83,71000,0.0232,0.5844,0.47,0.004116,0.374,0.5706,0.443,0.2662,0.2622,9.644,0.07458,0.0468,0.1412,0.0689,0.184,0.06558,0.02332,0.1862,73.92,3.428,1,11.88,0.0012244,2.74,221.4,56.5,141.6,148.4,162,64.56,7.458e-06,2.408e-06,60.72,2.206e-06,174,1,110000.6,9.31,28.6,3.36,0.003978,62.6,105000,19360,0.137916
81.86,4692,0.3826,0.0497,0.01428,1.83,71000,0.0232,0.5844,0.47,0.004116,0.374,0.5706,0.443,0.2662,0.2622,9.644,0.07458,0.0468,0.1412,0.0689,0.184,0.06558,0.02332,0.1862,73.92,3.428,1,11.88,0.0012244,2.74,221.4,56.5,141.6,148.4,162,64.56,7.458e-06,2.408e-06,60.72,2.206e-06,174,1,110000.6,9.31,28.6,10.44,0.003978,62.6,105000,19360,0.137916
81.86,4692,0.3826,0.0497,0.01428,1.83,71000,0.0232,0.5844,0.47,0.004116,0.374,0.5706,0.443,0.2662,0.2622,9.644,0.07458,0.0468,0.1412,0.0689,0.184,0.06558,0.02332,0.1862,73.92,3.428,1,11.88,0.0012244,2.74,221.4,56.5,141.6,148.4,162,57.24,7.458e-06,2.408e-06,60.72,2.206e-06,174,1,110000.6,9.31,28.6,10.44,0.003978,62.6,105000,19360,0.137916
81.86,4692,0.3826,0.0497,0.01428,1.83,71000,0.0232,0.5844,0.47,0.004116,0.374,0.5706,0.443,0.2662,0.2622,9.644,0.07458,0.0468,0.1412,0.0689,0.184,0.06558,0.02332,0.1862,73.92,3.428,1,11.88,0.0012244,2.74,221.4,64.06,141.6,148.4,162,57.24,7.458e-06,2.408e-06,60.72,2.206e-06,174,1,110000.6,9.31,28.6,10.44,0.003978,62.6,105000,19360,0.137916
81.86,4692,0.3826,0.0497,0.01428,1.83,71000,0.0232,0.5844,0.47,0.004116,0.422,0.5706,0.443,0.2662,0.2622,9.644,0.07458,0.0468,0.1412,0.0689,0.184,0.06558,0.02332,0.1862,73.92,3.428,1,11.88,0.0012244,2.74,221.4,64.06,141.6,148.4,162,57.24,7.458e-06,2.408e-06,60.72,2.206e-06,174,1,110000.6,9.31,28.6,10.44,0.003978,62.6,105000,19360,0.137916
81.86,4692,0.3826,0.0497,0.01428,1.83,71000,0.0232,0.5844,0.47,0.004116,0.422,0.5706,0.443,0.2662,0.2622,9.644,0.07458,0.0468,0.1412,0.0689,0.184,0.06558,0.02332,0.1862,73.92,3.428,1,11.88,0.0012244,2.74,221.4,64.06,141.6,148.4,162,57.24,7.458e-06,2.408e-06,60.72,2.206e-06,174,1,110000.6,9.31,28.6,10.44,0.003978,62.6,105000,19360,0.00129
81.86,4692,0.3826,0.0497,0.01428,1.83,71000,0.0232,0.5844,0.47,0.004116,0.422,0.5706,0.443,0.2662,0.2622,9.644,0.07458,0.0468,0.1412,0.0689,0.208,0.06558,0.02332,0.1862,73.92,3.428,1,11.88,0.0012244,2.74,221.4,64.06,141.6,148.4,162,57.24,7.458e-06,2.408e-06,60.72,2.206e-06,174,1,110000.6,9.31,28.6,10.44,0.003978,62.6,105000,19360,0.00129
81.86,4692,0.3826,0.0497,0.01428,1.83,71000,0.0232,0.5844,0.47,0.004116,0.422,0.5706,0.443,0.2662,0.2622,9.644,0.07458,0.0468,0.158,0.0689,0.208,0.06558,0.02332,0.1862,73.92,3.428,1,11.88,0.0012244,2.74,221.4,64.06,141.6,148.4,162,57.24,7.458e-06,2.408e-06,60.72,2.206e-06,174,1,110000.6,9.31,28.6,10.44,0.003978,62.6,105000,19360,0.00129
81.86,4692,0.3826,0.0497,0.01428,1.83,71000,0.0232,0.5844,0.47,0.004116,0.422,0.5706,0.443,0.2662,0.2622,9.644,0.07458,0.0468,0.158,0.0689,0.208,0.06558,0.02332,0.1862,73.92,3.428,1,11.88,0.0012244,2.74,221.4,64.06,141.6,148.4,162,57.24,6.57e-06,2.408e-06,60.72,2.206e-06,174,1,110000.6,9.31,28.6,10.44,0.003978,62.6,105000,19360,0.00129
81.86,4692,0.3826,0.0497,0.01428,1.83,71000,0.0232,0.5844,0.47,0.004116,0.422,0.5706,0.443,0.2662,0.2622,9.644,0.07458,0.0468,0.158,0.0689,0.208,0.06558,0.02332,0.1862,73.92,3.428,1,11.88,0.0012244,2.74,221.4,64.06,141.6,148.4,162,57.24,6.57e-06,2.408e-06,60.72,2.206e-06,174,1,110000.6,6.658,28.6,10.44,0.003978,62.6,105000,19360,0.00129
81.86,4692,0.3826,0.0497,0.01428,1.83,71000,0.0232,0.5844,0.47,0.004116,0.422,0.5706,0.443,0.2662,0.2622,9.644,0.07458,0.0468,0.158,0.0689,0.208,0.06558,0.02332,0.1862,73.92,3.428,1,11.88,0.0012244,2.74,195,64.06,141.6,148.4,162,57.24,6.57e-06,2.408e-06,60.72,2.206e-06,174,1,110000.6,6.658,28.6,10.44,0.003978,62.6,105000,19360,0.00129
81.86,4692,0.3826,0.0497,0.01428,1.83,71000,0.0232,0.5844,0.47,0.004116,0.422,0.5706,0.443,0.2662,0.2622,9.644,0.07458,0.0468,0.158,0.0689,0.208,0.06558,0.02332,0.1862,73.92,3.428,1,11.88,0.0012244,2.74,195,64.06,141.6,167.6,162,57.24,6.57e-06,2.408e-06,60.72,2.206e-06,174,1,110000.6,6.658,28.6,10.44,0.003978,62.6,105000,19360,0.00129
81.86,4692,0.3826,0.0497,0.01428,1.83,71000,0.0232,0.5844,0.4184,0.004116,0.422,0.5706,0.443,0.2662,0.2622,9.644,0.07458,0.0468,0.158,0.0689,0.208,0.06558,0.02332,0.1862,73.92,3.428,1,11.88,0.0012244,2.74,195,64.06,141.6,167.6,162,57.24,6.57e-06,2.408e-06,60.72,2.206e-06,174,1,110000.6,6.658,28.6,10.44,0.003978,62.6,105000,19360,0.00129
81.86,4692,0.3826,0.0497,0.01428,1.83,71000,0.0232,0.5844,0.4184,0.004116,0.422,0.5064,0.443,0.2662,0.2622,9.644,0.07458,0.0468,0.158,0.0689,0.208,0.06558,0.02332,0.1862,73.92,3.428,1,11.88,0.0012244,2.74,195,64.06,141.6,167.6,162,57.24,6.57e-06,2.408e-06,60.72,2.206e-06,174,1,110000.6,6.658,28.6,10.44,0.003978,62.6,105000,19360,0.00129
81.86,4692,0.3826,0.0497,0.01428,1.83,71000,0.0232,0.5844,0.4184,0.004116,0.422,0.5064,0.443,0.2662,0.2622,9.644,0.07458,0.0468,0.158,0.0689,0.208,0.06558,0.02332,0.1862,120,3.428,1,11.88,0.0012244,2.74,195,64.06,141.6,167.6,162,57.24,6.57e-06,2.408e-06,60.72,2.206e-06,174,1,110000.6,6.658,28.6,10.44,0.003978,62.6,105000,19360,0.00129
81.86,4692,0.3826,0.0497,0.01428,1.83,71000,0.0232,0.5844,0.4184,0.004116,0.422,0.5064,0.443,0.2662,0.2622,9.644,0.07458,0.0468,0.158,0.0689,0.208,0.06558,0.02332,0.1862,120,3.428,1,11.88,0.0012244,2.74,195,64.06,141.6,167.6,162,57.24,6.57e-06,2.408e-06,60.72,2.206e-06,174,1,110000.6,6.658,28.6,10.44,0.003978,31.4,105000,19360,0.00129
81.86,4692,0.3826,0.0497,0.01428,1.83,71000,0.0232,0.5844,0.4184,0.004116,0.422,0.5064,0.395,0.2662,0.2622,9.644,0.07458,0.0468,0.158,0.0689,0.208,0.06558,0.02332,0.1862,120,3.428,1,11.88,0.0012244,2.74,195,64.06,141.6,167.6,162,57.24,6.57e-06,2.408e-06,60.72,2.206e-06,174,1,110000.6,6.658,28.6,10.44,0.003978,31.4,105000,19360,0.00129
81.86,4692,0.3826,0.0443,0.01428,1.83,71000,0.0232,0.5844,0.4184,0.004116,0.422,0.5064,0.395,0.2662,0.2622,9.644,0.07458,0.0468,0.158,0.0689,0.208,0.06558,0.02332,0.1862,120,3.428,1,11.88,0.0012244,2.74,195,64.06,141.6,167.6,162,57.24,6.57e-06,2.408e-06,60.72,2.206e-06,174,1,110000.6,6.658,28.6,10.44,0.003978,31.4,105000,19360,0.00129
81.86,4692,0.3826,0.0443,0.01428,1.83,71000,0.0232,0.5844,0.4184,0.004116,0.422,0.5064,0.395,0.2662,0.2622,9.644,0.07458,0.0468,0.158,0.0689,0.208,0.06558,0.02332,0.1862,120,3.428,1,11.88,0.0012244,1,195,64.06,141.6,167.6,162,57.24,6.57e-06,2.408e-06,60.72,2.206e-06,174,1,110000.6,6.658,28.6,10.44,0.003978,31.4,105000,19360,0.00129
81.86,4692,0.3826,0.0443,0.01428,1.83,71000,0.0232,0.5844,0.4184,0.004116,0.422,0.5064,0.395,0.2662,0.2622,9.644,0.07458,0.0468,0.158,0.0689,0.208,0.06558,0.02332,0.1862,120,3.428,1,11.88,0.0012244,1,195,64.06,141.6,167.6,162,57.24,6.57e-06,2.408e-06,60.72,2.206e-06,74.988,1,110000.6,6.658,28.6,10.44,0.003978,31.4,105000,19360,0.00129
81.86,4692,0.3826,0.0443,0.01428,1.83,71000,0.0232,0.5844,0.4184,0.004116,0.422,0.5064,0.395,0.2662,0.2622,9.644,0.07458,0.05304,0.158,0.0689,0.208,0.06558,0.02332,0.1862,120,3.428,1,11.88,0.0012244,1,195,64.06,141.6,167.6,162,57.24,6.57e-06,2.408e-06,60.72,2.206e-06,74.988,1,110000.6,6.658,28.6,10.44,0.003978,31.4,105000,19360,0.00129
81.86,4692,0.3826,0.0443,0.01428,1.83,71000,0.0232,0.5844,0.4184,0.004116,0.422,0.5064,0.395,0.2662,0.2622,9.644,0.07458,0.05304,0.158,0.0611,0.208,0.06558,0.02332,0.1862,120,3.428,1,11.88,0.0012244,1,195,64.06,141.6,167.6,162,57.24,6.57e-06,2.408e-06,60.72,2.206e-06,74.988,1,110000.6,6.658,28.6,10.44,0.003978,31.4,105000,19360,0.00129
81.86,4692,0.3826,0.0443,0.01428,1.83,71000,0.0232,0.5844,0.4184,0.004116,0.422,0.5064,0.395,0.2662,0.2622,9.644,0.07458,0.05304,0.158,0.0611,0.208,0.06558,0.02332,0.1862,120,3.428,1,11.88,0.0012244,1,195,64.06,141.6,167.6,162,57.24,6.57e-06,2.408e-06,60.72,2.206e-06,74.988,1,275000,6.658,28.6,10.44,0.003978,31.4,105000,19360,0.00129
81.86,4692,0.3826,0.0443,0.01428,1.83,71000,0.0232,0.5844,0.4184,0.004116,0.422,0.5064,0.395,0.2662,0.2622,10.886,0.07458,0.05304,0.158,0.0611,0.208,0.06558,0.02332,0.1862,120,3.428,1,11.88,0.0012244,1,195,64.06,141.6,167.6,162,57.24,6.57e-06,2.408e-06,60.72,2.206e-06,74.988,1,275000,6.658,28.6,10.44,0.003978,31.4,105000,19360,0.00129
81.86,4692,0.3826,0.0443,0.01428,1.83,71000,0.0232,0.5844,0.4184,0.004116,0.422,0.5064,0.395,0.2662,0.2622,10.886,0.0837,0.05304,0.158,0.0611,0.208,0.06558,0.02332,0.1862,120,3.428,1,11.88,0.0012244,1,195,64.06,141.6,167.6,162,57.24,6.57e-06,2.408e-06,60.72,2.206e-06,74.988,1,275000,6.658,28.6,10.44,0.003978,31.4,105000,19360,0.00129
81.86,4692,0.3826,0.0443,0.01428,1.83,71000,0.0232,0.5844,0.4184,0.004116,0.422,0.5064,0.395,0.2662,0.2622,10.886,0.0837,0.05304,0.158,0.0611,0.208,0.06558,0.02332,0.1862,120,3.428,1,11.88,0.0012244,1,195,64.06,141.6,167.6,162,57.24,6.57e-06,2.408e-06,60.72,2.206e-06,74.988,1,275000,6.658,28.6,10.44,0.003978,31.4,42000.6,19360,0.00129
81.86,4692,0.3826,0.0443,0.01428,1.83,71000,0.0232,0.5844,0.4184,0.004116,0.422,0.5064,0.395,0.2662,0.2622,10.886,0.0837,0.05304,0.158,0.0611,0.208,0.06558,0.02332,0.1862,120,3.428,1,11.88,0.0012244,1,195,64.06,141.6,167.6,162,57.24,6.57e-06,2.408e-06,60.72,2.206e-06,74.988,1,275000,6.658,28.6,10.44,0.003978,31.4,42000.6,17140,0.00129
81.86,4692,0.3826,0.0443,0.01428,1.83,71000,0.0232,0.5844,0.4184,0.004116,0.422,0.5064,0.395,0.2662,0.2622,10.886,0.0837,0.05304,0.158,0.0611,0.208,0.06558,0.02332,0.149,120,3.428,1,11.88,0.0012244,1,195,64.06,141.6,167.6,162,57.24,6.57e-06,2.408e-06,60.72,2.206e-06,74.988,1,275000,6.658,28.6,10.44,0.003978,31.4,42000.6,17140,0.00129
81.86,4692,0.3826,0.0443,0.01428,1.83,71000,0.0232,0.5844,0.4184,0.004116,0.422,0.5064,0.395,0.2662,0.2622,10.886,0.0837,0.05304,0.158,0.0611,0.208,0.06558,0.02332,0.149,120,3.428,1,11.88,0.0012244,1,195,64.06,125.4,167.6,162,57.24,6.57e-06,2.408e-06,60.72,2.206e-06,74.988,1,275000,6.658,28.6,10.44,0.003978,31.4,42000.6,17140,0.00129
61.3,5416,0.353,0.0497,0.0154,0.74484,71000,0.0222,0.63,0.4012,0.004116,0.406,0.5064,0.379,0.255,0.2426,10.058,0.0837,0.0572,0.13,0.0637,0.184,0.06302,0.02156,0.211,58.56,3.156,1,11.88,0.0004488,1,212.6,59.02,136.2,174,183.6,64.56,7.458e-06,1.79e-06,44.58,3.184e-06,74.988,2640000.2,165000.4,6.658,35.5,10.44,0.003978,41.8,105000,18620,0.046832
61.3,5416,0.353,0.0497,0.0154,0.74484,71000,0.0222,0.63,0.4012,0.004116,0.406,0.5064,0.379,0.255,0.2426,10.058,0.0837,0.0572,0.13,0.0637,0.184,0.06302,0.02156,0.211,58.56,3.156,1,11.88,0.0004488,1,212.6,59.02,136.2,174,183.6,64.56,6.57e-06,1.79e-06,44.58,3.184e-06,74.988,2640000.2,165000.4,6.658,35.5,10.44,0.003978,41.8,105000,18620,0.046832
61.3,5416,0.353,0.0497,0.0154,0.74484,58400,0.0222,0.63,0.4012,0.004116,0.406,0.5064,0.379,0.255,0.2426,10.058,0.0837,0.0572,0.13,0.0637,0.184,0.06302,0.02156,0.211,58.56,3.156,1,11.88,0.0004488,1,212.6,59.02,136.2,174,183.6,64.56,6.57e-06,1.79e-06,44.58,3.184e-06,74.988,2640000.2,165000.4,6.658,35.5,10.44,0.003978,41.8,105000,18620,0.046832
61.3,5416,0.353,0.0497,0.0154,0.74484,58400,0.0222,0.63,0.4012,0.004116,0.406,0.5064,0.379,0.255,0.2426,10.058,0.0837,0.0572,0.13,0.0637,0.184,0.06302,0.02156,0.211,58.56,3.156,1,11.88,0.0004488,1,212.6,59.02,136.2,174,162,64.56,6.57e-06,1.79e-06,44.58,3.184e-06,74.988,2640000.2,165000.4,6.658,35.5,10.44,0.003978,41.8,105000,18620,0.046832
61.3,5416,0.353,0.0497,0.0154,0.74484,58400,0.0222,0.63,0.4012,0.004116,0.406,0.5064,0.379,0.255,0.2426,10.058,0.0837,0.0572,0.13,0.0637,0.184,0.06302,0.02156,0.1738,58.56,3.156,1,11.88,0.0004488,1,212.6,59.02,136.2,174,162,64.56,6.57e-06,1.79e-06,44.58,3.184e-06,74.988,2640000.2,165000.4,6.658,35.5,10.44,0.003978,41.8,105000,18620,0.046832
61.3,5416,0.353,0.0497,0.0154,0.74484,58400,0.0222,0.63,0.4012,0.004116,0.406,0.5064,0.379,0.255,0.2426,10.058,0.0837,0.0572,0.13,0.0637,0.184,0.06302,0.02156,0.1738,58.56,3.156,1,11.88,0.0004488,1,212.6,59.02,136.2,174,162,64.56,6.57e-06,1.79e-06,44.58,3.184e-06,74.988,2640000.2,165000.4,6.658,35.5,3.36,0.003978,41.8,105000,18620,0.046832
61.3,5416,0.353,0.0497,0.0154,0.74484,58400,0.0252,0.63,0.4012,0.004116,0.406,0.5064,0.379,0.255,0.2426,10.058,0.0837,0.0572,0.13,0.0637,0.184,0.06302,0.02156,0.1738,58.56,3.156,1,11.88,0.0004488,1,212.6,59.02,136.2,174,162,64.56,6.57e-06,1.79e-06,44.58,3.184e-06,74.988,2640000.2,165000.4,6.658,35.5,3.36,0.003978,41.8,105000,18620,0.046832
61.3,5416,0.353,0.0497,0.0154,0.74484,58400,0.0252,0.63,0.4012,0.004116,0.406,0.5064,0.379,0.255,0.2426,10.058,0.0837,0.0572,0.13,0.0637,0.184,0.06302,0.02156,0.1738,58.56,3.564,1,11.88,0.0004488,1,212.6,59.02,136.2,174,162,64.56,6.57e-06,1.79e-06,44.58,3.184e-06,74.988,2640000.2,165000.4,6.658,35.5,3.36,0.003978,41.8,105000,18620,0.046832
61.3,5416,0.353,0.0497,0.0154,0.74484,58400,0.0252,0.63,0.4012,0.004116,0.406,0.5064,0.379,0.255,0.2426,10.058,0.0837,0.0572,0.13,0.0715,0.184,0.06302,0.02156,0.1738,58.56,3.564,1,11.88,0.0004488,1,212.6,59.02,136.2,174,162,64.56,6.57e-06,1.79e-06,44.58,3.184e-06,74.988,2640000.2,165000.4,6.658,35.5,3.36,0.003978,41.8,105000,18620,0.046832
61.3,5416,0.353,0.0497,0.0154,0.74484,58400,0.0252,0.63,0.4012,0.004116,0.406,0.5064,0.379,0.255,0.2426,10.058,0.0837,0.0572,0.13,0.0715,0.184,0.06302,0.02156,0.1738,58.56,3.564,1728.4,11.88,0.0004488,1,212.6,59.02,136.2,174,162,64.56,6.57e-06,1.79e-06,44.58,3.184e-06,74.988,2640000.2,165000.4,6.658,35.5,3.36,0.003978,41.8,105000,18620,0.046832
61.3,5416,0.353,0.0497,0.0154,0.74484,58400,0.0252,0.63,0.4012,0.004116,0.406,0.5064,0.379,0.255,0.2426,10.058,0.0837,0.0572,0.13,0.0715,0.184,0.06302,0.02156,0.1738,58.56,3.564,1728.4,11.88,0.0004488,1,212.6,59.02,136.2,174,162,64.56,6.57e-06,1.79e-06,93,3.184e-06,74.988,2640000.2,165000.4,6.658,35.5,3.36,0.003978,41.8,105000,18620,0.046832
61.3,5416,0.353,0.0497,0.0154,0.74484,58400,0.0252,0.63,0.4012,0.004116,0.406,0.5064,0.379,0.255,0.2426,10.058,0.0837,0.0572,0.13,0.0715,0.184,0.06302,0.02156,0.1738,58.56,3.564,1728.4,11.88,0.0004488,1,212.6,59.02,136.2,174,162,64.56,6.57e-06,1.79e-06,93,3.184e-06,174,2640000.2,165000.4,6.658,35.5,3.36,0.003978,41.8,105000,18620,0.046832
61.3,5416,0.353,0.0497,0.0154,0.74484,58400,0.0252,0.63,0.4012,0.004116,0.406,0.5064,0.379,0.255,0.2426,10.058,0.0837,0.0572,0.13,0.0715,0.184,0.06302,0.02156,0.1738,58.56,3.564,1728.4,11.88,0.0004488,1,212.6,59.02,136.2,174,162,57.24,6.57e-06,1.79e-06,93,3.184e-06,174,2640000.2,165000.4,6.658,35.5,3.36,0.003978,41.8,105000,18620,0.046832
61.3,5416,0.353,0.0497,0.0154,0.74484,58400,0.0252,0.63,0.4012,0.00462,0.406,0.5064,0.379,0.255,0.2426,10.058,0.0837,0.0572,0.13,0.0715,0.184,0.06302,0.02156,0.1738,58.56,3.564,1728.4,11.88,0.0004488,1,212.6,59.02,136.2,174,162,57.24,6.57e-06,1.79e-06,93,3.184e-06,174,2640000.2,165000.4,6.658,35.5,3.36,0.003978,41.8,105000,18620,0.046832
61.3,5416,0.353,0.0497,0.0154,0.74484,58400,0.0252,0.63,0.4012,0.00462,0.406,0.5064,0.379,0.255,0.2426,10.058,0.0837,0.0572,0.13,0.0715,0.184,0.06302,0.02156,0.1738,58.56,3.564,1728.4,11.88,0.0004488,2.74,212.6,59.02,136.2,174,162,57.24,6.57e-06,1.79e-06,93,3.184e-06,174,2640000.2,165000.4,6.658,35.5,3.36,0.003978,41.8,105000,18620,0.046832
61.3,5416,0.353,0.0497,0.0154,0.74484,58400,0.0252,0.63,0.4012,0.00462,0.406,0.5064,0.379,0.255,0.2426,10.058,0.0837,0.0572,0.13,0.0715,0.184,0.06302,0.02156,0.1738,58.56,3.564,1728.4,11.88,0.0004488,2.74,212.6,59.02,136.2,174,162,57.24,6.57e-06,2.408e-06,93,3.184e-06,174,2640000.2,165000.4,6.658,35.5,3.36,0.003978,41.8,105000,18620,0.046832
61.3,5416,0.353,0.0497,0.0154,0.74484,58400,0.0252,0.63,0.4012,0.00462,0.406,0.5064,0.379,0.255,0.2426,10.058,0.0837,0.0572,0.13,0.0715,0.184,0.06302,0.02156,0.1738,58.56,3.564,1728.4,11.88,0.0004488,2.74,212.6,59.02,136.2,174,162,57.24,6.57e-06,2.408e-06,93,3.184e-06,174,2640000.2,165000.4,6.658,35.5,3.36,0.003978,73,105000,18620,0.046832
61.3,5416,0.353,0.0497,0.0154,0.74484,58400,0.0252,0.5616,0.4012,0.00462,0.406,0.5064,0.379,0.255,0.2426,10.058,0.0837,0.0572,0.13,0.0715,0.184,0.06302,0.02156,0.1738,58.56,3.564,1728.4,11.88,0.0004488,2.74,212.6,59.02,136.2,174,162,57.24,6.57e-06,2.408e-06,93,3.184e-06,174,2640000.2,165000.4,6.658,35.5,3.36,0.003978,73,105000,18620,0.046832
61.3,5416,0.353,0.0497,0.0154,0.74484,58400,0.0252,0.5616,0.4012,0.00462,0.406,0.5064,0.379,0.255,0.2426,10.058,0.0837,0.0572,0.13,0.0715,0.184,0.06302,0.02156,0.1738,58.56,3.564,1728.4,11.88,0.0004488,2.74,212.6,59.02,136.2,174,162,57.24,6.57e-06,2.408e-06,93,2.206e-06,174,2640000.2,165000.4,6.658,35.5,3.36,0.003978,73,105000,18620,0.046832
61.3,5416,0.353,0.0497,0.0154,0.74484,58400,0.0252,0.5616,0.4012,0.00462,0.406,0.5064,0.379,0.255,0.2426,10.058,0.0837,0.0572,0.13,0.0715,0.184,0.06302,0.02156,0.1738,58.56,3.564,1728.4,11.88,0.0004488,2.74,212.6,59.02,136.2,154.8,162,57.24,6.57e-06,2.408e-06,93,2.206e-06,174,2640000.2,165000.4,6.658,35.5,3.36,0.003978,73,105000,18620,0.046832
61.3,5416,0.353,0.0497,0.0154,0.74484,58400,0.0252,0.5616,0.4012,0.00462,0.406,0.5064,0.379,0.255,0.2426,10.058,0.0837,0.0572,0.13,0.0715,0.184,0.06302,0.02156,0.1738,58.56,3.564,1728.4,11.88,0.0004488,2.74,212.6,66.58,136.2,154.8,162,57.24,6.57e-06,2.408e-06,93,2.206e-06,174,2640000.2,165000.4,6.658,35.5,3.36,0.003978,73,105000,18620,0.046832
61.3,5416,0.353,0.0497,0.0154,0.74484,58400,0.0252,0.5616,0.4012,0.00462,0.406,0.5064,0.379,0.255,0.2426,10.058,0.0837,0.0572,0.13,0.0715,0.184,0.06302,0.02156,0.1738,58.56,3.564,1728.4,11.88,0.0004488,2.74,212.6,66.58,136.2,154.8,162,57.24,6.57e-06,2.408e-06,93,2.206e-06,174,2640000.2,165000.4,6.658,35.5,3.36,0.003978,73,105000,16400,0.046832
61.3,5416,0.353,0.0497,0.0154,0.74484,58400,0.0252,0.5616,0.4012,0.00462,0.406,0.5064,0.379,0.255,0.2426,11.3,0.0837,0.0572,0.13,0.0715,0.184,0.06302,0.02156,0.1738,58.56,3.564,1728.4,11.88,0.0004488,2.74,212.6,66.58,136.2,154.8,162,57.24,6.57e-06,2.408e-06,93,2.206e-06,174,2640000.2,165000.4,6.658,35.5,3.36,0.003978,73,105000,16400,0.046832
61.3,5416,0.353,0.0497,0.0154,0.74484,58400,0.0252,0.5616,0.4012,0.00462,0.406,0.5064,0.379,0.255,0.2426,11.3,0.0837,0.0572,0.13,0.0715,0.184,0.06302,0.02156,0.1738,58.56,3.564,1728.4,11.88,0.0004488,2.74,212.6,66.58,136.2,154.8,162,57.24,6.57e-06,2.408e-06,93,2.206e-06,174,2640000.2,165000.4,6.658,35.5,3.36,0.003978,73,105000,16400,0.183458
61.3,5416,0.353,0.0497,0.0154,0.74484,58400,0.0252,0.5616,0.4012,0.00462,0.406,0.5064,0.379,0.255,0.2426,11.3,0.0837,0.0572,0.13,0.0715,0.184,0.06302,0.02156,0.1738,58.56,3.564,1728.4,11.88,0.0004488,2.74,239,66.58,136.2,154.8,162,57.24,6.57e-06,2.408e-06,93,2.206e-06,174,2640000.2,165000.4,6.658,35.5,3.36,0.003978,73,105000,16400,0.183458
61.3,5416,0.353,0.0497,0.0154,0.74484,58400,0.0252,0.5616,0.4012,0.00462,0.406,0.5064,0.379,0.255,0.2426,11.3,0.0837,0.0572,0.13,0.0715,0.184,0.06302,0.02156,0.1738,58.56,3.564,1728.4,11.88,0.0004488,2.74,239,66.58,136.2,154.8,162,57.24,6.57e-06,2.408e-06,93,2.206e-06,174,2640000.2,165000.4,6.658,35.5,3.36,0.005022,73,105000,16400,0.183458
61.3,5416,0.353,0.0497,0.0154,0.74484,58400,0.0252,0.5616,0.4012,0.00462,0.406,0.5064,0.379,0.255,0.2426,11.3,0.0837,0.0572,0.13,0.0715,0.208,0.06302,0.02156,0.1738,58.56,3.564,1728.4,11.88,0.0004488,2.74,239,66.58,136.2,154.8,162,57.24,6.57e-06,2.408e-06,93,2.206e-06,174,2640000.2,165000.4,6.658,35.5,3.36,0.005022,73,105000,16400,0.183458
61.3,5416,0.4418,0.0497,0.0154,0.74484,58400,0.0252,0.5616,0.4012,0.00462,0.406,0.5064,0.379,0.255,0.2426,11.3,0.0837,0.0572,0.13,0.0715,0.208,0.06302,0.02156,0.1738,58.56,3.564,1728.4,11.88,0.0004488,2.74,239,66.58,136.2,154.8,162,57.24,6.57e-06,2.408e-06,93,2.206e-06,174,2640000.2,165000.4,6.658,35.5,3.36,0.005022,73,105000,16400,0.183458
61.3,5416,0.4418,0.0497,0.0154,0.74484,58400,0.0252,0.5616,0.4012,0.00462,0.406,0.5064,0.427,0.255,0.2426,11.3,0.0837,0.0572,0.13,0.0715,0.208,0.06302,0.02156,0.1738,58.56,3.564,1728.4,11.88,0.0004488,2.74,239,66.58,136.2,154.8,162,57.24,6.57e-06,2.408e-06,93,2.206e-06,174,2640000.2,165000.4,6.658,35.5,3.36,0.005022,73,105000,16400,0.183458
61.3,5416,0.4418,0.0497,0.0154,0.74484,58400,0.0252,0.5616,0.4012,0.00462,0.406,0.5706,0.427,0.255,0.2426,11.3,0.0837,0.0572,0.13,0.0715,0.208,0.06302,0.02156,0.1738,58.56,3.564,1728.4,11.88,0.0004488,2.74,239,66.58,136.2,154.8,162,57.24,6.57e-06,2.408e-06,93,2.206e-06,174,2640000.2,165000.4,6.658,35.5,3.36,0.005022,73,105000,16400,0.183458
61.3,5416,0.4418,0.0497,0.0154,0.74484,58400,0.0252,0.5616,0.4012,0.00462,0.406,0.5706,0.427,0.2886,0.2426,11.3,0.0837,0.0572,0.13,0.0715,0.208,0.06302,0.02156,0.1738,58.56,3.564,1728.4,11.88,0.0004488,2.74,239,66.58,136.2,154.8,162,57.24,6.57e-06,2.408e-06,93,2.206e-06,174,2640000.2,165000.4,6.658,35.5,3.36,0.005022,73,105000,16400,0.183458
61.3,5416,0.4418,0.0497,0.0154,0.74484,58400,0.0252,0.5616,0.4012,0.00462,0.406,0.5706,0.427,0.2886,0.2426,11.3,0.0837,0.0572,0.13,0.0715,0.208,0.06302,0.02156,0.1738,58.56,3.564,1728.4,11.88,0.0004488,2.74,239,66.58,136.2,154.8,162,57.24,6.57e-06,2.408e-06,93,2.206e-06,174,660000.8,165000.4,6.658,35.5,3.36,0.005022,73,105000,16400,0.183458
61.3,5416,0.4418,0.0497,0.0154,0.74484,58400,0.0252,0.5616,0.4528,0.00462,0.406,0.5706,0.427,0.2886,0.2426,11.3,0.0837,0.0572,0.13,0.0715,0.208,0.06302,0.02156,0.1738,58.56,3.564,1728.4,11.88,0.0004488,2.74,239,66.58,136.2,154.8,162,57.24,6.57e-06,2.408e-06,93,2.206e-06,174,660000.8,165000.4,6.658,35.5,3.36,0.005022,73,105000,16400,0.183458
61.3,5416,0.4418,0.0497,0.0154,0.74484,58400,0.0252,0.5616,0.4528,0.00462,0.406,0.5706,0.427,0.2886,0.2426,11.3,0.0837,0.0572,0.13,0.0715,0.208,0.06302,0.02156,0.1738,58.56,3.564,1728.4,11.88,0.0004488,2.74,239,66.58,136.2,154.8,162,57.24,6.57e-06,2.408e-06,93,2.206e-06,174,660000.8,165000.4,6.658,14.8,3.36,0.005022,73,105000,16400,0.183458
61.3,5416,0.4418,0.0443,0.0154,0.74484,58400,0.0252,0.5616,0.4528,0.00462,0.406,0.5706,0.427,0.2886,0.2426,11.3,0.0837,0.0572,0.13,0.0715,0.208,0.06302,0.02156,0.1738,58.56,3.564,1728.4,11.88,0.0004488,2.74,239,66.58,136.2,154.8,162,57.24,6.57e-06,2.408e-06,93,2.206e-06,174,660000.8,165000.4,6.658,14.8,3.36,0.005022,73,105000,16400,0.183458
61.3,5416,0.4418,0.0443,0.0154,0.74484,58400,0.0252,0.5616,0.4528,0.00462,0.406,0.5706,0.427,0.2886,0.2426,11.3,0.07458,0.0572,0.13,0.0715,0.208,0.06302,0.02156,0.1738,58.56,3.564,1728.4,11.88,0.0004488,2.74,239,66.58,136.2,154.8,162,57.24,6.57e-06,2.408e-06,93,2.206e-06,174,660000.8,165000.4,6.658,14.8,3.36,0.005022,73,105000,16400,0.183458
61.3,5416,0.4418,0.0443,0.01372,0.74484,58400,0.0252,0.5616,0.4528,0.00462,0.406,0.5706,0.427,0.2886,0.2426,11.3,0.07458,0.0572,0.13,0.0715,0.208,0.06302,0.02156,0.1738,58.56,3.564,1728.4,11.88,0.0004488,2.74,239,66.58,136.2,154.8,162,57.24,6.57e-06,2.408e-06,93,2.206e-06,174,660000.8,165000.4,6.658,14.8,3.36,0.005022,73,105000,16400,0.183458
61.3,5416,0.4418,0.0443,0.01372,0.74484,58400,0.0252,0.5616,0.4528,0.00462,0.406,0.5706,0.427,0.2886,0.2426,11.3,0.07458,0.0572,0.13,0.0715,0.208,0.06302,0.0242,0.1738,58.56,3.564,1728.4,11.88,0.0004488,2.74,239,66.58,136.2,154.8,162,57.24,6.57e-06,2.408e-06,93,2.206e-06,174,660000.8,165000.4,6.658,14.8,3.36,0.005022,73,105000,16400,0.183458
76.72,5416,0.4418,0.0443,0.01372,0.74484,58400,0.0252,0.5616,0.4528,0.00462,0.406,0.5706,0.427,0.2886,0.2426,11.3,0.07458,0.0572,0.13,0.0715,0.208,0.06302,0.0242,0.1738,58.56,3.564,1728.4,11.88,0.0004488,2.74,239,66.58,136.2,154.8,162,57.24,6.57e-06,2.408e-06,93,2.206e-06,174,660000.8,165000.4,6.658,14.8,3.36,0.005022,73,105000,16400,0.183458
76.72,4330,0.4418,0.0443,0.01372,0.74484,58400,0.0252,0.5616,0.4528,0.00462,0.406,0.5706,0.427,0.2886,0.2426,11.3,0.07458,0.0572,0.13,0.0715,0.208,0.06302,0.0242,0.1738,58.56,3.564,1728.4,11.88,0.0004488,2.74,239,66.58,136.2,154.8,162,57.24,6.57e-06,2.408e-06,93,2.206e-06,174,660000.8,165000.4,6.658,14.8,3.36,0.005022,73,105000,16400,0.183458
76.72,4330,0.4418,0.0443,0.01372,0.74484,58400,0.0252,0.5616,0.4528,0.00462,0.406,0.5706,0.427,0.2886,0.2426,11.3,0.07458,0.0572,0.13,0.0715,0.208,0.06302,0.0242,0.1738,58.56,3.564,1728.4,10.2,0.0004488,2.74,239,66.58,136.2,154.8,162,57.24,6.57e-06,2.408e-06,93,2.206e-06,174,660000.8,165000.4,6.658,14.8,3.36,0.005022,73,105000,16400,0.183458
76.72,4330,0.4418,0.0443,0.01372,0.74484,58400,0.0252,0.5616,0.4528,0.00462,0.358,0.5706,0.427,0.2886,0.2426,11.3,0.07458,0.0572,0.13,0.0715,0.208,0.06302,0.0242,0.1738,58.56,3.564,1728.4,10.2,0.0004488,2.74,239,66.58,136.2,154.8,162,57.24,6.57e-06,2.408e-06,93,2.206e-06,174,660000.8,165000.4,6.658,14.8,3.36,0.005022,73,105000,16400,0.183458
76.72,4330,0.4418,0.0443,0.01372,0.74484,58400,0.0252,0.5616,0.4528,0.00462,0.358,0.5706,0.427,0.2886,0.2426,11.3,0.07458,0.05096,0.13,0.0715,0.208,0.06302,0.0242,0.1738,58.56,3.564,1728.4,10.2,0.0004488,2.74,239,66.58,136.2,154.8,162,57.24,6.57e-06,2.408e-06,93,2.206e-06,174,660000.8,165000.4,6.658,14.8,3.36,0.005022,73,105000,16400,0.183458
76.72,4330,0.4418,0.0443,0.01372,0.74484,58400,0.0252,0.5616,0.4528,0.00462,0.358,0.5706,0.427,0.2886,0.2426,11.3,0.07458,0.05096,0.13,0.0715,0.208,0.06302,0.0242,0.1738,58.56,3.564,1728.4,10.2,0.0004488,2.74,239,66.58,120,154.8,162,57.24,6.57e-06,2.408e-06,93,2.206e-06,174,660000.8,165000.4,6.658,14.8,3.36,0.005022,73,105000,16400,0.183458
76.72,4330,0.4418,0.0443,0.01372,0.74484,58400,0.0252,0.5616,0.4528,0.00462,0.358,0.5706,0.427,0.2886,0.2426,11.3,0.07458,0.05096,0.13,0.0715,0.208,0.06302,0.0242,0.1738,104.64,3.564,1728.4,10.2,0.0004488,2.74,239,66.58,120,154.8,162,57.24,6.57e-06,2.408e-06,93,2.206e-06,174,660000.8,165000.4,6.658,14.8,3.36,0.005022,73,105000,16400,0.183458
76.72,4330,0.4418,0.0443,0.01372,0.74484,58400,0.0252,0.5616,0.4528,0.00462,0.358,0.5706,0.427,0.2886,0.2426,11.3,0.07458,0.05096,0.13,0.0715,0.208,0.06302,0.0242,0.1738,104.64,3.564,1728.4,10.2,0.0004488,2.74,239,66.58,120,154.8,162,57.24,6.57e-06,2.408e-06,93,2.206e-06,174,660000.8,1,6.658,14.8,3.36,0.005022,73,105000,16400,0.183458
76.72,4330,0.4418,0.0443,0.01372,0.74484,58400,0.0252,0.5616,0.4528,0.00462,0.358,0.5706,0.427,0.2886,0.2426,11.3,0.07458,0.05096,0.13,0.0715,0.208,0.06302,0.0242,0.1738,104.64,3.564,1728.4,10.2,0.0016122,2.74,239,66.58,120,154.8,162,57.24,6.57e-06,2.408e-06,93,2.206e-06,174,660000.8,1,6.658,14.8,3.36,0.005022,73,105000,16400,0.183458
76.72,4330,0.4418,0.0443,0.01372,0.74484,58400,0.0252,0.5616,0.4528,0.00462,0.358,0.5706,0.427,0.2886,0.2426,11.3,0.07458,0.05096,0.13,0.0715,0.208,0.06302,0.0242,0.1738,104.64,3.564,1728.4,10.2,0.0016122,2.74,239,66.58,120,154.8,162,57.24,6.57e-06,2.408e-06,93,2.206e-06,174,660000.8,1,6.658,14.8,3.36,0.005022,73,42000.6,16400,0.183458
76.72,4330,0.4418,0.0443,0.01372,1.83,58400,0.0252,0.5616,0.4528,0.00462,0.358,0.5706,0.427,0.2886,0.2426,11.3,0.07458,0.05096,0.13,0.0715,0.208,0.06302,0.0242,0.1738,104.64,3.564,1728.4,10.2,0.0016122,2.74,239,66.58,120,154.8,162,57.24,6.57e-06,2.408e-06,93,2.206e-06,174,660000.8,1,6.658,14.8,3.36,0.005022,73,42000.6,16400,0.183458
76.72,4330,0.4418,0.0443,0.01372,1.83,58400,0.0252,0.5616,0.4528,0.00462,0.358,0.5706,0.427,0.2886,0.2426,11.3,0.07458,0.05096,0.1468,0.0715,0.208,0.06302,0.0242,0.1738,104.64,3.564,1728.4,10.2,0.0016122,2.74,239,66.58,120,154.8,162,57.24,6.57e-06,2.408e-06,93,2.206e-06,174,660000.8,1,6.658,14.8,3.36,0.005022,73,42000.6,16400,0.183458
76.72,4330,0.4418,0.0443,0.01372,1.83,58400,0.0252,0.5616,0.4528,0.00462,0.358,0.5706,0.427,0.2886,0.272,11.3,0.07458,0.05096,0.1468,0.0715,0.208,0.06302,0.0242,0.1738,104.64,3.564,1728.4,10.2,0.0016122,2.74,239,66.58,120,154.8,162,57.24,6.57e-06,2.408e-06,93,2.206e-06,174,660000.8,1,6.658,14.8,3.36,0.005022,73,42000.6,16400,0.183458
76.72,4330,0.4418,0.0443,0.01372,1.83,58400,0.0252,0.5616,0.4528,0.00462,0.358,0.5706,0.427,0.2886,0.272,11.3,0.07458,0.05096,0.1468,0.0715,0.208,0.0707,0.0242,0.1738,104.64,3.564,1728.4,10.2,0.0016122,2.74,239,66.58,120,154.8,162,57.24,6.57e-06,2.408e-06,93,2.206e-06,174,660000.8,1,6.658,14.8,3.36,0.005022,73,42000.6,16400,0.183458
76.72,4330,0.4418,0.0443,0.01372,1.83,58400,0.0252,0.5616,0.4528,0.00462,0.358,0.5706,0.427,0.2886,0.272,11.3,0.07458,0.05096,0.1468,0.0715,0.208,0.0707,0.0242,0.1738,104.64,3.564,1728.4,10.2,0.0016122,2.74,239,66.58,120,154.8,162,57.24,6.57e-06,2.408e-06,93,2.206e-06,174,660000.8,1,9.31,14.8,3.36,0.005022,73,42000.6,16400,0.183458
81.86,5416,0.501,0.0407,0.01372,0.0214,54200,0.0232,0.6072,0.4356,0.004284,0.39,0.592,0.411,0.311,0.2426,10.886,0.0685,0.05512,0.158,0.0637,0.208,0.06558,0.0198,0.1738,120,3.156,2880,11.88,0.002,2.74,239,61.54,147,154.8,162,54.8,6.57e-06,2.408e-06,28.44,3.51e-06,140.996,1,220000.2,5.774,28.6,3.36,0.00363,41.8,21000.8,20100,0.092374
81.86,5416,0.501,0.0407,0.01372,0.0214,54200,0.0232,0.6072,0.4356,0.004284,0.39,0.592,0.411,0.311,0.2426,10.886,0.0685,0.05512,0.158,0.0637,0.208,0.06558,0.0198,0.1738,120,3.156,2880,11.88,0.002,2.74,212.6,61.54,147,154.8,162,54.8,6.57e-06,2.408e-06,28.44,3.51e-06,140.996,1,220000.2,5.774,28.6,3.36,0.00363,41.8,21000.8,20100,0.092374
81.86,5416,0.501,0.0407,0.01372,0.0214,54200,0.0232,0.6072,0.4356,0.004284,0.39,0.592,0.411,0.311,0.2426,10.886,0.0685,0.05512,0.158,0.0637,0.208,0.06558,0.0198,0.1738,120,3.156,2880,11.88,0.002,2.74,212.6,61.54,147,154.8,183.6,54.8,6.57e-06,2.408e-06,28.44,3.51e-06,140.996,1,220000.2,5.774,28.6,3.36,0.00363,41.8,21000.8,20100,0.092374
81.86,5416,0.501,0.0407,0.01372,0.0214,54200,0.0232,0.6072,0.4356,0.004284,0.39,0.592,0.411,0.311,0.2426,10.886,0.0685,0.05512,0.158,0.0637,0.208,0.06558,0.0198,0.1738,120,3.156,2880,11.88,0.002,2.74,212.6,61.54,147,174,183.6,54.8,6.57e-06,2.408e-06,28.44,3.51e-06,140.996,1,220000.2,5.774,28.6,3.36,0.00363,41.8,21000.8,20100,0.092374
81.86,5416,0.501,0.0407,0.01372,0.0214,54200,0.0232,0.6072,0.4356,0.004284,0.39,0.592,0.411,0.311,0.2426,10.886,0.0685,0.05512,0.158,0.0637,0.208,0.06558,0.0198,0.1738,120,3.156,2880,11.88,0.002,2.74,212.6,61.54,147,174,183.6,54.8,6.57e-06,2.408e-06,28.44,3.51e-06,140.996,1,220000.2,5.774,28.6,3.36,0.00363,41.8,21000.8,17880,0.092374
81.86,5416,0.501,0.0407,0.01372,0.0214,54200,0.0232,0.6072,0.4356,0.004284,0.39,0.592,0.363,0.311,0.2426,10.886,0.0685,0.05512,0.158,0.0637,0.208,0.06558,0.0198,0.1738,120,3.156,2880,11.88,0.002,2.74,212.6,61.54,147,174,183.6,54.8,6.57e-06,2.408e-06,28.44,3.51e-06,140.996,1,220000.2,5.774,28.6,3.36,0.00363,41.8,21000.8,17880,0.092374
81.86,5416,0.501,0.0407,0.01372,0.0214,54200,0.0232,0.6072,0.4356,0.004284,0.39,0.592,0.363,0.311,0.2426,10.886,0.0685,0.05512,0.158,0.0637,0.208,0.06558,0.0198,0.1738,120,3.156,2880,11.88,0.002,2.74,212.6,61.54,147,174,183.6,54.8,6.57e-06,2.408e-06,28.44,3.51e-06,140.996,1,55000.8,5.774,28.6,3.36,0.00363,41.8,21000.8,17880,0.092374
81.86,5416,0.501,0.0407,0.01372,0.0214,54200,0.0232,0.6072,0.4356,0.004284,0.39,0.592,0.363,0.311,0.2426,10.886,0.0685,0.05512,0.158,0.0637,0.208,0.06558,0.0198,0.1738,120,3.156,2880,11.88,0.002,2.74,212.6,61.54,147,174,183.6,62.12,6.57e-06,2.408e-06,28.44,3.51e-06,140.996,1,55000.8,5.774,28.6,3.36,0.00363,41.8,21000.8,17880,0.092374
81.86,5416,0.501,0.0407,0.01372,0.0214,54200,0.0232,0.6072,0.4356,0.004284,0.39,0.592,0.363,0.311,0.2426,10.886,0.0685,0.04888,0.158,0.0637,0.208,0.06558,0.0198,0.1738,120,3.156,2880,11.88,0.002,2.74,212.6,61.54,147,174,183.6,62.12,6.57e-06,2.408e-06,28.44,3.51e-06,140.996,1,55000.8,5.774,28.6,3.36,0.00363,41.8,21000.8,17880,0.092374
81.86,5416,0.501,0.0407,0.01372,0.0214,54200,0.0232,0.6072,0.4356,0.004284,0.39,0.592,0.363,0.311,0.2426,10.886,0.0685,0.04888,0.158,0.0637,0.208,0.06558,0.0198,0.1738,120,3.156,2880,11.88,0.002,2.74,212.6,61.54,147,174,183.6,62.12,6.57e-06,2.408e-06,28.44,3.51e-06,140.996,1,55000.8,5.774,7.9,3.36,0.00363,41.8,21000.8,17880,0.092374
81.86,5416,0.501,0.0407,0.01372,0.0214,54200,0.0232,0.6072,0.4356,0.004284,0.39,0.592,0.363,0.311,0.272,10.886,0.0685,0.04888,0.158,0.0637,0.208,0.06558,0.0198,0.1738,120,3.156,2880,11.88,0.002,2.74,212.6,61.54,147,174,183.6,62.12,6.57e-06,2.408e-06,28.44,3.51e-06,140.996,1,55000.8,5.774,7.9,3.36,0.00363,41.8,21000.8,17880,0.092374
81.86,5416,0.501,0.0407,0.01372,0.0214,54200,0.0232,0.6072,0.4356,0.004284,0.39,0.592,0.363,0.311,0.272,10.886,0.0685,0.04888,0.158,0.0637,0.208,0.06558,0.0198,0.1738,120,3.156,2880,11.88,0.002,2.74,212.6,61.54,147,174,183.6,62.12,6.57e-06,2.408e-06,28.44,3.51e-06,140.996,1,55000.8,5.774,7.9,3.36,0.00363,41.8,21000.8,17880,0.229
81.86,5416,0.501,0.0407,0.01372,0.0214,54200,0.0232,0.6072,0.4356,0.004284,0.39,0.592,0.363,0.311,0.272,10.886,0.0685,0.04888,0.158,0.0637,0.208,0.06558,0.0198,0.1738,120,3.564,2880,11.88,0.002,2.74,212.6,61.54,147,174,183.6,62.12,6.57e-06,2.408e-06,28.44,3.51e-06,140.996,1,55000.8,5.774,7.9,3.36,0.00363,41.8,21000.8,17880,0.229
81.86,5416,0.4122,0.0407,0.01372,0.0214,54200,0.0232,0.6072,0.4356,0.004284,0.39,0.592,0.363,0.311,0.272,10.886,0.0685,0.04888,0.158,0.0637,0.208,0.06558,0.0198,0.1738,120,3.564,2880,11.88,0.002,2.74,212.6,61.54,147,174,183.6,62.12,6.57e-06,2.408e-06,28.44,3.51e-06,140.996,1,55000.8,5.774,7.9,3.36,0.00363,41.8,21000.8,17880,0.229
81.86,5416,0.4122,0.0407,0.01372,0.0214,54200,0.0232,0.6072,0.4356,0.004284,0.39,0.592,0.363,0.311,0.272,10.886,0.0685,0.04888,0.158,0.0637,0.208,0.06558,0.0198,0.1738,120,3.564,2880,11.88,0.002,1,212.6,61.54,147,174,183.6,62.12,6.57e-06,2.408e-06,28.44,3.51e-06,140.996,1,55000.8,5.774,7.9,3.36,0.00363,41.8,21000.8,17880,0.229
81.86,5416,0.4122,0.0407,0.01372,0.0214,54200,0.0232,0.6072,0.4356,0.004284,0.438,0.592,0.363,0.311,0.272,10.886,0.0685,0.04888,0.158,0.0637,0.208,0.06558,0.0198,0.1738,120,3.564,2880,11.88,0.002,1,212.6,61.54,147,174,183.6,62.12,6.57e-06,2.408e-06,28.44,3.51e-06,140.996,1,55000.8,5.774,7.9,3.36,0.00363,41.8,21000.8,17880,0.229
81.86,5416,0.4122,0.0407,0.01372,0.0214,54200,0.0232,0.6072,0.4356,0.004284,0.438,0.592,0.363,0.311,0.272,10.886,0.0685,0.04888,0.158,0.0715,0.208,0.06558,0.0198,0.1738,120,3.564,2880,11.88,0.002,1,212.6,61.54,147,174,183.6,62.12,6.57e-06,2.408e-06,28.44,3.51e-06,140.996,1,55000.8,5.774,7.9,3.36,0.00363,41.8,21000.8,17880,0.229
81.86,5416,0.4122,0.0461,0.01372,0.0214,54200,0.0232,0.6072,0.4356,0.004284,0.438,0.592,0.363,0.311,0.272,10.886,0.0685,0.04888,0.158,0.0715,0.208,0.06558,0.0198,0.1738,120,3.564,2880,11.88,0.002,1,212.6,61.54,147,174,183.6,62.12,6.57e-06,2.408e-06,28.44,3.51e-06,140.996,1,55000.8,5.774,7.9,3.36,0.00363,41.8,21000.8,17880,0.229
81.86,5416,0.4122,0.0461,0.01372,0.0214,54200,0.0232,0.6072,0.4356,0.004284,0.438,0.592,0.363,0.311,0.272,10.886,0.0685,0.04888,0.1412,0.0715,0.208,0.06558,0.0198,0.1738,120,3.564,2880,11.88,0.002,1,212.6,61.54,147,174,183.6,62.12,6.57e-06,2.408e-06,28.44,3.51e-06,140.996,1,55000.8,5.774,7.9,3.36,0.00363,41.8,21000.8,17880,0.229
81.86,5416,0.4122,0.0461,0.01372,0.0214,54200,0.0232,0.6072,0.4356,0.004284,0.438,0.592,0.363,0.311,0.272,10.886,0.0685,0.04888,0.1412,0.0715,0.208,0.06558,0.0198,0.1738,73.92,3.564,2880,11.88,0.002,1,212.6,61.54,147,174,183.6,62.12,6.57e-06,2.408e-06,28.44,3.51e-06,140.996,1,55000.8,5.774,7.9,3.36,0.00363,41.8,21000.8,17880,0.229
81.86,5416,0.4122,0.0461,0.01372,0.0214,54200,0.0232,0.6072,0.4356,0.004284,0.438,0.592,0.363,0.311,0.272,10.886,0.0685,0.04888,0.1412,0.0715,0.208,0.06558,0.0198,0.1738,73.92,3.564,2880,11.88,0.002,1,212.6,61.54,147,174,183.6,62.12,6.57e-06,2.408e-06,28.44,3.51e-06,140.996,1,55000.8,5.774,7.9,3.36,0.00363,41.8,84000.2,17880,0.229
81.86,5416,0.4122,0.0461,0.01372,0.0214,54200,0.0232,0.6072,0.4356,0.004284,0.438,0.592,0.363,0.311,0.272,10.886,0.0685,0.04888,0.1412,0.0715,0.208,0.06558,0.0198,0.1738,73.92,3.564,1152.6,11.88,0.002,1,212.6,61.54,147,174,183.6,62.12,6.57e-06,2.408e-06,28.44,3.51e-06,140.996,1,55000.8,5.774,7.9,3.36,0.00363,41.8,84000.2,17880,0.229
81.86,5416,0.4122,0.0461,0.01372,0.0214,54200,0.0232,0.6072,0.4356,0.004284,0.438,0.592,0.363,0.311,0.272,10.886,0.0685,0.04888,0.1412,0.0715,0.208,0.06558,0.0198,0.1738,73.92,3.564,1152.6,11.88,0.002,1,212.6,61.54,147,174,183.6,62.12,6.57e-06,2.408e-06,28.44,3.51e-06,140.996,1,55000.8,8.426,7.9,3.36,0.00363,41.8,84000.2,17880,0.229
81.86,5416,0.4122,0.0461,0.01372,0.0214,54200,0.0232,0.5388,0.4356,0.004284,0.438,0.592,0.363,0.311,0.272,10.886,0.0685,0.04888,0.1412,0.0715,0.208,0.06558,0.0198,0.1738,73.92,3.564,1152.6,11.88,0.002,1,212.6,61.54,147,174,183.6,62.12,6.57e-06,2.408e-06,28.44,3.51e-06,140.996,1,55000.8,8.426,7.9,3.36,0.00363,41.8,84000.2,17880,0.229
81.86,5416,0.4122,0.0461,0.01372,0.0214,54200,0.0232,0.5388,0.4356,0.004284,0.438,0.592,0.363,0.311,0.272,10.886,0.0685,0.04888,0.1412,0.0715,0.208,0.06558,0.0198,0.1738,73.92,3.564,1152.6,11.88,0.002,1,212.6,61.54,147,174,183.6,62.12,7.458e-06,2.408e-06,28.44,3.51e-06,140.996,1,55000.8,8.426,7.9,3.36,0.00363,41.8,84000.2,17880,0.229
81.86,5416,0.4122,0.0461,0.01372,0.0214,54200,0.0232,0.5388,0.4356,0.004284,0.438,0.592,0.363,0.311,0.272,10.886,0.0685,0.04888,0.1412,0.0715,0.208,0.06558,0.02244,0.1738,73.92,3.564,1152.6,11.88,0.002,1,212.6,61.54,147,174,183.6,62.12,7.458e-06,2.408e-06,28.44,3.51e-06,140.996,1,55000.8,8.426,7.9,3.36,0.00363,41.8,84000.2,17880,0.229
81.86,5416,0.4122,0.0461,0.01372,0.0214,54200,0.0232,0.5388,0.4356,0.004284,0.438,0.5278,0.363,0.311,0.272,10.886,0.0685,0.04888,0.1412,0.0715,0.208,0.06558,0.02244,0.1738,73.92,3.564,1152.6,11.88,0.002,1,212.6,61.54,147,174,183.6,62.12,7.458e-06,2.408e-06,28.44,3.51e-06,140.996,1,55000.8,8.426,7.9,3.36,0.00363,41.8,84000.2,17880,0.229
81.86,5416,0.4122,0.0461,0.01372,0.0214,54200,0.0232,0.5388,0.384,0.004284,0.438,0.5278,0.363,0.311,0.272,10.886,0.0685,0.04888,0.1412,0.0715,0.208,0.06558,0.02244,0.1738,73.92,3.564,1152.6,11.88,0.002,1,212.6,61.54,147,174,183.6,62.12,7.458e-06,2.408e-06,28.44,3.51e-06,140.996,1,55000.8,8.426,7.9,3.36,0.00363,41.8,84000.2,17880,0.229
81.86,5416,0.4122,0.0461,0.01372,0.0214,54200,0.0262,0.5388,0.384,0.004284,0.438,0.5278,0.363,0.311,0.272,10.886,0.0685,0.04888,0.1412,0.0715,0.208,0.06558,0.02244,0.1738,73.92,3.564,1152.6,11.88,0.002,1,212.6,61.54,147,174,183.6,62.12,7.458e-06,2.408e-06,28.44,3.51e-06,140.996,1,55000.8,8.426,7.9,3.36,0.00363,41.8,84000.2,17880,0.229
81.86,5416,0.4122,0.0461,0.01372,0.0214,54200,0.0262,0.5388,0.384,0.004284,0.438,0.5278,0.363,0.311,0.272,10.886,0.0685,0.04888,0.1412,0.0715,0.208,0.06558,0.02244,0.1738,73.92,3.564,1152.6,11.88,0.002,1,212.6,61.54,147,174,183.6,62.12,7.458e-06,2.408e-06,28.44,2.532e-06,140.996,1,55000.8,8.426,7.9,3.36,0.00363,41.8,84000.2,17880,0.229
81.86,5416,0.4122,0.0461,0.01372,0.0214,54200,0.0262,0.5388,0.384,0.004284,0.438,0.5278,0.363,0.311,0.272,10.886,0.0685,0.04888,0.1412,0.0715,0.208,0.06558,0.02244,0.1738,73.92,3.564,1152.6,11.88,0.002,1,212.6,61.54,147,174,183.6,62.12,7.458e-06,2.408e-06,76.86,2.532e-06,140.996,1,55000.8,8.426,7.9,3.36,0.00363,41.8,84000.2,17880,0.229
81.86,5416,0.4122,0.0461,0.01372,1.10656,54200,0.0262,0.5388,0.384,0.004284,0.438,0.5278,0.363,0.311,0.272,10.886,0.0685,0.04888,0.1412,0.0715,0.208,0.06558,0.02244,0.1738,73.92,3.564,1152.6,11.88,0.002,1,212.6,61.54,147,174,183.6,62.12,7.458e-06,2.408e-06,76.86,2.532e-06,140.996,1,55000.8,8.426,7.9,3.36,0.00363,41.8,84000.2,17880,0.229
81.86,5416,0.4122,0.0461,0.01372,1.10656,54200,0.0262,0.5388,0.384,0.004284,0.438,0.5278,0.363,0.311,0.272,10.886,0.0685,0.04888,0.1412,0.0715,0.208,0.06558,0.02244,0.1738,73.92,3.564,1152.6,11.88,0.002,1,212.6,61.54,147,174,183.6,62.12,7.458e-06,2.408e-06,76.86,2.532e-06,41.984,1,55000.8,8.426,7.9,3.36,0.00363,41.8,84000.2,17880,0.229
81.86,4330,0.4122,0.0461,0.01372,1.10656,54200,0.0262,0.5388,0.384,0.004284,0.438,0.5278,0.363,0.311,0.272,10.886,0.0685,0.04888,0.1412,0.0715,0.208,0.06558,0.02244,0.1738,73.92,3.564,1152.6,11.88,0.002,1,212.6,61.54,147,174,183.6,62.12,7.458e-06,2.408e-06,76.86,2.532e-06,41.984,1,55000.8,8.426,7.9,3.36,0.00363,41.8,84000.2,17880,0.229
81.86,4330,0.4122,0.0461,0.01372,1.10656,54200,0.0262,0.5388,0.384,0.004284,0.438,0.5278,0.363,0.311,0.272,10.886,0.0685,0.04888,0.1412,0.0715,0.208,0.06558,0.02244,0.1738,73.92,3.564,1152.6,11.88,0.002,1,212.6,61.54,147,174,183.6,62.12,7.458e-06,1.79e-06,76.86,2.532e-06,41.984,1,55000.8,8.426,7.9,3.36,0.00363,41.8,84000.2,17880,0.229
81.86,4330,0.4122,0.0461,0.01372,1.10656,54200,0.0262,0.5388,0.384,0.004284,0.438,0.5278,0.363,0.311,0.272,10.886,0.0685,0.04888,0.1412,0.0715,0.208,0.06558,0.02244,0.1738,73.92,3.564,1152.6,11.88,0.002,1,212.6,61.54,147,174,183.6,62.12,7.458e-06,1.79e-06,76.86,2.532e-06,41.984,1980000.4,55000.8,8.426,7.9,3.36,0.00363,41.8,84000.2,17880,0.229
81.86,4330,0.4122,0.0461,0.01372,1.10656,54200,0.0262,0.5388,0.384,0.004284,0.438,0.5278,0.363,0.311,0.272,10.886,0.0685,0.04888,0.1412,0.0715,0.208,0.06558,0.02244,0.1738,73.92,3.564,1152.6,11.88,0.002,1,212.6,61.54,147,174,183.6,62.12,7.458e-06,1.79e-06,76.86,2.532e-06,41.984,1980000.4,55000.8,8.426,7.9,3.36,0.00363,73,84000.2,17880,0.229
81.86,4330,0.4122,0.0461,0.01372,1.10656,54200,0.0262,0.5388,0.384,0.004284,0.438,0.5278,0.363,0.311,0.272,9.644,0.0685,0.04888,0.1412,0.0715,0.208,0.06558,0.02244,0.1738,73.92,3.564,1152.6,11.88,0.002,1,212.6,61.54,147,174,183.6,62.12,7.458e-06,1.79e-06,76.86,2.532e-06,41.984,1980000.4,55000.8,8.426,7.9,3.36,0.00363,73,84000.2,17880,0.229
81.86,4330,0.4122,0.0461,0.01372,1.10656,54200,0.0262,0.5388,0.384,0.004284,0.438,0.5278,0.363,0.311,0.272,9.644,0.0685,0.04888,0.1412,0.0715,0.208,0.06558,0.02244,0.1738,73.92,3.564,1152.6,11.88,0.002,1,212.6,61.54,130.8,174,183.6,62.12,7.458e-06,1.79e-06,76.86,2.532e-06,41.984,1980000.4,55000.8,8.426,7.9,3.36,0.00363,73,84000.2,17880,0.229
81.86,4330,0.4122,0.0461,0.01372,1.10656,54200,0.0262,0.5388,0.384,0.004284,0.438,0.5278,0.363,0.311,0.272,9.644,0.0685,0.04888,0.1412,0.0715,0.208,0.06558,0.02244,0.1738,73.92,3.564,1152.6,11.88,0.002,1,212.6,61.54,130.8,174,183.6,62.12,7.458e-06,1.79e-06,76.86,2.532e-06,41.984,1980000.4,55000.8,8.426,7.9,10.44,0.00363,73,84000.2,17880,0.229
81.86,4330,0.4122,0.0461,0.01372,1.10656,54200,0.0262,0.5388,0.384,0.004284,0.438,0.5278,0.363,0.311,0.272,9.644,0.0685,0.04888,0.1412,0.0715,0.208,0.06558,0.02244,0.1738,73.92,3.564,1152.6,10.2,0.002,1,212.6,61.54,130.8,174,183.6,62.12,7.458e-06,1.79e-06,76.86,2.532e-06,41.984,1980000.4,55000.8,8.426,7.9,10.44,0.00363,73,84000.2,17880,0.229
81.86,4330,0.4122,0.0461,0.01372,1.10656,54200,0.0262,0.5388,0.384,0.00378,0.438,0.5278,0.363,0.311,0.272,9.644,0.0685,0.04888,0.1412,0.0715,0.208,0.06558,0.02244,0.1738,73.92,3.564,1152.6,10.2,0.002,1,212.6,61.54,130.8,174,183.6,62.12,7.458e-06,1.79e-06,76.86,2.532e-06,41.984,1980000.4,55000.8,8.426,7.9,10.44,0.00363,73,84000.2,17880,0.229
81.86,4330,0.4122,0.0461,0.01372,1.10656,54200,0.0262,0.5388,0.384,0.00378,0.438,0.5278,0.363,0.311,0.272,9.644,0.07762,0.04888,0.1412,0.0715,0.208,0.06558,0.02244,0.1738,73.92,3.564,1152.6,10.2,0.002,1,212.6,61.54,130.8,174,183.6,62.12,7.458e-06,1.79e-06,76.86,2.532e-06,41.984,1980000.4,55000.8,8.426,7.9,10.44,0.00363,73,84000.2,17880,0.229
66.44,4330,0.4122,0.0461,0.01372,1.10656,54200,0.0262,0.5388,0.384,0.00378,0.438,0.5278,0.363,0.311,0.272,9.644,0.07762,0.04888,0.1412,0.0715,0.208,0.06558,0.02244,0.1738,73.92,3.564,1152.6,10.2,0.002,1,212.6,61.54,130.8,174,183.6,62.12,7.458e-06,1.79e-06,76.86,2.532e-06,41.984,1980000.4,55000.8,8.426,7.9,10.44,0.00363,73,84000.2,17880,0.229
66.44,4330,0.4122,0.0461,0.01372,1.10656,54200,0.0262,0.5388,0.384,0.00378,0.438,0.5278,0.363,0.2774,0.272,9.644,0.07762,0.04888,0.1412,0.0715,0.208,0.06558,0.02244,0.1738,73.92,3.564,1152.6,10.2,0.002,1,212.6,61.54,130.8,174,183.6,62.12,7.458e-06,1.79e-06,76.86,2.532e-06,41.984,1980000.4,55000.8,8.426,7.9,10.44,0.00363,73,84000.2,17880,0.229
66.44,4330,0.4122,0.0461,0.01372,1.10656,66800,0.0262,0.5388,0.384,0.00378,0.438,0.5278,0.363,0.2774,0.272,9.644,0.07762,0.04888,0.1412,0.0715,0.208,0.06558,0.02244,0.1738,73.92,3.564,1152.6,10.2,0.002,1,212.6,61.54,130.8,174,183.6,62.12,7.458e-06,1.79e-06,76.86,2.532e-06,41.984,1980000.4,55000.8,8.426,7.9,10.44,0.00363,73,84000.2,17880,0.229
66.44,4330,0.4122,0.0461,0.0154,1.10656,66800,0.0262,0.5388,0.384,0.00378,0.438,0.5278,0.363,0.2774,0.272,9.644,0.07762,0.04888,0.1412,0.0715,0.208,0.06558,0.02244,0.1738,73.92,3.564,1152.6,10.2,0.002,1,212.6,61.54,130.8,174,183.6,62.12,7.458e-06,1.79e-06,76.86,2.532e-06,41.984,1980000.4,55000.8,8.426,7.9,10.44,0.00363,73,84000.2,17880,0.229
66.44,4330,0.4122,0.0461,0.0154,1.10656,66800,0.0262,0.5388,0.384,0.00378,0.438,0.5278,0.363,0.2774,0.272,9.644,0.07762,0.04888,0.1412,0.0715,0.184,0.06558,0.02244,0.1738,73.92,3.564,1152.6,10.2,0.002,1,212.6,61.54,130.8,174,183.6,62.12,7.458e-06,1.79e-06,76.86,2.532e-06,41.984,1980000.4,55000.8,8.426,7.9,10.44,0.00363,73,84000.2,17880,0.229
66.44,4330,0.4122,0.0461,0.0154,1.10656,66800,0.0262,0.5388,0.384,0.00378,0.438,0.5278,0.363,0.2774,0.272,9.644,0.07762,0.04888,0.1412,0.0715,0.184,0.0579,0.02244,0.1738,73.92,3.564,1152.6,10.2,0.002,1,212.6,61.54,130.8,174,183.6,62.12,7.458e-06,1.79e-06,76.86,2.532e-06,41.984,1980000.4,55000.8,8.426,7.9,10.44,0.00363,73,84000.2,17880,0.229
66.44,4330,0.4122,0.0461,0.0154,1.10656,66800,0.0262,0.5388,0.384,0.00378,0.438,0.5278,0.363,0.2774,0.272,9.644,0.07762,0.04888,0.1412,0.0715,0.184,0.0579,0.02244,0.1738,73.92,3.564,1152.6,10.2,0.002,1,212.6,61.54,130.8,174,183.6,62.12,7.458e-06,1.79e-06,76.86,2.532e-06,41.984,1980000.4,55000.8,8.426,7.9,10.44,0.004674,73,84000.2,17880,0.229
66.44,4330,0.4122,0.0461,0.0154,1.10656,66800,0.0262,0.5388,0.384,0.00378,0.438,0.5278,0.363,0.2774,0.272,9.644,0.07762,0.04888,0.1412,0.0715,0.184,0.0579,0.02244,0.1738,73.92,3.564,1152.6,10.2,0.0008366,1,212.6,61.54,130.8,174,183.6,62.12,7.458e-06,1.79e-06,76.86,2.532e-06,41.984,1980000.4,55000.8,8.426,7.9,10.44,0.004674,73,84000.2,17880,0.229
66.44,4330,0.4122,0.0461,0.0154,1.10656,66800,0.0262,0.5388,0.384,0.00378,0.438,0.5278,0.363,0.2774,0.272,9.644,0.07762,0.04888,0.1412,0.0715,0.184,0.0579,0.02244,0.1738,73.92,3.564,1152.6,10.2,0.0008366,1,212.6,69.1,130.8,174,183.6,62.12,7.458e-06,1.79e-06,76.86,2.532e-06,41.984,1980000.4,55000.8,8.426,7.9,10.44,0.004674,73,84000.2,17880,0.229
66.44,4330,0.4122,0.0461,0.0154,1.10656,66800,0.0262,0.5388,0.384,0.00378,0.438,0.5278,0.363,0.2774,0.272,9.644,0.07762,0.04888,0.1412,0.0715,0.184,0.0579,0.02244,0.211,73.92,3.564,1152.6,10.2,0.0008366,1,212.6,69.1,130.8,174,183.6,62.12,7.458e-06,1.79e-06,76.86,2.532e-06,41.984,1980000.4,55000.8,8.426,7.9,10.44,0.004674,73,84000.2,17880,0.229
66.44,5778,0.4714,0.0443,0.0154,0.74484,50000,0.0262,0.5844,0.47,0.004116,0.438,0.5278,0.443,0.2998,0.223,10.472,0.0837,0.05304,0.1356,0.0689,0.2,0.06814,0.02068,0.1986,73.92,3.428,576.8,10.76,0.0008366,2.16,203.8,69.1,147,142,176.4,57.24,7.458e-06,2.408e-06,60.72,2.858e-06,174,3300000,110000.6,9.31,1,10.44,0.005022,73,42000.6,17880,0.00129
66.44,5778,0.4714,0.0443,0.0154,0.74484,50000,0.0262,0.5844,0.47,0.004116,0.438,0.5278,0.443,0.2662,0.223,10.472,0.0837,0.05304,0.1356,0.0689,0.2,0.06814,0.02068,0.1986,73.92,3.428,576.8,10.76,0.0008366,2.16,203.8,69.1,147,142,176.4,57.24,7.458e-06,2.408e-06,60.72,2.858e-06,174,3300000,110000.6,9.31,1,10.44,0.005022,73,42000.6,17880,0.00129
66.44,5778,0.4714,0.0443,0.0154,0.74484,50000,0.0262,0.5844,0.47,0.004116,0.438,0.5278,0.443,0.2662,0.223,10.472,0.0837,0.05304,0.1356,0.0689,0.2,0.06814,0.02068,0.1986,73.92,3.428,576.8,10.76,0.0008366,2.16,203.8,69.1,147,142,176.4,57.24,7.458e-06,2.408e-06,60.72,2.858e-06,174,3300000,110000.6,9.31,1,10.44,0.005022,41.8,42000.6,17880,0.00129
66.44,5778,0.4714,0.0443,0.0154,0.74484,50000,0.0262,0.5844,0.47,0.004116,0.438,0.5278,0.443,0.2662,0.223,10.472,0.0837,0.05304,0.1356,0.0689,0.2,0.06814,0.02068,0.1986,73.92,3.428,576.8,10.76,0.0008366,2.16,203.8,69.1,147,142,176.4,57.24,7.458e-06,2.408e-06,60.72,2.858e-06,174,3300000,110000.6,9.31,1,3.36,0.005022,41.8,42000.6,17880,0.00129
66.44,5778,0.4714,0.0443,0.0154,0.74484,50000,0.0262,0.5844,0.47,0.004116,0.438,0.5278,0.443,0.2662,0.223,10.472,0.0837,0.05304,0.1356,0.0689,0.2,0.06814,0.02068,0.1986,73.92,3.428,576.8,10.76,0.0008366,2.16,203.8,69.1,147,142,176.4,57.24,7.458e-06,2.408e-06,60.72,2.858e-06,174,3300000,275000,9.31,1,3.36,0.005022,41.8,42000.6,17880,0.00129
66.44,5778,0.4714,0.0443,0.0154,0.74484,50000,0.0262,0.5844,0.47,0.004116,0.438,0.5278,0.443,0.2662,0.223,10.472,0.0837,0.05304,0.1356,0.0689,0.2,0.06814,0.02068,0.1986,73.92,3.428,576.8,10.76,0.0008366,2.16,203.8,69.1,147,142,176.4,57.24,7.458e-06,2.408e-06,60.72,2.858e-06,174,3300000,275000,9.31,1,3.36,0.005022,41.8,42000.6,17880,0.137916
66.44,5778,0.4714,0.0443,0.0154,0.74484,50000,0.0262,0.5844,0.47,0.004116,0.438,0.5278,0.443,0.2662,0.223,10.472,0.0837,0.05304,0.1356,0.0689,0.2,0.06814,0.02068,0.1986,73.92,3.428,576.8,10.76,0.0008366,2.16,203.8,69.1,147,142,198,57.24,7.458e-06,2.408e-06,60.72,2.858e-06,174,3300000,275000,9.31,1,3.36,0.005022,41.8,42000.6,17880,0.137916
81.86,5778,0.4714,0.0443,0.0154,0.74484,50000,0.0262,0.5844,0.47,0.004116,0.438,0.5278,0.443,0.2662,0.223,10.472,0.0837,0.05304,0.1356,0.0689,0.2,0.06814,0.02068,0.1986,73.92,3.428,576.8,10.76,0.0008366,2.16,203.8,69.1,147,142,198,57.24,7.458e-06,2.408e-06,60.72,2.858e-06,174,3300000,275000,9.31,1,3.36,0.005022,41.8,42000.6,17880,0.137916
81.86,5778,0.4714,0.0443,0.0154,0.74484,50000,0.0262,0.5844,0.47,0.004116,0.438,0.5278,0.443,0.2662,0.223,10.472,0.0837,0.05304,0.1356,0.0689,0.2,0.06814,0.02068,0.1986,73.92,3.428,576.8,10.76,0.0008366,3.9,203.8,69.1,147,142,198,57.24,7.458e-06,2.408e-06,60.72,2.858e-06,174,3300000,275000,9.31,1,3.36,0.005022,41.8,42000.6,17880,0.137916
81.86,5778,0.4714,0.0443,0.0154,0.74484,50000,0.0262,0.5844,0.47,0.004116,0.438,0.5278,0.443,0.2662,0.223,10.472,0.0837,0.05304,0.1356,0.0611,0.2,0.06814,0.02068,0.1986,73.92,3.428,576.8,10.76,0.0008366,3.9,203.8,69.1,147,142,198,57.24,7.458e-06,2.408e-06,60.72,2.858e-06,174,3300000,275000,9.31,1,3.36,0.005022,41.8,42000.6,17880,0.137916
81.86,5778,0.4714,0.0443,0.0154,0.74484,50000,0.0262,0.5844,0.47,0.004116,0.438,0.5278,0.443,0.2662,0.223,10.472,0.0837,0.05304,0.1356,0.0611,0.2,0.06814,0.02068,0.1986,73.92,3.428,576.8,10.76,0.0008366,3.9,203.8,69.1,130.8,142,198,57.24,7.458e-06,2.408e-06,60.72,2.858e-06,174,3300000,275000,9.31,1,3.36,0.005022,41.8,42000.6,17880,0.137916
81.86,5778,0.4714,0.0443,0.0154,0.74484,50000,0.0262,0.5844,0.47,0.004116,0.438,0.5278,0.443,0.2662,0.223,10.472,0.0837,0.05304,0.1356,0.0611,0.176,0.06814,0.02068,0.1986,73.92,3.428,576.8,10.76,0.0008366,3.9,203.8,69.1,130.8,142,198,57.24,7.458e-06,2.408e-06,60.72,2.858e-06,174,3300000,275000,9.31,1,3.36,0.005022,41.8,42000.6,17880,0.137916
81.86,5778,0.4714,0.0443,0.0154,0.74484,62600,0.0262,0.5844,0.47,0.004116,0.438,0.5278,0.443,0.2662,0.223,10.472,0.0837,0.05304,0.1356,0.0611,0.176,0.06814,0.02068,0.1986,73.92,3.428,576.8,10.76,0.0008366,3.9,203.8,69.1,130.8,142,198,57.24,7.458e-06,2.408e-06,60.72,2.858e-06,174,3300000,275000,9.31,1,3.36,0.005022,41.8,42000.6,17880,0.137916
81.86,5778,0.4714,0.0443,0.0154,0.74484,62600,0.0262,0.5844,0.47,0.004116,0.438,0.5278,0.443,0.2662,0.2524,10.472,0.0837,0.05304,0.1356,0.0611,0.176,0.06814,0.02068,0.1986,73.92,3.428,576.8,10.76,0.0008366,3.9,203.8,69.1,130.8,142,198,57.24,7.458e-06,2.408e-06,60.72,2.858e-06,174,3300000,275000,9.31,1,3.36,0.005022,41.8,42000.6,17880,0.137916
81.86,5778,0.4714,0.0443,0.0154,0.74484,62600,0.0262,0.5844,0.47,0.004116,0.438,0.5278,0.443,0.2662,0.2524,10.472,0.0837,0.05304,0.1356,0.0611,0.176,0.06046,0.02068,0.1986,73.92,3.428,576.8,10.76,0.0008366,3.9,203.8,69.1,130.8,142,198,57.24,7.458e-06,2.408e-06,60.72,2.858e-06,174,3300000,275000,9.31,1,3.36,0.005022,41.8,42000.6,17880,0.137916
81.86,5778,0.4714,0.0443,0.0154,0.74484,62600,0.0262,0.5844,0.47,0.004116,0.438,0.5278,0.443,0.2662,0.2524,10.472,0.0837,0.05304,0.1356,0.0611,0.176,0.06046,0.02068,0.1986,73.92,3.428,576.8,10.76,0.0008366,3.9,230.2,69.1,130.8,142,198,57.24,7.458e-06,2.408e-06,60.72,2.858e-06,174,3300000,275000,9.31,1,3.36,0.005022,41.8,42000.6,17880,0.137916
81.86,5778,0.4714,0.0443,0.0154,0.74484,62600,0.0262,0.5844,0.47,0.004116,0.438,0.5278,0.443,0.2662,0.2524,10.472,0.0837,0.05304,0.1356,0.0611,0.176,0.06046,0.02068,0.1986,73.92,3.428,576.8,10.76,0.0008366,3.9,230.2,69.1,130.8,142,198,57.24,7.458e-06,2.408e-06,60.72,2.858e-06,174,3300000,275000,9.31,1,3.36,0.005022,41.8,105000,17880,0.137916
81.86,5778,0.4714,0.0443,0.0154,0.74484,62600,0.0262,0.5844,0.47,0.004116,0.438,0.5278,0.443,0.2662,0.2524,10.472,0.0837,0.05304,0.1356,0.0611,0.176,0.06046,0.02332,0.1986,73.92,3.428,576.8,10.76,0.0008366,3.9,230.2,69.1,130.8,142,198,57.24,7.458e-06,2.408e-06,60.72,2.858e-06,174,3300000,275000,9.31,1,3.36,0.005022,41.8,105000,17880,0.137916
81.86,5778,0.4714,0.0443,0.0154,0.74484,62600,0.0262,0.5844,0.47,0.004116,0.438,0.592,0.443,0.2662,0.2524,10.472,0.0837,0.05304,0.1356,0.0611,0.176,0.06046,0.02332,0.1986,73.92,3.428,576.8,10.76,0.0008366,3.9,230.2,69.1,130.8,142,198,57.24,7.458e-06,2.408e-06,60.72,2.858e-06,174,3300000,275000,9.31,1,3.36,0.005022,41.8,105000,17880,0.137916
81.86,5778,0.4714,0.0443,0.01372,0.74484,62600,0.0262,0.5844,0.47,0.004116,0.438,0.592,0.443,0.2662,0.2524,10.472,0.0837,0.05304,0.1356,0.0611,0.176,0.06046,0.02332,0.1986,73.92,3.428,576.8,10.76,0.0008366,3.9,230.2,69.1,130.8,142,198,57.24,7.458e-06,2.408e-06,60.72,2.858e-06,174,3300000,275000,9.31,1,3.36,0.005022,41.8,105000,17880,0.137916
81.86,5778,0.4714,0.0443,0.01372,0.74484,62600,0.0262,0.5844,0.47,0.004116,0.438,0.592,0.395,0.2662,0.2524,10.472,0.0837,0.05304,0.1356,0.0611,0.176,0.06046,0.02332,0.1986,73.92,3.428,576.8,10.76,0.0008366,3.9,230.2,69.1,130.8,142,198,57.24,7.458e-06,2.408e-06,60.72,2.858e-06,174,3300000,275000,9.31,1,3.36,0.005022,41.8,105000,17880,0.137916
81.86,5778,0.4714,0.0443,0.01372,0.74484,62600,0.0262,0.5844,0.47,0.004116,0.438,0.592,0.395,0.2662,0.2524,10.472,0.07458,0.05304,0.1356,0.0611,0.176,0.06046,0.02332,0.1986,73.92,3.428,576.8,10.76,0.0008366,3.9,230.2,69.1,130.8,142,198,57.24,7.458e-06,2.408e-06,60.72,2.858e-06,174,3300000,275000,9.31,1,3.36,0.005022,41.8,105000,17880,0.137916
81.86,5778,0.4714,0.0443,0.01372,0.74484,62600,0.0262,0.5844,0.47,0.004116,0.438,0.592,0.395,0.2662,0.2524,10.472,0.07458,0.05304,0.1356,0.0611,0.176,0.06046,0.02332,0.1986,73.92,3.428,576.8,10.76,0.0008366,3.9,230.2,69.1,130.8,142,198,57.24,7.458e-06,1.79e-06,60.72,2.858e-06,174,3300000,275000,9.31,1,3.36,0.005022,41.8,105000,17880,0.137916
81.86,5778,0.4714,0.0443,0.01372,0.74484,62600,0.0262,0.5844,0.47,0.004116,0.438,0.592,0.395,0.2662,0.2524,10.472,0.07458,0.05304,0.1356,0.0611,0.176,0.06046,0.02332,0.1986,73.92,3.428,576.8,10.76,0.0008366,3.9,230.2,69.1,130.8,142,198,57.24,7.458e-06,1.79e-06,60.72,2.858e-06,174,3300000,275000,9.31,1,3.36,0.005022,41.8,105000,20100,0.137916
81.86,5778,0.4714,0.0443,0.01372,0.74484,62600,0.0262,0.5844,0.4184,0.004116,0.438,0.592,0.395,0.2662,0.2524,10.472,0.07458,0.05304,0.1356,0.0611,0.176,0.06046,0.02332,0.1986,73.92,3.428,576.8,10.76,0.0008366,3.9,230.2,69.1,130.8,142,198,57.24,7.458e-06,1.79e-06,60.72,2.858e-06,174,3300000,275000,9.31,1,3.36,0.005022,41.8,105000,20100,0.137916
81.86,5778,0.4714,0.0497,0.01372,0.74484,62600,0.0262,0.5844,0.4184,0.004116,0.438,0.592,0.395,0.2662,0.2524,10.472,0.07458,0.05304,0.1356,0.0611,0.176,0.06046,0.02332,0.1986,73.92,3.428,576.8,10.76,0.0008366,3.9,230.2,69.1,130.8,142,198,57.24,7.458e-06,1.79e-06,60.72,2.858e-06,174,3300000,275000,9.31,1,3.36,0.005022,41.8,105000,20100,0.137916
81.86,5778,0.4714,0.0497,0.01372,0.74484,62600,0.0262,0.5844,0.4184,0.004116,0.438,0.592,0.395,0.2662,0.2524,10.472,0.07458,0.05304,0.1356,0.0611,0.176,0.06046,0.02332,0.1986,73.92,3.428,576.8,10.76,0.0008366,3.9,230.2,69.1,130.8,142,198,57.24,7.458e-06,1.79e-06,60.72,2.858e-06,74.988,3300000,275000,9.31,1,3.36,0.005022,41.8,105000,20100,0.137916
81.86,5778,0.4714,0.0497,0.01372,0.74484,62600,0.0262,0.5844,0.4184,0.004116,0.438,0.592,0.395,0.2662,0.2524,10.472,0.07458,0.05304,0.1356,0.0611,0.176,0.06046,0.02332,0.1986,73.92,3.428,576.8,12.44,0.0008366,3.9,230.2,69.1,130.8,142,198,57.24,7.458e-06,1.79e-06,60.72,2.858e-06,74.988,3300000,275000,9.31,1,3.36,0.005022,41.8,105000,20100,0.137916
81.86,5778,0.4714,0.0497,0.01372,0.74484,62600,0.0262,0.5844,0.4184,0.004116,0.438,0.592,0.395,0.2662,0.2524,9.23,0.07458,0.05304,0.1356,0.0611,0.176,0.06046,0.02332,0.1986,73.92,3.428,576.8,12.44,0.0008366,3.9,230.2,69.1,130.8,142,198,57.24,7.458e-06,1.79e-06,60.72,2.858e-06,74.988,3300000,275000,9.31,1,3.36,0.005022,41.8,105000,20100,0.137916
81.86,5778,0.4714,0.0497,0.01372,0.74484,62600,0.0262,0.5844,0.4184,0.004116,0.438,0.592,0.395,0.2662,0.2524,9.23,0.07458,0.05304,0.1356,0.0611,0.176,0.06046,0.02332,0.1986,73.92,3.428,2304.2,12.44,0.0008366,3.9,230.2,69.1,130.8,142,198,57.24,7.458e-06,1.79e-06,60.72,2.858e-06,74.988,3300000,275000,9.31,1,3.36,0.005022,41.8,105000,20100,0.137916
81.86,5778,0.4714,0.0497,0.01372,0.74484,62600,0.0262,0.5844,0.4184,0.004116,0.438,0.592,0.395,0.2662,0.2524,9.23,0.07458,0.05304,0.1356,0.0611,0.176,0.06046,0.02332,0.1986,73.92,3.02,2304.2,12.44,0.0008366,3.9,230.2,69.1,130.8,142,198,57.24,7.458e-06,1.79e-06,60.72,2.858e-06,74.988,3300000,275000,9.31,1,3.36,0.005022,41.8,105000,20100,0.137916
81.86,5778,0.4714,0.0497,0.01372,0.74484,62600,0.0262,0.5844,0.4184,0.004116,0.438,0.592,0.395,0.2662,0.2524,9.23,0.07458,0.05304,0.1356,0.0611,0.176,0.06046,0.02332,0.1986,73.92,3.02,2304.2,12.44,0.0008366,3.9,230.2,69.1,130.8,142,198,64.56,7.458e-06,1.79e-06,60.72,2.858e-06,74.988,3300000,275000,9.31,1,3.36,0.005022,41.8,105000,20100,0.137916
81.86,5778,0.4714,0.0497,0.01372,0.74484,62600,0.0262,0.5844,0.4184,0.004116,0.438,0.592,0.395,0.2662,0.2524,9.23,0.07458,0.05304,0.1356,0.0611,0.176,0.06046,0.02332,0.1986,73.92,3.02,2304.2,12.44,0.0008366,3.9,230.2,69.1,130.8,142,198,64.56,6.57e-06,1.79e-06,60.72,2.858e-06,74.988,3300000,275000,9.31,1,3.36,0.005022,41.8,105000,20100,0.137916
81.86,5778,0.4714,0.0497,0.01372,1.83,62600,0.0262,0.5844,0.4184,0.004116,0.438,0.592,0.395,0.2662,0.2524,9.23,0.07458,0.05304,0.1356,0.0611,0.176,0.06046,0.02332,0.1986,73.92,3.02,2304.2,12.44,0.0008366,3.9,230.2,69.1,130.8,142,198,64.56,6.57e-06,1.79e-06,60.72,2.858e-06,74.988,3300000,275000,9.31,1,3.36,0.005022,41.8,105000,20100,0.137916
81.86,5778,0.4714,0.0497,0.01372,1.83,62600,0.0262,0.516,0.4184,0.004116,0.438,0.592,0.395,0.2662,0.2524,9.23,0.07458,0.05304,0.1356,0.0611,0.176,0.06046,0.02332,0.1986,73.92,3.02,2304.2,12.44,0.0008366,3.9,230.2,69.1,130.8,142,198,64.56,6.57e-06,1.79e-06,60.72,2.858e-06,74.988,3300000,275000,9.31,1,3.36,0.005022,41.8,105000,20100,0.137916
81.86,5778,0.4714,0.0497,0.01372,1.83,62600,0.0262,0.516,0.4184,0.004116,0.438,0.592,0.395,0.2662,0.2524,9.23,0.07458,0.05304,0.1356,0.0611,0.176,0.06046,0.02332,0.1986,73.92,3.02,2304.2,12.44,0.0008366,3.9,230.2,69.1,130.8,142,198,64.56,6.57e-06,1.79e-06,12.3,2.858e-06,74.988,3300000,275000,9.31,1,3.36,0.005022,41.8,105000,20100,0.137916
81.86,5778,0.4714,0.0497,0.01372,1.83,62600,0.0262,0.516,0.4184,0.004116,0.438,0.592,0.395,0.2662,0.2524,9.23,0.07458,0.0468,0.1356,0.0611,0.176,0.06046,0.02332,0.1986,73.92,3.02,2304.2,12.44,0.0008366,3.9,230.2,69.1,130.8,142,198,64.56,6.57e-06,1.79e-06,12.3,2.858e-06,74.988,3300000,275000,9.31,1,3.36,0.005022,41.8,105000,20100,0.137916
81.86,5778,0.4714,0.0497,0.01372,1.83,62600,0.0262,0.516,0.4184,0.004116,0.438,0.592,0.395,0.2662,0.2524,9.23,0.07458,0.0468,0.1356,0.0611,0.176,0.06046,0.02332,0.1986,73.92,3.02,2304.2,12.44,0.0008366,3.9,230.2,69.1,130.8,142,198,64.56,6.57e-06,1.79e-06,12.3,1.88e-06,74.988,3300000,275000,9.31,1,3.36,0.005022,41.8,105000,20100,0.137916
81.86,5778,0.4714,0.0497,0.01372,1.83,62600,0.0262,0.516,0.4184,0.004116,0.39,0.592,0.395,0.2662,0.2524,9.23,0.07458,0.0468,0.1356,0.0611,0.176,0.06046,0.02332,0.1986,73.92,3.02,2304.2,12.44,0.0008366,3.9,230.2,69.1,130.8,142,198,64.56,6.57e-06,1.79e-06,12.3,1.88e-06,74.988,3300000,275000,9.31,1,3.36,0.005022,41.8,105000,20100,0.137916
81.86,5778,0.4714,0.0497,0.01372,1.83,62600,0.0232,0.516,0.4184,0.004116,0.39,0.592,0.395,0.2662,0.2524,9.23,0.07458,0.0468,0.1356,0.0611,0.176,0.06046,0.02332,0.1986,73.92,3.02,2304.2,12.44,0.0008366,3.9,230.2,69.1,130.8,142,198,64.56,6.57e-06,1.79e-06,12.3,1.88e-06,74.988,3300000,275000,9.31,1,3.36,0.005022,41.8,105000,20100,0.137916
81.86,5778,0.4714,0.0497,0.01372,1.83,62600,0.0232,0.516,0.4184,0.004116,0.39,0.592,0.395,0.2662,0.2524,9.23,0.07458,0.0468,0.1356,0.0611,0.176,0.06046,0.02332,0.1986,73.92,3.02,2304.2,12.44,0.0008366,3.9,230.2,69.1,130.8,161.2,198,64.56,6.57e-06,1.79e-06,12.3,1.88e-06,74.988,3300000,275000,9.31,1,3.36,0.005022,41.8,105000,20100,0.137916
81.86,5778,0.4714,0.0497,0.01372,1.83,62600,0.0232,0.516,0.4184,0.004116,0.39,0.592,0.395,0.2662,0.2524,9.23,0.07458,0.0468,0.1356,0.0611,0.176,0.06046,0.02332,0.1986,73.92,3.02,2304.2,12.44,0.002,3.9,230.2,69.1,130.8,161.2,198,64.56,6.57e-06,1.79e-06,12.3,1.88e-06,74.988,3300000,275000,9.31,1,3.36,0.005022,41.8,105000,20100,0.137916
81.86,5778,0.4714,0.0497,0.01372,1.83,62600,0.0232,0.516,0.4184,0.004116,0.39,0.592,0.395,0.2662,0.2524,9.23,0.07458,0.0468,0.1356,0.0611,0.176,0.06046,0.02332,0.1986,73.92,3.02,2304.2,12.44,0.002,3.9,230.2,61.54,130.8,161.2,198,64.56,6.57e-06,1.79e-06,12.3,1.88e-06,74.988,3300000,275000,9.31,1,3.36,0.005022,41.8,105000,20100,0.137916
81.86,4692,0.4714,0.0497,0.01372,1.83,62600,0.0232,0.516,0.4184,0.004116,0.39,0.592,0.395,0.2662,0.2524,9.23,0.07458,0.0468,0.1356,0.0611,0.176,0.06046,0.02332,0.1986,73.92,3.02,2304.2,12.44,0.002,3.9,230.2,61.54,130.8,161.2,198,64.56,6.57e-06,1.79e-06,12.3,1.88e-06,74.988,3300000,275000,9.31,1,3.36,0.005022,41.8,105000,20100,0.137916
81.86,4692,0.4714,0.0497,0.01372,1.83,62600,0.0232,0.516,0.4184,0.004116,0.39,0.592,0.395,0.2662,0.2524,9.23,0.07458,0.0468,0.1356,0.0611,0.176,0.06046,0.02332,0.1986,73.92,3.02,2304.2,12.44,0.002,3.9,230.2,61.54,130.8,161.2,198,64.56,6.57e-06,1.79e-06,12.3,1.88e-06,74.988,3300000,275000,9.31,21.7,3.36,0.005022,41.8,105000,20100,0.137916
81.86,4692,0.3826,0.0497,0.01372,1.83,62600,0.0232,0.516,0.4184,0.004116,0.39,0.592,0.395,0.2662,0.2524,9.23,0.07458,0.0468,0.1356,0.0611,0.176,0.06046,0.02332,0.1986,73.92,3.02,2304.2,12.44,0.002,3.9,230.2,61.54,130.8,161.2,198,64.56,6.57e-06,1.79e-06,12.3,1.88e-06,74.988,3300000,275000,9.31,21.7,3.36,0.005022,41.8,105000,20100,0.137916
81.86,4692,0.3826,0.0497,0.01372,1.83,62600,0.0232,0.516,0.4184,0.004116,0.39,0.592,0.395,0.2662,0.2524,9.23,0.07458,0.0468,0.1356,0.0611,0.176,0.06046,0.02332,0.1986,120,3.02,2304.2,12.44,0.002,3.9,230.2,61.54,130.8,161.2,198,64.56,6.57e-06,1.79e-06,12.3,1.88e-06,74.988,3300000,275000,9.31,21.7,3.36,0.005022,41.8,105000,20100,0.137916
81.86,4692,0.3826,0.0497,0.01372,1.83,62600,0.0232,0.516,0.4184,0.00462,0.39,0.592,0.395,0.2662,0.2524,9.23,0.07458,0.0468,0.1356,0.0611,0.176,0.06046,0.02332,0.1986,120,3.02,2304.2,12.44,0.002,3.9,230.2,61.54,130.8,161.2,198,64.56,6.57e-06,1.79e-06,12.3,1.88e-06,74.988,3300000,275000,9.31,21.7,3.36,0.005022,41.8,105000,20100,0.137916
81.86,4692,0.3826,0.0497,0.01372,1.83,62600,0.0232,0.516,0.4184,0.00462,0.39,0.592,0.395,0.2662,0.2524,9.23,0.07458,0.0468,0.1356,0.0611,0.176,0.06046,0.02332,0.1614,120,3.02,2304.2,12.44,0.002,3.9,230.2,61.54,130.8,161.2,198,64.56,6.57e-06,1.79e-06,12.3,1.88e-06,74.988,3300000,275000,9.31,21.7,3.36,0.005022,41.8,105000,20100,0.137916
81.86,4692,0.3826,0.0497,0.01372,1.83,62600,0.0232,0.516,0.4184,0.00462,0.39,0.592,0.395,0.2662,0.2524,9.23,0.07458,0.0468,0.1524,0.0611,0.176,0.06046,0.02332,0.1614,120,3.02,2304.2,12.44,0.002,3.9,230.2,61.54,130.8,161.2,198,64.56,6.57e-06,1.79e-06,12.3,1.88e-06,74.988,3300000,275000,9.31,21.7,3.36,0.005022,41.8,105000,20100,0.137916
81.86,4692,0.3826,0.0497,0.01372,1.83,62600,0.0232,0.516,0.4184,0.00462,0.39,0.592,0.395,0.2662,0.2524,9.23,0.07458,0.0468,0.1524,0.0611,0.176,0.06046,0.02332,0.1614,120,3.02,2304.2,12.44,0.002,3.9,230.2,61.54,130.8,161.2,198,64.56,6.57e-06,1.79e-06,12.3,1.88e-06,74.988,1320000.6,275000,9.31,21.7,3.36,0.005022,41.8,105000,20100,0.137916
81.86,4692,0.3826,0.0497,0.01372,1.83,62600,0.0232,0.516,0.4184,0.00462,0.39,0.592,0.395,0.2662,0.2524,9.23,0.07458,0.0468,0.1524,0.0611,0.176,0.06046,0.02332,0.1614,120,3.02,2304.2,12.44,0.002,3.9,230.2,61.54,130.8,161.2,198,64.56,6.57e-06,1.79e-06,12.3,1.88e-06,74.988,1320000.6,275000,9.31,21.7,3.36,0.003978,41.8,105000,20100,0.137916
81.86,4692,0.3826,0.0497,0.01372,1.83,62600,0.0232,0.516,0.4184,0.00462,0.39,0.592,0.395,0.2662,0.2524,9.23,0.07458,0.0468,0.1524,0.0611,0.176,0.06046,0.02332,0.1614,120,3.02,2304.2,12.44,0.002,3.9,230.2,61.54,130.8,161.2,198,64.56,6.57e-06,1.79e-06,12.3,1.88e-06,74.988,1320000.6,275000,6.658,21.7,3.36,0.003978,41.8,105000,20100,0.137916
81.86,5054,0.501,0.0497,0.01428,0.38312,62600,0.0242,0.6072,0.47,0.004452,0.358,0.485,0.411,0.2886,0.2328,9.23,0.07762,0.04888,0.1468,0.0689,0.176,0.06558,0.0198,0.149,43.2,3.292,2880,12.44,0.0012244,2.16,203.8,64.06,120,142,176.4,57.24,7.458e-06,2.614e-06,12.3,2.532e-06,174,3300000,275000,6.658,21.7,8.08,0.004674,41.8,84000.2,16400,0.046832
81.86,5054,0.501,0.0497,0.01428,0.38312,62600,0.0242,0.6072,0.47,0.004452,0.358,0.485,0.411,0.2886,0.2328,9.23,0.07762,0.04888,0.1468,0.0689,0.176,0.06558,0.0198,0.149,43.2,3.292,2880,12.44,0.0012244,2.16,203.8,64.06,136.2,142,176.4,57.24,7.458e-06,2.614e-06,12.3,2.532e-06,174,3300000,275000,6.658,21.7,8.08,0.004674,41.8,84000.2,16400,0.046832
81.86,5054,0.501,0.0497,0.01428,0.38312,62600,0.0242,0.6072,0.47,0.004452,0.358,0.485,0.411,0.2886,0.2328,9.23,0.07762,0.04888,0.1468,0.0689,0.176,0.06558,0.0198,0.149,43.2,3.292,2880,12.44,0.0012244,2.16,203.8,64.06,136.2,142,176.4,57.24,7.458e-06,2.614e-06,12.3,2.532e-06,174,3300000,275000,9.31,21.7,8.08,0.004674,41.8,84000.2,16400,0.046832
81.86,5054,0.501,0.0497,0.01428,0.38312,62600,0.0242,0.6072,0.47,0.004452,0.358,0.485,0.411,0.2886,0.2328,9.23,0.07762,0.05512,0.1468,0.0689,0.176,0.06558,0.0198,0.149,43.2,3.292,2880,12.44,0.0012244,2.16,203.8,64.06,136.2,142,176.4,57.24,7.458e-06,2.614e-06,12.3,2.532e-06,174,3300000,275000,9.31,21.7,8.08,0.004674,41.8,84000.2,16400,0.046832
81.86,5054,0.501,0.0497,0.01428,0.38312,62600,0.0242,0.6072,0.47,0.004452,0.358,0.485,0.411,0.2886,0.2328,9.23,0.07762,0.05512,0.1468,0.0689,0.176,0.06558,0.0198,0.149,43.2,3.292,2880,12.44,0.0012244,2.16,203.8,64.06,136.2,142,176.4,57.24,7.458e-06,2.614e-06,12.3,2.532e-06,174,3300000,275000,9.31,21.7,8.08,0.004674,41.8,84000.2,16400,0.183458
81.86,5054,0.501,0.0497,0.01428,0.38312,62600,0.0242,0.6072,0.47,0.004452,0.358,0.485,0.411,0.2886,0.2328,9.23,0.07762,0.05512,0.1468,0.0689,0.176,0.06558,0.0198,0.149,43.2,3.292,2880,12.44,0.0012244,2.16,203.8,64.06,136.2,142,176.4,57.24,7.458e-06,2.614e-06,12.3,2.532e-06,174,3300000,275000,9.31,21.7,8.08,0.00363,41.8,84000.2,16400,0.183458
81.86,5054,0.501,0.0497,0.01428,0.38312,62600,0.0242,0.6072,0.47,0.004452,0.358,0.485,0.411,0.2886,0.2328,9.23,0.07762,0.05512,0.13,0.0689,0.176,0.06558,0.0198,0.149,43.2,3.292,2880,12.44,0.0012244,2.16,203.8,64.06,136.2,142,176.4,57.24,7.458e-06,2.614e-06,12.3,2.532e-06,174,3300000,275000,9.31,21.7,8.08,0.00363,41.8,84000.2,16400,0.183458
81.86,5054,0.501,0.0497,0.01428,0.38312,62600,0.0242,0.6072,0.47,0.004452,0.358,0.485,0.411,0.2886,0.2328,9.23,0.07762,0.05512,0.13,0.0689,0.176,0.06558,0.0198,0.149,43.2,3.292,2880,12.44,0.0012244,2.16,203.8,64.06,136.2,142,176.4,57.24,7.458e-06,2.614e-06,12.3,2.532e-06,174,3300000,275000,9.31,1,8.08,0.00363,41.8,84000.2,16400,0.183458
81.86,5054,0.501,0.0497,0.01428,0.38312,62600,0.0242,0.6072,0.47,0.004452,0.358,0.485,0.411,0.2886,0.2328,9.23,0.07762,0.05512,0.13,0.0689,0.2,0.06558,0.0198,0.149,43.2,3.292,2880,12.44,0.0012244,2.16,203.8,64.06,136.2,142,176.4,57.24,7.458e-06,2.614e-06,12.3,2.532e-06,174,3300000,275000,9.31,1,8.08,0.00363,41.8,84000.2,16400,0.183458
81.86,5054,0.501,0.0497,0.01428,0.38312,62600,0.0242,0.6072,0.47,0.004452,0.358,0.485,0.411,0.2886,0.2328,9.23,0.07762,0.05512,0.13,0.0689,0.2,0.06558,0.0198,0.149,43.2,3.292,2880,12.44,0.0012244,2.16,230.2,64.06,136.2,142,176.4,57.24,7.458e-06,2.614e-06,12.3,2.532e-06,174,3300000,275000,9.31,1,8.08,0.00363,41.8,84000.2,16400,0.183458
81.86,5054,0.501,0.0497,0.01428,1.46828,62600,0.0242,0.6072,0.47,0.004452,0.358,0.485,0.411,0.2886,0.2328,9.23,0.07762,0.05512,0.13,0.0689,0.2,0.06558,0.0198,0.149,43.2,3.292,2880,12.44,0.0012244,2.16,230.2,64.06,136.2,142,176.4,57.24,7.458e-06,2.614e-06,12.3,2.532e-06,174,3300000,275000,9.31,1,8.08,0.00363,41.8,84000.2,16400,0.183458
81.86,5054,0.501,0.0497,0.01428,1.46828,62600,0.0242,0.6072,0.47,0.004452,0.358,0.485,0.411,0.2886,0.2328,10.472,0.07762,0.05512,0.13,0.0689,0.2,0.06558,0.0198,0.149,43.2,3.292,2880,12.44,0.0012244,2.16,230.2,64.06,136.2,142,176.4,57.24,7.458e-06,2.614e-06,12.3,2.532e-06,174,3300000,275000,9.31,1,8.08,0.00363,41.8,84000.2,16400,0.183458
81.86,5054,0.501,0.0497,0.01428,1.46828,62600,0.0242,0.6072,0.47,0.004452,0.358,0.485,0.411,0.2886,0.2328,10.472,0.07762,0.05512,0.13,0.0689,0.2,0.06558,0.0198,0.149,43.2,3.292,2880,12.44,0.0012244,2.16,230.2,64.06,136.2,161.2,176.4,57.24,7.458e-06,2.614e-06,12.3,2.532e-06,174,3300000,275000,9.31,1,8.08,0.00363,41.8,84000.2,16400,0.183458
81.86,5054,0.501,0.0497,0.01428,1.46828,62600,0.0242,0.6072,0.47,0.004452,0.406,0.485,0.411,0.2886,0.2328,10.472,0.07762,0.05512,0.13,0.0689,0.2,0.06558,0.0198,0.149,43.2,3.292,2880,12.44,0.0012244,2.16,230.2,64.06,136.2,161.2,176.4,57.24,7.458e-06,2.614e-06,12.3,2.532e-06,174,3300000,275000,9.31,1,8.08,0.00363,41.8,84000.2,16400,0.183458
81.86,5054,0.501,0.0497,0.01428,1.46828,62600,0.0242,0.5388,0.47,0.004452,0.406,0.485,0.411,0.2886,0.2328,10.472,0.07762,0.05512,0.13,0.0689,0.2,0.06558,0.0198,0.149,43.2,3.292,2880,12.44,0.0012244,2.16,230.2,64.06,136.2,161.2,176.4,57.24,7.458e-06,2.614e-06,12.3,2.532e-06,174,3300000,275000,9.31,1,8.08,0.00363,41.8,84000.2,16400,0.183458
81.86,5054,0.501,0.0497,0.01428,1.46828,62600,0.0242,0.5388,0.47,0.004452,0.406,0.485,0.411,0.2886,0.2328,10.472,0.07762,0.05512,0.13,0.0689,0.2,0.06558,0.0198,0.149,43.2,3.292,2880,12.44,0.0012244,2.16,230.2,64.06,136.2,161.2,176.4,57.24,7.458e-06,2.614e-06,12.3,3.51e-06,174,3300000,275000,9.31,1,8.08,0.00363,41.8,84000.2,16400,0.183458
81.86,5054,0.501,0.0497,0.01428,1.46828,62600,0.0242,0.5388,0.47,0.004452,0.406,0.485,0.411,0.2886,0.2328,10.472,0.07762,0.05512,0.13,0.0689,0.2,0.06558,0.0198,0.149,43.2,3.292,2880,12.44,0.0012244,2.16,230.2,64.06,136.2,161.2,176.4,57.24,7.458e-06,2.614e-06,12.3,3.51e-06,174,3300000,275000,9.31,1,8.08,0.00363,41.8,84000.2,18620,0.183458
81.86,5054,0.501,0.0497,0.01428,1.46828,62600,0.0242,0.5388,0.47,0.004452,0.406,0.485,0.411,0.2886,0.2328,10.472,0.07762,0.05512,0.13,0.0689,0.2,0.06558,0.0198,0.149,43.2,3.292,1152.6,12.44,0.0012244,2.16,230.2,64.06,136.2,161.2,176.4,57.24,7.458e-06,2.614e-06,12.3,3.51e-06,174,3300000,275000,9.31,1,8.08,0.00363,41.8,84000.2,18620,0.183458
81.86,5054,0.501,0.0497,0.01428,1.46828,62600,0.0242,0.5388,0.47,0.004452,0.406,0.485,0.411,0.2886,0.2328,10.472,0.07762,0.05512,0.13,0.0689,0.2,0.06558,0.0198,0.149,43.2,3.292,1152.6,12.44,6.1e-05,2.16,230.2,64.06,136.2,161.2,176.4,57.24,7.458e-06,2.614e-06,12.3,3.51e-06,174,3300000,275000,9.31,1,8.08,0.00363,41.8,84000.2,18620,0.183458
81.86,5054,0.4122,0.0497,0.01428,1.46828,62600,0.0242,0.5388,0.47,0.004452,0.406,0.485,0.411,0.2886,0.2328,10.472,0.07762,0.05512,0.13,0.0689,0.2,0.06558,0.0198,0.149,43.2,3.292,1152.6,12.44,6.1e-05,2.16,230.2,64.06,136.2,161.2,176.4,57.24,7.458e-06,2.614e-06,12.3,3.51e-06,174,3300000,275000,9.31,1,8.08,0.00363,41.8,84000.2,18620,0.183458
81.86,5054,0.4122,0.0497,0.01428,1.46828,62600,0.0242,0.5388,0.47,0.004452,0.406,0.485,0.411,0.2886,0.2328,10.472,0.07762,0.05512,0.13,0.0689,0.2,0.06558,0.0198,0.149,43.2,3.292,1152.6,12.44,6.1e-05,2.16,230.2,64.06,136.2,161.2,176.4,57.24,7.458e-06,2.614e-06,12.3,3.51e-06,174,1320000.6,275000,9.31,1,8.08,0.00363,41.8,84000.2,18620,0.183458
81.86,5054,0.4122,0.0497,0.01428,1.46828,62600,0.0242,0.5388,0.47,0.004452,0.406,0.485,0.411,0.2886,0.2328,10.472,0.07762,0.05512,0.13,0.0689,0.2,0.06558,0.0198,0.149,43.2,3.292,1152.6,12.44,6.1e-05,2.16,230.2,64.06,136.2,161.2,176.4,57.24,7.458e-06,2.614e-06,60.72,3.51e-06,174,1320000.6,275000,9.31,1,8.08,0.00363,41.8,84000.2,18620,0.183458
81.86,5054,0.4122,0.0497,0.01428,1.46828,62600,0.0242,0.5388,0.47,0.004452,0.406,0.485,0.363,0.2886,0.2328,10.472,0.07762,0.05512,0.13,0.0689,0.2,0.06558,0.0198,0.149,43.2,3.292,1152.6,12.44,6.1e-05,2.16,230.2,64.06,136.2,161.2,176.4,57.24,7.458e-06,2.614e-06,60.72,3.51e-06,174,1320000.6,275000,9.31,1,8.08,0.00363,41.8,84000.2,18620,0.183458
81.86,5054,0.4122,0.0497,0.01428,1.46828,62600,0.0242,0.5388,0.47,0.004452,0.406,0.485,0.363,0.2886,0.2328,10.472,0.07762,0.05512,0.13,0.0689,0.2,0.06558,0.0198,0.149,43.2,3.292,1152.6,12.44,6.1e-05,2.16,230.2,64.06,136.2,161.2,176.4,57.24,7.458e-06,2.614e-06,60.72,3.51e-06,174,1320000.6,110000.6,9.31,1,8.08,0.00363,41.8,84000.2,18620,0.183458
81.86,5054,0.4122,0.0497,0.01428,1.46828,62600,0.0242,0.5388,0.47,0.004452,0.406,0.485,0.363,0.2886,0.2328,10.472,0.07762,0.05512,0.13,0.0689,0.2,0.06558,0.0198,0.149,43.2,3.292,1152.6,12.44,6.1e-05,2.16,230.2,64.06,136.2,161.2,176.4,57.24,7.458e-06,2.614e-06,60.72,3.51e-06,174,1320000.6,110000.6,9.31,1,8.08,0.00363,73,84000.2,18620,0.183458
81.86,5054,0.4122,0.0497,0.01428,1.46828,62600,0.0242,0.5388,0.47,0.004452,0.406,0.485,0.363,0.2886,0.2328,10.472,0.07762,0.05512,0.13,0.0689,0.2,0.06558,0.0198,0.149,43.2,3.292,1152.6,12.44,6.1e-05,3.9,230.2,64.06,136.2,161.2,176.4,57.24,7.458e-06,2.614e-06,60.72,3.51e-06,174,1320000.6,110000.6,9.31,1,8.08,0.00363,73,84000.2,18620,0.183458
81.86,5054,0.4122,0.0497,0.0126,1.46828,62600,0.0242,0.5388,0.47,0.004452,0.406,0.485,0.363,0.2886,0.2328,10.472,0.07762,0.05512,0.13,0.0689,0.2,0.06558,0.0198,0.149,43.2,3.292,1152.6,12.44,6.1e-05,3.9,230.2,64.06,136.2,161.2,176.4,57.24,7.458e-06,2.614e-06,60.72,3.51e-06,174,1320000.6,110000.6,9.31,1,8.08,0.00363,73,84000.2,18620,0.183458
81.86,5054,0.4122,0.0497,0.0126,1.46828,62600,0.0242,0.5388,0.47,0.004452,0.406,0.485,0.363,0.2886,0.2328,10.472,0.07762,0.05512,0.13,0.0689,0.2,0.06558,0.02244,0.149,43.2,3.292,1152.6,12.44,6.1e-05,3.9,230.2,64.06,136.2,161.2,176.4,57.24,7.458e-06,2.614e-06,60.72,3.51e-06,174,1320000.6,110000.6,9.31,1,8.08,0.00363,73,84000.2,18620,0.183458
81.86,5054,0.4122,0.0497,0.0126,1.46828,62600,0.0242,0.5388,0.47,0.004452,0.406,0.485,0.363,0.2886,0.2328,10.472,0.07762,0.05512,0.13,0.0689,0.2,0.06558,0.02244,0.149,89.28,3.292,1152.6,12.44,6.1e-05,3.9,230.2,64.06,136.2,161.2,176.4,57.24,7.458e-06,2.614e-06,60.72,3.51e-06,174,1320000.6,110000.6,9.31,1,8.08,0.00363,73,84000.2,18620,0.183458
81.86,5054,0.4122,0.0497,0.0126,1.46828,62600,0.0242,0.5388,0.47,0.003948,0.406,0.485,0.363,0.2886,0.2328,10.472,0.07762,0.05512,0.13,0.0689,0.2,0.06558,0.02244,0.149,89.28,3.292,1152.6,12.44,6.1e-05,3.9,230.2,64.06,136.2,161.2,176.4,57.24,7.458e-06,2.614e-06,60.72,3.51e-06,174,1320000.6,110000.6,9.31,1,8.08,0.00363,73,84000.2,18620,0.183458
81.86,5054,0.4122,0.0497,0.0126,1.46828,62600,0.0242,0.5388,0.47,0.003948,0.406,0.485,0.363,0.2886,0.2328,10.472,0.07762,0.05512,0.13,0.0689,0.2,0.0579,0.02244,0.149,89.28,3.292,1152.6,12.44,6.1e-05,3.9,230.2,64.06,136.2,161.2,176.4,57.24,7.458e-06,2.614e-06,60.72,3.51e-06,174,1320000.6,110000.6,9.31,1,8.08,0.00363,73,84000.2,18620,0.183458
81.86,5054,0.4122,0.0497,0.0126,1.46828,62600,0.0242,0.5388,0.47,0.003948,0.406,0.485,0.363,0.2886,0.2328,10.472,0.07762,0.05512,0.13,0.0689,0.2,0.0579,0.02244,0.149,89.28,3.292,1152.6,12.44,6.1e-05,3.9,230.2,64.06,136.2,161.2,176.4,57.24,7.458e-06,2.614e-06,60.72,3.51e-06,74.988,1320000.6,110000.6,9.31,1,8.08,0.00363,73,84000.2,18620,0.183458
81.86,5054,0.4122,0.0497,0.0126,1.46828,62600,0.0242,0.5388,0.47,0.003948,0.406,0.485,0.363,0.2886,0.2328,10.472,0.07762,0.05512,0.13,0.0689,0.2,0.0579,0.02244,0.149,89.28,3.292,1152.6,12.44,6.1e-05,3.9,230.2,64.06,136.2,161.2,176.4,57.24,7.458e-06,1.996e-06,60.72,3.51e-06,74.988,1320000.6,110000.6,9.31,1,8.08,0.00363,73,84000.2,18620,0.183458
81.86,5054,0.4122,0.0497,0.0126,1.46828,62600,0.0242,0.5388,0.47,0.003948,0.406,0.485,0.363,0.2886,0.2328,10.472,0.07762,0.05512,0.13,0.0689,0.2,0.0579,0.02244,0.149,89.28,3.292,1152.6,12.44,6.1e-05,3.9,230.2,56.5,136.2,161.2,176.4,57.24,7.458e-06,1.996e-06,60.72,3.51e-06,74.988,1320000.6,110000.6,9.31,1,8.08,0.00363,73,84000.2,18620,0.183458
81.86,5054,0.4122,0.0497,0.0126,1.46828,62600,0.0242,0.5388,0.47,0.003948,0.406,0.485,0.363,0.2886,0.2328,10.472,0.07762,0.05512,0.13,0.0689,0.2,0.0579,0.02244,0.149,89.28,3.292,1152.6,12.44,6.1e-05,3.9,230.2,56.5,136.2,161.2,198,57.24,7.458e-06,1.996e-06,60.72,3.51e-06,74.988,1320000.6,110000.6,9.31,1,8.08,0.00363,73,84000.2,18620,0.183458
81.86,5054,0.4122,0.0497,0.0126,1.46828,62600,0.0242,0.5388,0.47,0.003948,0.406,0.485,0.363,0.2886,0.2328,10.472,0.07762,0.05512,0.13,0.0689,0.2,0.0579,0.02244,0.149,89.28,3.7,1152.6,12.44,6.1e-05,3.9,230.2,56.5,136.2,161.2,198,57.24,7.458e-06,1.996e-06,60.72,3.51e-06,74.988,1320000.6,110000.6,9.31,1,8.08,0.00363,73,84000.2,18620,0.183458
81.86,5054,0.4122,0.0443,0.0126,1.46828,62600,0.0242,0.5388,0.47,0.003948,0.406,0.485,0.363,0.2886,0.2328,10.472,0.07762,0.05512,0.13,0.0689,0.2,0.0579,0.02244,0.149,89.28,3.7,1152.6,12.44,6.1e-05,3.9,230.2,56.5,136.2,161.2,198,57.24,7.458e-06,1.996e-06,60.72,3.51e-06,74.988,1320000.6,110000.6,9.31,1,8.08,0.00363,73,84000.2,18620,0.183458
81.86,5054,0.4122,0.0443,0.0126,1.46828,62600,0.0242,0.5388,0.47,0.003948,0.406,0.485,0.363,0.2886,0.2328,10.472,0.07762,0.05512,0.13,0.0689,0.2,0.0579,0.02244,0.149,89.28,3.7,1152.6,12.44,6.1e-05,3.9,230.2,56.5,136.2,161.2,198,64.56,7.458e-06,1.996e-06,60.72,3.51e-06,74.988,1320000.6,110000.6,9.31,1,8.08,0.00363,73,84000.2,18620,0.183458
81.86,5054,0.4122,0.0443,0.0126,1.46828,62600,0.0242,0.5388,0.47,0.003948,0.406,0.485,0.363,0.255,0.2328,10.472,0.07762,0.05512,0.13,0.0689,0.2,0.0579,0.02244,0.149,89.28,3.7,1152.6,12.44,6.1e-05,3.9,230.2,56.5,136.2,161.2,198,64.56,7.458e-06,1.996e-06,60.72,3.51e-06,74.988,1320000.6,110000.6,9.31,1,8.08,0.00363,73,84000.2,18620,0.183458
81.86,5054,0.4122,0.0443,0.0126,1.46828,62600,0.0242,0.5388,0.47,0.003948,0.406,0.485,0.363,0.255,0.2328,10.472,0.07762,0.05512,0.13,0.0689,0.2,0.0579,0.02244,0.149,89.28,3.7,1152.6,12.44,6.1e-05,3.9,230.2,56.5,136.2,161.2,198,64.56,7.458e-06,1.996e-06,60.72,3.51e-06,74.988,1320000.6,110000.6,9.31,1,1,0.00363,73,84000.2,18620,0.183458
81.86,6140,0.4122,0.0443,0.0126,1.46828,62600,0.0242,0.5388,0.47,0.003948,0.406,0.485,0.363,0.255,0.2328,10.472,0.07762,0.05512,0.13,0.0689,0.2,0.0579,0.02244,0.149,89.28,3.7,1152.6,12.44,6.1e-05,3.9,230.2,56.5,136.2,161.2,198,64.56,7.458e-06,1.996e-06,60.72,3.51e-06,74.988,1320000.6,110000.6,9.31,1,1,0.00363,73,84000.2,18620,0.183458
81.86,6140,0.4122,0.0443,0.0126,1.46828,62600,0.0242,0.5388,0.47,0.003948,0.406,0.485,0.363,0.255,0.2328,10.472,0.0685,0.05512,0.13,0.0689,0.2,0.0579,0.02244,0.149,89.28,3.7,1152.6,12.44,6.1e-05,3.9,230.2,56.5,136.2,161.2,198,64.56,7.458e-06,1.996e-06,60.72,3.51e-06,74.988,1320000.6,110000.6,9.31,1,1,0.00363,73,84000.2,18620,0.183458
81.86,6140,0.4122,0.0443,0.0126,1.46828,62600,0.0242,0.5388,0.47,0.003948,0.406,0.5492,0.363,0.255,0.2328,10.472,0.0685,0.05512,0.13,0.0689,0.2,0.0579,0.02244,0.149,89.28,3.7,1152.6,12.44,6.1e-05,3.9,230.2,56.5,136.2,161.2,198,64.56,7.458e-06,1.996e-06,60.72,3.51e-06,74.988,1320000.6,110000.6,9.31,1,1,0.00363,73,84000.2,18620,0.183458
81.86,6140,0.4122,0.0443,0.0126,1.46828,62600,0.0242,0.5388,0.47,0.003948,0.406,0.5492,0.363,0.255,0.2328,10.472,0.0685,0.05512,0.13,0.0611,0.2,0.0579,0.02244,0.149,89.28,3.7,1152.6,12.44,6.1e-05,3.9,230.2,56.5,136.2,161.2,198,64.56,7.458e-06,1.996e-06,60.72,3.51e-06,74.988,1320000.6,110000.6,9.31,1,1,0.00363,73,84000.2,18620,0.183458
81.86,6140,0.4122,0.0443,0.0126,1.46828,62600,0.0242,0.5388,0.47,0.003948,0.406,0.5492,0.363,0.255,0.2328,10.472,0.0685,0.05512,0.13,0.0611,0.2,0.0579,0.02244,0.149,89.28,3.7,1152.6,10.76,6.1e-05,3.9,230.2,56.5,136.2,161.2,198,64.56,7.458e-06,1.996e-06,60.72,3.51e-06,74.988,1320000.6,110000.6,9.31,1,1,0.00363,73,84000.2,18620,0.183458
81.86,6140,0.4122,0.0443,0.0126,1.46828,62600,0.0242,0.5388,0.4184,0.003948,0.406,0.5492,0.363,0.255,0.2328,10.472,0.0685,0.05512,0.13,0.0611,0.2,0.0579,0.02244,0.149,89.28,3.7,1152.6,10.76,6.1e-05,3.9,230.2,56.5,136.2,161.2,198,64.56,7.458e-06,1.996e-06,60.72,3.51e-06,74.988,1320000.6,110000.6,9.31,1,1,0.00363,73,84000.2,18620,0.183458
81.86,6140,0.4122,0.0443,0.0126,1.46828,62600,0.0242,0.5388,0.4184,0.003948,0.406,0.5492,0.363,0.255,0.2328,10.472,0.0685,0.05512,0.13,0.0611,0.2,0.0579,0.02244,0.149,89.28,3.7,1152.6,10.76,6.1e-05,3.9,230.2,56.5,136.2,161.2,198,64.56,6.57e-06,1.996e-06,60.72,3.51e-06,74.988,1320000.6,110000.6,9.31,1,1,0.00363,73,84000.2,18620,0.183458
81.86,6140,0.4122,0.0443,0.0126,1.46828,62600,0.0242,0.5388,0.4184,0.003948,0.406,0.5492,0.363,0.255,0.2622,10.472,0.0685,0.05512,0.13,0.0611,0.2,0.0579,0.02244,0.149,89.28,3.7,1152.6,10.76,6.1e-05,3.9,230.2,56.5,136.2,161.2,198,64.56,6.57e-06,1.996e-06,60.72,3.51e-06,74.988,1320000.6,110000.6,9.31,1,1,0.00363,73,84000.2,18620,0.183458
81.86,6140,0.4122,0.0443,0.0126,1.46828,50000,0.0242,0.5388,0.4184,0.003948,0.406,0.5492,0.363,0.255,0.2622,10.472,0.0685,0.05512,0.13,0.0611,0.2,0.0579,0.02244,0.149,89.28,3.7,1152.6,10.76,6.1e-05,3.9,230.2,56.5,136.2,161.2,198,64.56,6.57e-06,1.996e-06,60.72,3.51e-06,74.988,1320000.6,110000.6,9.31,1,1,0.00363,73,84000.2,18620,0.183458
81.86,6140,0.4122,0.0443,0.0126,1.46828,50000,0.0242,0.5388,0.4184,0.003948,0.406,0.5492,0.363,0.255,0.2622,10.472,0.0685,0.05512,0.13,0.0611,0.2,0.0579,0.02244,0.149,89.28,3.7,1152.6,10.76,6.1e-05,3.9,230.2,56.5,136.2,161.2,198,64.56,6.57e-06,1.996e-06,60.72,3.51e-06,74.988,1320000.6,110000.6,9.31,1,1,0.00363,73,21000.8,18620,0.183458
81.86,6140,0.4122,0.0443,0.0126,1.46828,50000,0.0272,0.5388,0.4184,0.003948,0.406,0.5492,0.363,0.255,0.2622,10.472,0.0685,0.05512,0.13,0.0611,0.2,0.0579,0.02244,0.149,89.28,3.7,1152.6,10.76,6.1e-05,3.9,230.2,56.5,136.2,161.2,198,64.56,6.57e-06,1.996e-06,60.72,3.51e-06,74.988,1320000.6,110000.6,9.31,1,1,0.00363,73,21000.8,18620,0.183458
66.44,6140,0.4122,0.0443,0.0126,1.46828,50000,0.0272,0.5388,0.4184,0.003948,0.406,0.5492,0.363,0.255,0.2622,10.472,0.0685,0.05512,0.13,0.0611,0.2,0.0579,0.02244,0.149,89.28,3.7,1152.6,10.76,6.1e-05,3.9,230.2,56.5,136.2,161.2,198,64.56,6.57e-06,1.996e-06,60.72,3.51e-06,74.988,1320000.6,110000.6,9.31,1,1,0.00363,73,21000.8,18620,0.183458
66.44,6140,0.4122,0.0443,0.0126,1.46828,50000,0.0272,0.5388,0.4184,0.003948,0.406,0.5492,0.363,0.255,0.2622,10.472,0.0685,0.05512,0.13,0.0611,0.2,0.0579,0.02244,0.1862,89.28,3.7,1152.6,10.76,6.1e-05,3.9,230.2,56.5,136.2,161.2,198,64.56,6.57e-06,1.996e-06,60.72,3.51e-06,74.988,1320000.6,110000.6,9.31,1,1,0.00363,73,21000.8,18620,0.183458
71.58,5778,0.4714,0.0425,0.0154,1.10656,58400,0.0232,0.5844,0.384,0.00378,0.39,0.5278,0.379,0.2774,0.2426,10.058,0.0837,0.05096,0.1412,0.0637,0.192,0.0707,0.0242,0.1614,120,3.7,2880,13,0.0008366,2.74,239,59.02,120,148.4,169.2,62.12,7.458e-06,2.408e-06,28.44,2.532e-06,140.996,3300000,220000.2,9.31,21.7,12.8,0.004674,62.6,21000.8,20100,0.183458
71.58,5778,0.4714,0.0425,0.0154,1.10656,58400,0.0232,0.5844,0.384,0.00378,0.39,0.5278,0.379,0.2774,0.2426,10.058,0.0837,0.05096,0.1412,0.0637,0.192,0.0707,0.0242,0.1614,120,3.7,2880,13,0.0008366,2.74,239,59.02,120,148.4,169.2,62.12,7.458e-06,2.408e-06,76.86,2.532e-06,140.996,3300000,220000.2,9.31,21.7,12.8,0.004674,62.6,21000.8,20100,0.183458
71.58,5778,0.4714,0.0425,0.0154,1.10656,58400,0.0232,0.5844,0.384,0.00378,0.39,0.5278,0.379,0.2774,0.2426,10.058,0.0837,0.05096,0.1412,0.0637,0.192,0.0707,0.0242,0.1614,120,3.7,2880,13,0.0008366,2.74,239,59.02,120,148.4,169.2,62.12,7.458e-06,2.408e-06,76.86,2.532e-06,140.996,3300000,220000.2,9.31,21.7,12.8,0.004674,62.6,21000.8,17880,0.183458
71.58,5778,0.4714,0.0425,0.0154,1.10656,71000,0.0232,0.5844,0.384,0.00378,0.39,0.5278,0.379,0.2774,0.2426,10.058,0.0837,0.05096,0.1412,0.0637,0.192,0.0707,0.0242,0.1614,120,3.7,2880,13,0.0008366,2.74,239,59.02,120,148.4,169.2,62.12,7.458e-06,2.408e-06,76.86,2.532e-06,140.996,3300000,220000.2,9.31,21.7,12.8,0.004674,62.6,21000.8,17880,0.183458
71.58,5778,0.4714,0.0425,0.0154,1.10656,71000,0.0232,0.5844,0.384,0.00378,0.39,0.5278,0.379,0.2774,0.2426,11.3,0.0837,0.05096,0.1412,0.0637,0.192,0.0707,0.0242,0.1614,120,3.7,2880,13,0.0008366,2.74,239,59.02,120,148.4,169.2,62.12,7.458e-06,2.408e-06,76.86,2.532e-06,140.996,3300000,220000.2,9.31,21.7,12.8,0.004674,62.6,21000.8,17880,0.183458
71.58,5778,0.4714,0.0425,0.0154,1.10656,71000,0.0232,0.516,0.384,0.00378,0.39,0.5278,0.379,0.2774,0.2426,11.3,0.0837,0.05096,0.1412,0.0637,0.192,0.0707,0.0242,0.1614,120,3.7,2880,13,0.0008366,2.74,239,59.02,120,148.4,169.2,62.12,7.458e-06,2.408e-06,76.86,2.532e-06,140.996,3300000,220000.2,9.31,21.7,12.8,0.004674,62.6,21000.8,17880,0.183458
71.58,5778,0.4714,0.0425,0.0154,1.10656,71000,0.0232,0.516,0.384,0.00378,0.39,0.5278,0.379,0.2774,0.2426,11.3,0.0837,0.05096,0.1412,0.0637,0.192,0.0707,0.02156,0.1614,120,3.7,2880,13,0.0008366,2.74,239,59.02,120,148.4,169.2,62.12,7.458e-06,2.408e-06,76.86,2.532e-06,140.996,3300000,220000.2,9.31,21.7,12.8,0.004674,62.6,21000.8,17880,0.183458
71.58,5778,0.4714,0.0425,0.0154,1.10656,71000,0.0232,0.516,0.384,0.004284,0.39,0.5278,0.379,0.2774,0.2426,11.3,0.0837,0.05096,0.1412,0.0637,0.192,0.0707,0.02156,0.1614,120,3.7,2880,13,0.0008366,2.74,239,59.02,120,148.4,169.2,62.12,7.458e-06,2.408e-06,76.86,2.532e-06,140.996,3300000,220000.2,9.31,21.7,12.8,0.004674,62.6,21000.8,17880,0.183458
71.58,5778,0.4714,0.0425,0.0154,1.10656,71000,0.0232,0.516,0.384,0.004284,0.39,0.5278,0.379,0.2774,0.2426,11.3,0.0837,0.05096,0.158,0.0637,0.192,0.0707,0.02156,0.1614,120,3.7,2880,13,0.0008366,2.74,239,59.02,120,148.4,169.2,62.12,7.458e-06,2.408e-06,76.86,2.532e-06,140.996,3300000,220000.2,9.31,21.7,12.8,0.004674,62.6,21000.8,17880,0.183458
71.58,5778,0.4714,0.0425,0.0154,1.10656,71000,0.0232,0.516,0.384,0.004284,0.438,0.5278,0.379,0.2774,0.2426,11.3,0.0837,0.05096,0.158,0.0637,0.192,0.0707,0.02156,0.1614,120,3.7,2880,13,0.0008366,2.74,239,59.02,120,148.4,169.2,62.12,7.458e-06,2.408e-06,76.86,2.532e-06,140.996,3300000,220000.2,9.31,21.7,12.8,0.004674,62.6,21000.8,17880,0.183458
71.58,5778,0.4714,0.0425,0.01372,1.10656,71000,0.0232,0.516,0.384,0.004284,0.438,0.5278,0.379,0.2774,0.2426,11.3,0.0837,0.05096,0.158,0.0637,0.192,0.0707,0.02156,0.1614,120,3.7,2880,13,0.0008366,2.74,239,59.02,120,148.4,169.2,62.12,7.458e-06,2.408e-06,76.86,2.532e-06,140.996,3300000,220000.2,9.31,21.7,12.8,0.004674,62.6,21000.8,17880,0.183458
71.58,5778,0.4714,0.0425,0.01372,1.10656,71000,0.0232,0.516,0.384,0.004284,0.438,0.5278,0.379,0.2774,0.2426,11.3,0.0837,0.05096,0.158,0.0637,0.192,0.0707,0.02156,0.1614,120,3.7,2880,13,0.0008366,2.74,239,59.02,136.2,148.4,169.2,62.12,7.458e-06,2.408e-06,76.86,2.532e-06,140.996,3300000,220000.2,9.31,21.7,12.8,0.004674,62.6,21000.8,17880,0.183458
71.58,5778,0.4714,0.0425,0.01372,1.10656,71000,0.0232,0.516,0.384,0.004284,0.438,0.5278,0.379,0.2774,0.2426,11.3,0.0837,0.05096,0.158,0.0637,0.192,0.0707,0.02156,0.1614,120,3.7,2880,13,0.0008366,2.74,239,59.02,136.2,167.6,169.2,62.12,7.458e-06,2.408e-06,76.86,2.532e-06,140.996,3300000,220000.2,9.31,21.7,12.8,0.004674,62.6,21000.8,17880,0.183458
71.58,5778,0.4714,0.0425,0.01372,1.10656,71000,0.0232,0.516,0.384,0.004284,0.438,0.592,0.379,0.2774,0.2426,11.3,0.0837,0.05096,0.158,0.0637,0.192,0.0707,0.02156,0.1614,120,3.7,2880,13,0.0008366,2.74,239,59.02,136.2,167.6,169.2,62.12,7.458e-06,2.408e-06,76.86,2.532e-06,140.996,3300000,220000.2,9.31,21.7,12.8,0.004674,62.6,21000.8,17880,0.183458
71.58,5778,0.4714,0.0425,0.01372,1.10656,71000,0.0232,0.516,0.384,0.004284,0.438,0.592,0.379,0.2774,0.2426,11.3,0.0837,0.05096,0.158,0.0637,0.192,0.0707,0.02156,0.1614,120,3.7,2880,13,0.0008366,2.74,239,59.02,136.2,167.6,169.2,62.12,7.458e-06,1.79e-06,76.86,2.532e-06,140.996,3300000,220000.2,9.31,21.7,12.8,0.004674,62.6,21000.8,17880,0.183458
71.58,5778,0.4714,0.0425,0.01372,1.10656,71000,0.0232,0.516,0.384,0.004284,0.438,0.592,0.379,0.2774,0.2426,11.3,0.0837,0.05096,0.158,0.0637,0.216,0.0707,0.02156,0.1614,120,3.7,2880,13,0.0008366,2.74,239,59.02,136.2,167.6,169.2,62.12,7.458e-06,1.79e-06,76.86,2.532e-06,140.996,3300000,220000.2,9.31,21.7,12.8,0.004674,62.6,21000.8,17880,0.183458
71.58,5778,0.4714,0.0425,0.01372,1.10656,71000,0.0232,0.516,0.384,0.004284,0.438,0.592,0.379,0.2774,0.2426,11.3,0.0837,0.05096,0.158,0.0637,0.216,0.06302,0.02156,0.1614,120,3.7,2880,13,0.0008366,2.74,239,59.02,136.2,167.6,169.2,62.12,7.458e-06,1.79e-06,76.86,2.532e-06,140.996,3300000,220000.2,9.31,21.7,12.8,0.004674,62.6,21000.8,17880,0.183458
71.58,5778,0.4714,0.0425,0.01372,1.10656,71000,0.0232,0.516,0.384,0.004284,0.438,0.592,0.379,0.2774,0.2426,11.3,0.0837,0.05096,0.158,0.0637,0.216,0.06302,0.02156,0.1614,120,3.7,2880,13,0.002,2.74,239,59.02,136.2,167.6,169.2,62.12,7.458e-06,1.79e-06,76.86,2.532e-06,140.996,3300000,220000.2,9.31,21.7,12.8,0.004674,62.6,21000.8,17880,0.183458
71.58,5778,0.4714,0.0479,0.01372,1.10656,71000,0.0232,0.516,0.384,0.004284,0.438,0.592,0.379,0.2774,0.2426,11.3,0.0837,0.05096,0.158,0.0637,0.216,0.06302,0.02156,0.1614,120,3.7,2880,13,0.002,2.74,239,59.02,136.2,167.6,169.2,62.12,7.458e-06,1.79e-06,76.86,2.532e-06,140.996,3300000,220000.2,9.31,21.7,12.8,0.004674,62.6,21000.8,17880,0.183458
71.58,5778,0.4714,0.0479,0.01372,1.10656,71000,0.0232,0.516,0.384,0.004284,0.438,0.592,0.379,0.2774,0.2426,11.3,0.0837,0.05096,0.158,0.0637,0.216,0.06302,0.02156,0.1614,120,3.7,2880,13,0.002,2.74,239,59.02,136.2,167.6,169.2,62.12,7.458e-06,1.79e-06,76.86,2.532e-06,140.996,3300000,220000.2,9.31,21.7,12.8,0.004674,31.4,21000.8,17880,0.183458
71.58,5778,0.4714,0.0479,0.01372,1.10656,71000,0.0232,0.516,0.384,0.004284,0.438,0.592,0.379,0.2774,0.2426,11.3,0.07458,0.05096,0.158,0.0637,0.216,0.06302,0.02156,0.1614,120,3.7,2880,13,0.002,2.74,239,59.02,136.2,167.6,169.2,62.12,7.458e-06,1.79e-06,76.86,2.532e-06,140.996,3300000,220000.2,9.31,21.7,12.8,0.004674,31.4,21000.8,17880,0.183458
71.58,5778,0.4714,0.0479,0.01372,1.10656,71000,0.0232,0.516,0.384,0.004284,0.438,0.592,0.379,0.2774,0.2426,11.3,0.07458,0.05096,0.158,0.0637,0.216,0.06302,0.02156,0.1614,120,3.7,2880,13,0.002,2.74,239,59.02,136.2,167.6,169.2,62.12,7.458e-06,1.79e-06,76.86,2.532e-06,41.984,3300000,220000.2,9.31,21.7,12.8,0.004674,31.4,21000.8,17880,0.183458
71.58,5778,0.3826,0.0479,0.01372,1.10656,71000,0.0232,0.516,0.384,0.004284,0.438,0.592,0.379,0.2774,0.2426,11.3,0.07458,0.05096,0.158,0.0637,0.216,0.06302,0.02156,0.1614,120,3.7,2880,13,0.002,2.74,239,59.02,136.2,167.6,169.2,62.12,7.458e-06,1.79e-06,76.86,2.532e-06,41.984,3300000,220000.2,9.31,21.7,12.8,0.004674,31.4,21000.8,17880,0.183458
71.58,5778,0.3826,0.0479,0.01372,1.10656,71000,0.0232,0.516,0.384,0.004284,0.438,0.592,0.379,0.2774,0.2426,11.3,0.07458,0.0572,0.158,0.0637,0.216,0.06302,0.02156,0.1614,120,3.7,2880,13,0.002,2.74,239,59.02,136.2,167.6,169.2,62.12,7.458e-06,1.79e-06,76.86,2.532e-06,41.984,3300000,220000.2,9.31,21.7,12.8,0.004674,31.4,21000.8,17880,0.183458
71.58,5778,0.3826,0.0479,0.01372,1.10656,71000,0.0232,0.516,0.384,0.004284,0.438,0.592,0.379,0.2774,0.2426,11.3,0.07458,0.0572,0.158,0.0637,0.216,0.06302,0.02156,0.1614,120,3.7,2880,13,0.002,2.74,239,59.02,136.2,167.6,169.2,62.12,7.458e-06,1.79e-06,76.86,2.532e-06,41.984,3300000,220000.2,9.31,21.7,12.8,0.004674,31.4,84000.2,17880,0.183458
71.58,5778,0.3826,0.0479,0.01372,1.10656,71000,0.0232,0.516,0.384,0.004284,0.438,0.592,0.379,0.2774,0.2426,11.3,0.07458,0.0572,0.158,0.0637,0.216,0.06302,0.02156,0.1614,120,3.7,2880,13,0.002,2.74,239,59.02,136.2,167.6,169.2,62.12,6.57e-06,1.79e-06,76.86,2.532e-06,41.984,3300000,220000.2,9.31,21.7,12.8,0.004674,31.4,84000.2,17880,0.183458
71.58,5778,0.3826,0.0479,0.01372,1.10656,71000,0.0232,0.516,0.384,0.004284,0.438,0.592,0.379,0.2774,0.2426,11.3,0.07458,0.0572,0.158,0.0637,0.216,0.06302,0.02156,0.1614,120,3.7,1152.6,13,0.002,2.74,239,59.02,136.2,167.6,169.2,62.12,6.57e-06,1.79e-06,76.86,2.532e-06,41.984,3300000,220000.2,9.31,21.7,12.8,0.004674,31.4,84000.2,17880,0.183458
71.58,5778,0.3826,0.0479,0.01372,1.10656,71000,0.0232,0.516,0.384,0.004284,0.438,0.592,0.379,0.2774,0.2426,11.3,0.07458,0.0572,0.158,0.0637,0.216,0.06302,0.02156,0.1614,120,3.7,1152.6,13,0.002,2.74,239,59.02,136.2,167.6,169.2,62.12,6.57e-06,1.79e-06,76.86,2.532e-06,41.984,3300000,220000.2,9.31,21.7,12.8,0.004674,31.4,84000.2,17880,0.046832
71.58,5778,0.3826,0.0479,0.01372,1.10656,71000,0.0232,0.516,0.384,0.004284,0.438,0.592,0.379,0.2774,0.2426,11.3,0.07458,0.0572,0.158,0.0637,0.216,0.06302,0.02156,0.1614,120,3.7,1152.6,13,0.002,2.74,239,59.02,136.2,167.6,169.2,62.12,6.57e-06,1.79e-06,76.86,2.532e-06,41.984,3300000,220000.2,9.31,21.7,12.8,0.00363,31.4,84000.2,17880,0.046832
71.58,5778,0.3826,0.0479,0.01372,1.10656,71000,0.0232,0.516,0.384,0.004284,0.438,0.592,0.379,0.2774,0.2426,11.3,0.07458,0.0572,0.158,0.0637,0.216,0.06302,0.02156,0.1614,120,3.7,1152.6,13,0.002,2.74,239,59.02,136.2,167.6,169.2,62.12,6.57e-06,1.79e-06,76.86,2.532e-06,41.984,3300000,220000.2,9.31,21.7,5.72,0.00363,31.4,84000.2,17880,0.046832
71.58,5778,0.3826,0.0479,0.01372,1.10656,71000,0.0232,0.516,0.384,0.004284,0.438,0.592,0.379,0.2774,0.2426,11.3,0.07458,0.0572,0.158,0.0637,0.216,0.06302,0.02156,0.1614,120,3.7,1152.6,11.32,0.002,2.74,239,59.02,136.2,167.6,169.2,62.12,6.57e-06,1.79e-06,76.86,2.532e-06,41.984,3300000,220000.2,9.31,21.7,5.72,0.00363,31.4,84000.2,17880,0.046832
71.58,5778,0.3826,0.0479,0.01372,1.10656,71000,0.0232,0.516,0.384,0.004284,0.438,0.592,0.379,0.2774,0.2426,11.3,0.07458,0.0572,0.158,0.0637,0.216,0.06302,0.02156,0.1614,120,3.7,1152.6,11.32,0.002,2.74,239,59.02,136.2,167.6,169.2,62.12,6.57e-06,1.79e-06,76.86,2.532e-06,41.984,3300000,55000.8,9.31,21.7,5.72,0.00363,31.4,84000.2,17880,0.046832
71.58,5778,0.3826,0.0479,0.01372,1.10656,71000,0.0232,0.516,0.384,0.004284,0.438,0.592,0.379,0.2774,0.2426,11.3,0.07458,0.0572,0.158,0.0637,0.216,0.06302,0.02156,0.1986,120,3.7,1152.6,11.32,0.002,2.74,239,59.02,136.2,167.6,169.2,62.12,6.57e-06,1.79e-06,76.86,2.532e-06,41.984,3300000,55000.8,9.31,21.7,5.72,0.00363,31.4,84000.2,17880,0.046832
71.58,5778,0.3826,0.0479,0.01372,1.10656,71000,0.0262,0.516,0.384,0.004284,0.438,0.592,0.379,0.2774,0.2426,11.3,0.07458,0.0572,0.158,0.0637,0.216,0.06302,0.02156,0.1986,120,3.7,1152.6,11.32,0.002,2.74,239,59.02,136.2,167.6,169.2,62.12,6.57e-06,1.79e-06,76.86,2.532e-06,41.984,3300000,55000.8,9.31,21.7,5.72,0.00363,31.4,84000.2,17880,0.046832
71.58,5778,0.3826,0.0479,0.01372,1.10656,71000,0.0262,0.516,0.384,0.004284,0.438,0.592,0.379,0.2774,0.2426,11.3,0.07458,0.0572,0.158,0.0637,0.216,0.06302,0.02156,0.1986,73.92,3.7,1152.6,11.32,0.002,2.74,239,59.02,136.2,167.6,169.2,62.12,6.57e-06,1.79e-06,76.86,2.532e-06,41.984,3300000,55000.8,9.31,21.7,5.72,0.00363,31.4,84000.2,17880,0.046832
71.58,5778,0.3826,0.0479,0.01372,1.10656,71000,0.0262,0.516,0.384,0.004284,0.438,0.592,0.379,0.2774,0.2426,11.3,0.07458,0.0572,0.158,0.0637,0.216,0.06302,0.02156,0.1986,73.92,3.7,1152.6,11.32,0.002,1,239,59.02,136.2,167.6,169.2,62.12,6.57e-06,1.79e-06,76.86,2.532e-06,41.984,3300000,55000.8,9.31,21.7,5.72,0.00363,31.4,84000.2,17880,0.046832
71.58,5778,0.3826,0.0479,0.01372,1.10656,71000,0.0262,0.516,0.384,0.004284,0.438,0.592,0.379,0.2774,0.2426,11.3,0.07458,0.0572,0.158,0.0637,0.216,0.06302,0.02156,0.1986,73.92,3.7,1152.6,11.32,0.002,1,239,59.02,136.2,167.6,169.2,62.12,6.57e-06,1.79e-06,76.86,2.532e-06,41.984,3300000,55000.8,6.658,21.7,5.72,0.00363,31.4,84000.2,17880,0.046832
71.58,5778,0.3826,0.0479,0.01372,1.10656,71000,0.0262,0.516,0.384,0.004284,0.438,0.592,0.379,0.2774,0.2426,11.3,0.07458,0.0572,0.158,0.0637,0.216,0.06302,0.02156,0.1986,73.92,3.7,1152.6,11.32,0.002,1,239,59.02,136.2,167.6,169.2,62.12,6.57e-06,1.79e-06,76.86,2.532e-06,41.984,1320000.6,55000.8,6.658,21.7,5.72,0.00363,31.4,84000.2,17880,0.046832
71.58,5778,0.3826,0.0479,0.01372,1.10656,71000,0.0262,0.516,0.384,0.004284,0.438,0.592,0.379,0.2774,0.2426,11.3,0.07458,0.0572,0.158,0.0637,0.216,0.06302,0.02156,0.1986,73.92,3.292,1152.6,11.32,0.002,1,239,59.02,136.2,167.6,169.2,62.12,6.57e-06,1.79e-06,76.86,2.532e-06,41.984,1320000.6,55000.8,6.658,21.7,5.72,0.00363,31.4,84000.2,17880,0.046832
71.58,5778,0.3826,0.0479,0.01372,1.10656,71000,0.0262,0.516,0.384,0.004284,0.438,0.592,0.379,0.2774,0.2426,11.3,0.07458,0.0572,0.158,0.0637,0.216,0.06302,0.02156,0.1986,73.92,3.292,1152.6,11.32,0.002,1,239,59.02,136.2,167.6,190.8,62.12,6.57e-06,1.79e-06,76.86,2.532e-06,41.984,1320000.6,55000.8,6.658,21.7,5.72,0.00363,31.4,84000.2,17880,0.046832
87,5778,0.3826,0.0479,0.01372,1.10656,71000,0.0262,0.516,0.384,0.004284,0.438,0.592,0.379,0.2774,0.2426,11.3,0.07458,0.0572,0.158,0.0637,0.216,0.06302,0.02156,0.1986,73.92,3.292,1152.6,11.32,0.002,1,239,59.02,136.2,167.6,190.8,62.12,6.57e-06,1.79e-06,76.86,2.532e-06,41.984,1320000.6,55000.8,6.658,21.7,5.72,0.00363,31.4,84000.2,17880,0.046832
87,4692,0.3826,0.0479,0.01372,1.10656,71000,0.0262,0.516,0.384,0.004284,0.438,0.592,0.379,0.2774,0.2426,11.3,0.07458,0.0572,0.158,0.0637,0.216,0.06302,0.02156,0.1986,73.92,3.292,1152.6,11.32,0.002,1,239,59.02,136.2,167.6,190.8,62.12,6.57e-06,1.79e-06,76.86,2.532e-06,41.984,1320000.6,55000.8,6.658,21.7,5.72,0.00363,31.4,84000.2,17880,0.046832
87,4692,0.3826,0.0479,0.01372,1.10656,71000,0.0262,0.516,0.384,0.004284,0.438,0.592,0.379,0.311,0.2426,11.3,0.07458,0.0572,0.158,0.0637,0.216,0.06302,0.02156,0.1986,73.92,3.292,1152.6,11.32,0.002,1,239,59.02,136.2,167.6,190.8,62.12,6.57e-06,1.79e-06,76.86,2.532e-06,41.984,1320000.6,55000.8,6.658,21.7,5.72,0.00363,31.4,84000.2,17880,0.046832
87,4692,0.3826,0.0479,0.01372,1.10656,71000,0.0262,0.516,0.384,0.004284,0.438,0.592,0.379,0.311,0.2426,11.3,0.07458,0.0572,0.158,0.0637,0.216,0.06302,0.02156,0.1986,73.92,3.292,1152.6,11.32,0.002,1,239,59.02,136.2,167.6,190.8,62.12,6.57e-06,1.79e-06,76.86,2.532e-06,41.984,1320000.6,55000.8,6.658,1,5.72,0.00363,31.4,84000.2,17880,0.046832
87,4692,0.3826,0.0479,0.01372,1.10656,71000,0.0262,0.516,0.4356,0.004284,0.438,0.592,0.379,0.311,0.2426,11.3,0.07458,0.0572,0.158,0.0637,0.216,0.06302,0.02156,0.1986,73.92,3.292,1152.6,11.32,0.002,1,239,59.02,136.2,167.6,190.8,62.12,6.57e-06,1.79e-06,76.86,2.532e-06,41.984,1320000.6,55000.8,6.658,1,5.72,0.00363,31.4,84000.2,17880,0.046832
87,4692,0.3826,0.0479,0.01372,0.0214,71000,0.0262,0.516,0.4356,0.004284,0.438,0.592,0.379,0.311,0.2426,11.3,0.07458,0.0572,0.158,0.0637,0.216,0.06302,0.02156,0.1986,73.92,3.292,1152.6,11.32,0.002,1,239,59.02,136.2,167.6,190.8,62.12,6.57e-06,1.79e-06,76.86,2.532e-06,41.984,1320000.6,55000.8,6.658,1,5.72,0.00363,31.4,84000.2,17880,0.046832
87,4692,0.3826,0.0479,0.01372,0.0214,71000,0.0262,0.516,0.4356,0.004284,0.438,0.592,0.427,0.311,0.2426,11.3,0.07458,0.0572,0.158,0.0637,0.216,0.06302,0.02156,0.1986,73.92,3.292,1152.6,11.32,0.002,1,239,59.02,136.2,167.6,190.8,62.12,6.57e-06,1.79e-06,76.86,2.532e-06,41.984,1320000.6,55000.8,6.658,1,5.72,0.00363,31.4,84000.2,17880,0.046832
87,4692,0.3826,0.0479,0.01372,0.0214,71000,0.0262,0.516,0.4356,0.004284,0.438,0.592,0.427,0.311,0.2426,11.3,0.07458,0.0572,0.158,0.0637,0.216,0.06302,0.02156,0.1986,73.92,3.292,1152.6,11.32,0.002,1,239,66.58,136.2,167.6,190.8,62.12,6.57e-06,1.79e-06,76.86,2.532e-06,41.984,1320000.6,55000.8,6.658,1,5.72,0.00363,31.4,84000.2,17880,0.046832
87,4692,0.3826,0.0479,0.01372,0.0214,71000,0.0262,0.516,0.4356,0.004284,0.438,0.592,0.427,0.311,0.272,11.3,0.07458,0.0572,0.158,0.0637,0.216,0.06302,0.02156,0.1986,73.92,3.292,1152.6,11.32,0.002,1,239,66.58,136.2,167.6,190.8,62.12,6.57e-06,1.79e-06,76.86,2.532e-06,41.984,1320000.6,55000.8,6.658,1,5.72,0.00363,31.4,84000.2,17880,0.046832
87,4692,0.3826,0.0479,0.01372,0.0214,71000,0.0262,0.516,0.4356,0.004284,0.438,0.592,0.427,0.311,0.272,11.3,0.07458,0.0572,0.158,0.0637,0.216,0.06302,0.02156,0.1986,73.92,3.292,1152.6,11.32,0.002,1,239,66.58,136.2,167.6,190.8,62.12,6.57e-06,1.79e-06,76.86,3.51e-06,41.984,1320000.6,55000.8,6.658,1,5.72,0.00363,31.4,84000.2,17880,0.046832
87,4692,0.3826,0.0479,0.01372,0.0214,71000,0.0262,0.516,0.4356,0.004284,0.438,0.592,0.427,0.311,0.272,11.3,0.07458,0.0572,0.158,0.0637,0.216,0.06302,0.02156,0.1986,73.92,3.292,1152.6,11.32,0.002,1,239,66.58,136.2,167.6,190.8,54.8,6.57e-06,1.79e-06,76.86,3.51e-06,41.984,1320000.6,55000.8,6.658,1,5.72,0.00363,31.4,84000.2,17880,0.046832
87,4692,0.3826,0.0479,0.01372,0.0214,71000,0.0262,0.516,0.4356,0.004284,0.438,0.592,0.427,0.311,0.272,11.3,0.07458,0.0572,0.158,0.0637,0.216,0.06302,0.02156,0.1986,73.92,3.292,1152.6,11.32,0.002,1,212.6,66.58,136.2,167.6,190.8,54.8,6.57e-06,1.79e-06,76.86,3.51e-06,41.984,1320000.6,55000.8,6.658,1,5.72,0.00363,31.4,84000.2,17880,0.046832
87,4692,0.3826,0.0479,0.01372,0.0214,71000,0.0262,0.516,0.4356,0.004284,0.438,0.592,0.427,0.311,0.272,11.3,0.07458,0.0572,0.158,0.0715,0.216,0.06302,0.02156,0.1986,73.92,3.292,1152.6,11.32,0.002,1,212.6,66.58,136.2,167.6,190.8,54.8,6.57e-06,1.79e-06,76.86,3.51e-06,41.984,1320000.6,55000.8,6.658,1,5.72,0.00363,31.4,84000.2,17880,0.046832
71.58,4692,0.353,0.0443,0.0154,0.74484,58400,0.0242,0.5388,0.47,0.004116,0.39,0.5492,0.363,0.255,0.272,9.23,0.07458,0.0572,0.1412,0.0637,0.2,0.06046,0.02332,0.1614,120,3.292,1152.6,11.32,0.002,1.58,212.6,56.5,147,174,162,67,6.57e-06,2.614e-06,93,3.51e-06,174,1980000.4,55000.8,5.774,14.8,10.44,0.004326,52.2,84000.2,20100,0.092374
71.58,4692,0.353,0.0443,0.0154,0.74484,58400,0.0242,0.5388,0.47,0.004116,0.39,0.5492,0.363,0.255,0.272,9.23,0.07458,0.0572,0.1412,0.0637,0.2,0.06046,0.02332,0.1614,120,3.292,1152.6,11.32,0.002,1.58,212.6,56.5,147,154.8,162,67,6.57e-06,2.614e-06,93,3.51e-06,174,1980000.4,55000.8,5.774,14.8,10.44,0.004326,52.2,84000.2,20100,0.092374
71.58,4692,0.353,0.0443,0.0154,0.74484,58400,0.0242,0.5388,0.47,0.004116,0.39,0.5492,0.363,0.255,0.272,9.23,0.07458,0.0572,0.1412,0.0637,0.2,0.06046,0.02332,0.1614,120,3.292,1152.6,11.32,0.002,1.58,212.6,56.5,147,154.8,162,67,6.57e-06,2.614e-06,93,3.51e-06,174,1980000.4,55000.8,5.774,14.8,10.44,0.004326,21,84000.2,20100,0.092374
71.58,5778,0.353,0.0443,0.0154,0.74484,58400,0.0242,0.5388,0.47,0.004116,0.39,0.5492,0.363,0.255,0.272,9.23,0.07458,0.0572,0.1412,0.0637,0.2,0.06046,0.02332,0.1614,120,3.292,1152.6,11.32,0.002,1.58,212.6,56.5,147,154.8,162,67,6.57e-06,2.614e-06,93,3.51e-06,174,1980000.4,55000.8,5.774,14.8,10.44,0.004326,21,84000.2,20100,0.092374
87,5778,0.353,0.0443,0.0154,0.74484,58400,0.0242,0.5388,0.47,0.004116,0.39,0.5492,0.363,0.255,0.272,9.23,0.07458,0.0572,0.1412,0.0637,0.2,0.06046,0.02332,0.1614,120,3.292,1152.6,11.32,0.002,1.58,212.6,56.5,147,154.8,162,67,6.57e-06,2.614e-06,93,3.51e-06,174,1980000.4,55000.8,5.774,14.8,10.44,0.004326,21,84000.2,20100,0.092374
87,5778,0.353,0.0443,0.0154,0.74484,58400,0.0242,0.5388,0.47,0.004116,0.39,0.5492,0.411,0.255,0.272,9.23,0.07458,0.0572,0.1412,0.0637,0.2,0.06046,0.02332,0.1614,120,3.292,1152.6,11.32,0.002,1.58,212.6,56.5,147,154.8,162,67,6.57e-06,2.614e-06,93,3.51e-06,174,1980000.4,55000.8,5.774,14.8,10.44,0.004326,21,84000.2,20100,0.092374
87,5778,0.353,0.0443,0.0154,0.74484,58400,0.0242,0.5388,0.47,0.004116,0.39,0.5492,0.411,0.255,0.272,9.23,0.07458,0.0572,0.1412,0.0637,0.2,0.06046,0.02332,0.1614,120,3.292,1152.6,11.32,0.002,1.58,239,56.5,147,154.8,162,67,6.57e-06,2.614e-06,93,3.51e-06,174,1980000.4,55000.8,5.774,14.8,10.44,0.004326,21,84000.2,20100,0.092374
87,5778,0.353,0.0443,0.0154,0.74484,58400,0.0242,0.5388,0.47,0.004116,0.39,0.5492,0.411,0.255,0.272,9.23,0.07458,0.0572,0.1412,0.0637,0.2,0.06046,0.02332,0.1614,120,3.292,1152.6,11.32,0.002,1.58,239,56.5,147,154.8,162,67,6.57e-06,2.614e-06,93,3.51e-06,74.988,1980000.4,55000.8,5.774,14.8,10.44,0.004326,21,84000.2,20100,0.092374
87,5778,0.353,0.0443,0.0154,0.74484,58400,0.0242,0.5388,0.47,0.004116,0.39,0.5492,0.411,0.255,0.272,9.23,0.07458,0.0572,0.1412,0.0637,0.2,0.06046,0.02332,0.1614,120,3.292,1152.6,11.32,0.002,1.58,239,56.5,147,154.8,162,67,6.57e-06,2.614e-06,93,3.51e-06,74.988,1980000.4,55000.8,5.774,14.8,10.44,0.004326,21,21000.8,20100,0.092374
87,5778,0.353,0.0443,0.0154,0.74484,58400,0.0242,0.5388,0.47,0.004116,0.39,0.5492,0.411,0.255,0.272,9.23,0.07458,0.05096,0.1412,0.0637,0.2,0.06046,0.02332,0.1614,120,3.292,1152.6,11.32,0.002,1.58,239,56.5,147,154.8,162,67,6.57e-06,2.614e-06,93,3.51e-06,74.988,1980000.4,55000.8,5.774,14.8,10.44,0.004326,21,21000.8,20100,0.092374
87,5778,0.4418,0.0443,0.0154,0.74484,58400,0.0242,0.5388,0.47,0.004116,0.39,0.5492,0.411,0.255,0.272,9.23,0.07458,0.05096,0.1412,0.0637,0.2,0.06046,0.02332,0.1614,120,3.292,1152.6,11.32,0.002,1.58,239,56.5,147,154.8,162,67,6.57e-06,2.614e-06,93,3.51e-06,74.988,1980000.4,55000.8,5.774,14.8,10.44,0.004326,21,21000.8,20100,0.092374
87,5778,0.4418,0.0443,0.0154,0.74484,58400,0.0242,0.5388,0.47,0.004116,0.39,0.5492,0.411,0.255,0.272,10.472,0.07458,0.05096,0.1412,0.0637,0.2,0.06046,0.02332,0.1614,120,3.292,1152.6,11.32,0.002,1.58,239,56.5,147,154.8,162,67,6.57e-06,2.614e-06,93,3.51e-06,74.988,1980000.4,55000.8,5.774,14.8,10.44,0.004326,21,21000.8,20100,0.092374
87,5778,0.4418,0.0443,0.0154,0.74484,58400,0.0272,0.5388,0.47,0.004116,0.39,0.5492,0.411,0.255,0.272,10.472,0.07458,0.05096,0.1412,0.0637,0.2,0.06046,0.02332,0.1614,120,3.292,1152.6,11.32,0.002,1.58,239,56.5,147,154.8,162,67,6.57e-06,2.614e-06,93,3.51e-06,74.988,1980000.4,55000.8,5.774,14.8,10.44,0.004326,21,21000.8,20100,0.092374
87,5778,0.4418,0.0443,0.0154,0.74484,58400,0.0272,0.5388,0.47,0.004116,0.438,0.5492,0.411,0.255,0.272,10.472,0.07458,0.05096,0.1412,0.0637,0.2,0.06046,0.02332,0.1614,120,3.292,1152.6,11.32,0.002,1.58,239,56.5,147,154.8,162,67,6.57e-06,2.614e-06,93,3.51e-06,74.988,1980000.4,55000.8,5.774,14.8,10.44,0.004326,21,21000.8,20100,0.092374
87,5778,0.4418,0.0443,0.01372,0.74484,58400,0.0272,0.5388,0.47,0.004116,0.438,0.5492,0.411,0.255,0.272,10.472,0.07458,0.05096,0.1412,0.0637,0.2,0.06046,0.02332,0.1614,120,3.292,1152.6,11.32,0.002,1.58,239,56.5,147,154.8,162,67,6.57e-06,2.614e-06,93,3.51e-06,74.988,1980000.4,55000.8,5.774,14.8,10.44,0.004326,21,21000.8,20100,0.092374
87,5778,0.4418,0.0443,0.01372,0.74484,58400,0.0272,0.5388,0.47,0.004116,0.438,0.5492,0.411,0.255,0.272,10.472,0.07458,0.05096,0.1412,0.0637,0.2,0.06046,0.02332,0.1614,120,3.292,2880,11.32,0.002,1.58,239,56.5,147,154.8,162,67,6.57e-06,2.614e-06,93,3.51e-06,74.988,1980000.4,55000.8,5.774,14.8,10.44,0.004326,21,21000.8,20100,0.092374
87,5778,0.4418,0.0443,0.01372,0.74484,58400,0.0272,0.5388,0.47,0.004116,0.438,0.5492,0.411,0.255,0.272,10.472,0.07458,0.05096,0.158,0.0637,0.2,0.06046,0.02332,0.1614,120,3.292,2880,11.32,0.002,1.58,239,56.5,147,154.8,162,67,6.57e-06,2.614e-06,93,3.51e-06,74.988,1980000.4,55000.8,5.774,14.8,10.44,0.004326,21,21000.8,20100,0.092374
87,5778,0.4418,0.0443,0.01372,0.74484,58400,0.0272,0.5388,0.47,0.004116,0.438,0.5492,0.411,0.255,0.272,10.472,0.07458,0.05096,0.158,0.0715,0.2,0.06046,0.02332,0.1614,120,3.292,2880,11.32,0.002,1.58,239,56.5,147,154.8,162,67,6.57e-06,2.614e-06,93,3.51e-06,74.988,1980000.4,55000.8,5.774,14.8,10.44,0.004326,21,21000.8,20100,0.092374
87,5778,0.4418,0.0443,0.01372,0.74484,58400,0.0272,0.5388,0.47,0.004116,0.438,0.5492,0.411,0.255,0.272,10.472,0.0837,0.05096,0.158,0.0715,0.2,0.06046,0.02332,0.1614,120,3.292,2880,11.32,0.002,1.58,239,56.5,147,154.8,162,67,6.57e-06,2.614e-06,93,3.51e-06,74.988,1980000.4,55000.8,5.774,14.8,10.44,0.004326,21,21000.8,20100,0.092374
87,5778,0.4418,0.0443,0.01372,0.74484,58400,0.0272,0.5388,0.47,0.004116,0.438,0.5492,0.411,0.255,0.272,10.472,0.0837,0.05096,0.158,0.0715,0.2,0.06046,0.02332,0.1614,120,3.292,2880,11.32,0.002,1.58,239,56.5,147,154.8,162,67,6.57e-06,1.996e-06,93,3.51e-06,74.988,1980000.4,55000.8,5.774,14.8,10.44,0.004326,21,21000.8,20100,0.092374
87,5778,0.4418,0.0443,0.01372,0.74484,58400,0.0272,0.5388,0.47,0.004116,0.438,0.5492,0.411,0.255,0.272,10.472,0.0837,0.05096,0.158,0.0715,0.2,0.06046,0.02332,0.1614,120,3.7,2880,11.32,0.002,1.58,239,56.5,147,154.8,162,67,6.57e-06,1.996e-06,93,3.51e-06,74.988,1980000.4,55000.8,5.774,14.8,10.44,0.004326,21,21000.8,20100,0.092374
87,5778,0.4418,0.0443,0.01372,1.83,58400,0.0272,0.5388,0.47,0.004116,0.438,0.5492,0.411,0.255,0.272,10.472,0.0837,0.05096,0.158,0.0715,0.2,0.06046,0.02332,0.1614,120,3.7,2880,11.32,0.002,1.58,239,56.5,147,154.8,162,67,6.57e-06,1.996e-06,93,3.51e-06,74.988,1980000.4,55000.8,5.774,14.8,10.44,0.004326,21,21000.8,20100,0.092374
87,5778,0.4418,0.0443,0.01372,1.83,58400,0.0272,0.5388,0.47,0.004116,0.438,0.5492,0.411,0.255,0.272,10.472,0.0837,0.05096,0.158,0.0715,0.2,0.06046,0.02332,0.1614,120,3.7,2880,11.32,0.002,1.58,239,56.5,147,154.8,162,67,6.57e-06,1.996e-06,93,3.51e-06,74.988,1980000.4,55000.8,5.774,14.8,10.44,0.004326,21,21000.8,17880,0.092374
87,5778,0.4418,0.0443,0.01372,1.83,58400,0.0272,0.5388,0.47,0.004116,0.438,0.5492,0.411,0.255,0.272,10.472,0.0837,0.05096,0.158,0.0715,0.2,0.06046,0.02332,0.1614,120,3.7,2880,11.32,0.002,1.58,239,56.5,147,154.8,162,67,6.57e-06,1.996e-06,93,2.532e-06,74.988,1980000.4,55000.8,5.774,14.8,10.44,0.004326,21,21000.8,17880,0.092374
87,5778,0.4418,0.0443,0.01372,1.83,58400,0.0272,0.5388,0.47,0.004116,0.438,0.5492,0.411,0.255,0.272,10.472,0.0837,0.05096,0.158,0.0715,0.2,0.06814,0.02332,0.1614,120,3.7,2880,11.32,0.002,1.58,239,56.5,147,154.8,162,67,6.57e-06,1.996e-06,93,2.532e-06,74.988,1980000.4,55000.8,5.774,14.8,10.44,0.004326,21,21000.8,17880,0.092374
87,5778,0.4418,0.0443,0.01372,1.83,58400,0.0272,0.5388,0.47,0.004116,0.438,0.5492,0.411,0.255,0.272,10.472,0.0837,0.05096,0.158,0.0715,0.2,0.06814,0.02332,0.1614,120,3.7,2880,11.32,0.002,1.58,239,56.5,147,154.8,162,59.68,6.57e-06,1.996e-06,93,2.532e-06,74.988,1980000.4,55000.8,5.774,14.8,10.44,0.004326,21,21000.8,17880,0.092374
87,5778,0.4418,0.0443,0.01372,1.83,58400,0.0272,0.5388,0.47,0.004116,0.438,0.5492,0.411,0.255,0.272,10.472,0.0837,0.05096,0.158,0.0715,0.2,0.06814,0.02332,0.1614,120,3.7,2880,11.32,0.002,3.32,239,56.5,147,154.8,162,59.68,6.57e-06,1.996e-06,93,2.532e-06,74.988,1980000.4,55000.8,5.774,14.8,10.44,0.004326,21,21000.8,17880,0.092374
87,5778,0.4418,0.0443,0.01372,1.83,58400,0.0272,0.5388,0.47,0.004116,0.438,0.5492,0.411,0.255,0.272,10.472,0.0837,0.05096,0.158,0.0715,0.2,0.06814,0.02332,0.1614,120,3.7,2880,11.32,0.002,3.32,239,56.5,147,154.8,162,59.68,6.57e-06,1.996e-06,93,2.532e-06,74.988,1980000.4,55000.8,8.426,14.8,10.44,0.004326,21,21000.8,17880,0.092374
87,5778,0.4418,0.0443,0.01372,1.83,58400,0.0272,0.5388,0.47,0.004116,0.438,0.5492,0.411,0.2886,0.272,10.472,0.0837,0.05096,0.158,0.0715,0.2,0.06814,0.02332,0.1614,120,3.7,2880,11.32,0.002,3.32,239,56.5,147,154.8,162,59.68,6.57e-06,1.996e-06,93,2.532e-06,74.988,1980000.4,55000.8,8.426,14.8,10.44,0.004326,21,21000.8,17880,0.092374
87,5778,0.4418,0.0443,0.01372,1.83,58400,0.0272,0.5388,0.47,0.004116,0.438,0.5492,0.411,0.2886,0.272,10.472,0.0837,0.05096,0.158,0.0715,0.2,0.06814,0.02332,0.1614,120,3.7,2880,11.32,0.002,3.32,239,56.5,147,154.8,162,59.68,6.57e-06,1.996e-06,93,2.532e-06,74.988,1980000.4,55000.8,8.426,14.8,3.36,0.004326,21,21000.8,17880,0.092374
87,5778,0.4418,0.0443,0.01372,1.83,58400,0.0272,0.5388,0.47,0.004116,0.438,0.5492,0.411,0.2886,0.272,10.472,0.0837,0.05096,0.158,0.0715,0.2,0.06814,0.02332,0.1614,120,3.7,2880,11.32,0.002,3.32,239,56.5,147,154.8,162,59.68,6.57e-06,1.996e-06,93,2.532e-06,74.988,1980000.4,55000.8,8.426,35.5,3.36,0.004326,21,21000.8,17880,0.092374
87,5778,0.4418,0.0443,0.01372,1.83,58400,0.0272,0.5388,0.47,0.004116,0.438,0.5492,0.411,0.2886,0.272,10.472,0.0837,0.05096,0.158,0.0715,0.2,0.06814,0.02332,0.1614,120,3.7,2880,11.32,0.0008366,3.32,239,56.5,147,154.8,162,59.68,6.57e-06,1.996e-06,93,2.532e-06,74.988,1980000.4,55000.8,8.426,35.5,3.36,0.004326,21,21000.8,17880,0.092374
87,5778,0.4418,0.0443,0.01372,1.83,58400,0.0272,0.5388,0.47,0.004116,0.438,0.5492,0.411,0.2886,0.272,10.472,0.0837,0.05096,0.158,0.0715,0.2,0.06814,0.02332,0.1614,120,3.7,2880,11.32,0.0008366,3.32,239,56.5,147,154.8,162,59.68,6.57e-06,1.996e-06,44.58,2.532e-06,74.988,1980000.4,55000.8,8.426,35.5,3.36,0.004326,21,21000.8,17880,0.092374
87,5778,0.4418,0.0443,0.01372,1.83,58400,0.0272,0.5388,0.47,0.004116,0.438,0.5492,0.411,0.2886,0.272,10.472,0.0837,0.05096,0.158,0.0715,0.2,0.06814,0.02332,0.1986,120,3.7,2880,11.32,0.0008366,3.32,239,56.5,147,154.8,162,59.68,6.57e-06,1.996e-06,44.58,2.532e-06,74.988,1980000.4,55000.8,8.426,35.5,3.36,0.004326,21,21000.8,17880,0.092374
87,5778,0.4418,0.0443,0.01372,1.83,58400,0.0272,0.5388,0.47,0.004116,0.438,0.5492,0.411,0.2886,0.272,10.472,0.0837,0.05096,0.158,0.0715,0.2,0.06814,0.02068,0.1986,120,3.7,2880,11.32,0.0008366,3.32,239,56.5,147,154.8,162,59.68,6.57e-06,1.996e-06,44.58,2.532e-06,74.988,1980000.4,55000.8,8.426,35.5,3.36,0.004326,21,21000.8,17880,0.092374
87,5778,0.4418,0.0443,0.01372,1.83,58400,0.0272,0.5388,0.47,0.004116,0.438,0.5492,0.411,0.2886,0.272,10.472,0.0837,0.05096,0.158,0.0715,0.2,0.06814,0.02068,0.1986,120,3.7,2880,13,0.0008366,3.32,239,56.5,147,154.8,162,59.68,6.57e-06,1.996e-06,44.58,2.532e-06,74.988,1980000.4,55000.8,8.426,35.5,3.36,0.004326,21,21000.8,17880,0.092374
87,5778,0.4418,0.0497,0.01372,1.83,58400,0.0272,0.5388,0.47,0.004116,0.438,0.5492,0.411,0.2886,0.272,10.472,0.0837,0.05096,0.158,0.0715,0.2,0.06814,0.02068,0.1986,120,3.7,2880,13,0.0008366,3.32,239,56.5,147,154.8,162,59.68,6.57e-06,1.996e-06,44.58,2.532e-06,74.988,1980000.4,55000.8,8.426,35.5,3.36,0.004326,21,21000.8,17880,0.092374
87,5778,0.4418,0.0497,0.01372,1.83,58400,0.0272,0.5388,0.47,0.004116,0.438,0.5492,0.411,0.2886,0.272,10.472,0.0837,0.05096,0.158,0.0715,0.2,0.06814,0.02068,0.1986,120,3.7,2880,13,0.0008366,3.32,239,64.06,147,154.8,162,59.68,6.57e-06,1.996e-06,44.58,2.532e-06,74.988,1980000.4,55000.8,8.426,35.5,3.36,0.004326,21,21000.8,17880,0.092374
87,5778,0.4418,0.0497,0.01372,1.83,58400,0.0272,0.5388,0.47,0.004116,0.438,0.485,0.411,0.2886,0.272,10.472,0.0837,0.05096,0.158,0.0715,0.2,0.06814,0.02068,0.1986,120,3.7,2880,13,0.0008366,3.32,239,64.06,147,154.8,162,59.68,6.57e-06,1.996e-06,44.58,2.532e-06,74.988,1980000.4,55000.8,8.426,35.5,3.36,0.004326,21,21000.8,17880,0.092374
87,5778,0.4418,0.0497,0.01372,1.83,58400,0.0272,0.6072,0.47,0.004116,0.438,0.485,0.411,0.2886,0.272,10.472,0.0837,0.05096,0.158,0.0715,0.2,0.06814,0.02068,0.1986,120,3.7,2880,13,0.0008366,3.32,239,64.06,147,154.8,162,59.68,6.57e-06,1.996e-06,44.58,2.532e-06,74.988,1980000.4,55000.8,8.426,35.5,3.36,0.004326,21,21000.8,17880,0.092374
87,5778,0.4418,0.0497,0.01372,1.83,58400,0.0272,0.6072,0.47,0.004116,0.438,0.485,0.411,0.2886,0.2426,10.472,0.0837,0.05096,0.158,0.0715,0.2,0.06814,0.02068,0.1986,120,3.7,2880,13,0.0008366,3.32,239,64.06,147,154.8,162,59.68,6.57e-06,1.996e-06,44.58,2.532e-06,74.988,1980000.4,55000.8,8.426,35.5,3.36,0.004326,21,21000.8,17880,0.092374
87,5778,0.4418,0.0497,0.01372,1.83,58400,0.0272,0.6072,0.47,0.004116,0.438,0.485,0.411,0.2886,0.2426,10.472,0.0837,0.05096,0.158,0.0715,0.176,0.06814,0.02068,0.1986,120,3.7,2880,13,0.0008366,3.32,239,64.06,147,154.8,162,59.68,6.57e-06,1.996e-06,44.58,2.532e-06,74.988,1980000.4,55000.8,8.426,35.5,3.36,0.004326,21,21000.8,17880,0.092374
87,5778,0.4418,0.0497,0.01372,1.83,71000,0.0272,0.6072,0.47,0.004116,0.438,0.485,0.411,0.2886,0.2426,10.472,0.0837,0.05096,0.158,0.0715,0.176,0.06814,0.02068,0.1986,120,3.7,2880,13,0.0008366,3.32,239,64.06,147,154.8,162,59.68,6.57e-06,1.996e-06,44.58,2.532e-06,74.988,1980000.4,55000.8,8.426,35.5,3.36,0.004326,21,21000.8,17880,0.092374
87,5778,0.4418,0.0497,0.01372,1.83,71000,0.0272,0.6072,0.47,0.004116,0.438,0.485,0.411,0.2886,0.2426,10.472,0.0837,0.05096,0.158,0.0715,0.176,0.06814,0.02068,0.1986,120,3.7,2880,13,0.0008366,3.32,239,64.06,130.8,154.8,162,59.68,6.57e-06,1.996e-06,44.58,2.532e-06,74.988,1980000.4,55000.8,8.426,35.5,3.36,0.004326,21,21000.8,17880,0.092374
87,5778,0.4418,0.0497,0.01372,1.83,71000,0.0272,0.6072,0.47,0.004116,0.438,0.485,0.411,0.2886,0.2426,10.472,0.0837,0.05096,0.158,0.0715,0.176,0.06814,0.02068,0.1986,120,3.7,2880,13,0.0008366,3.32,239,64.06,130.8,154.8,183.6,59.68,6.57e-06,1.996e-06,44.58,2.532e-06,74.988,1980000.4,55000.8,8.426,35.5,3.36,0.004326,21,21000.8,17880,0.092374
87,5778,0.4418,0.0497,0.01372,1.83,71000,0.0272,0.6072,0.47,0.004116,0.438,0.485,0.411,0.2886,0.2426,10.472,0.0837,0.05096,0.158,0.0715,0.176,0.06814,0.02068,0.1986,120,3.7,2880,13,0.0008366,3.32,239,64.06,130.8,154.8,183.6,59.68,6.57e-06,1.996e-06,44.58,2.532e-06,74.988,1980000.4,55000.8,8.426,35.5,3.36,0.004326,21,21000.8,17880,0.229
87,5778,0.4418,0.0497,0.01372,1.83,71000,0.0272,0.6072,0.47,0.004116,0.438,0.485,0.411,0.2886,0.2426,10.472,0.0837,0.05096,0.158,0.0715,0.176,0.06814,0.02068,0.1986,73.92,3.7,2880,13,0.0008366,3.32,239,64.06,130.8,154.8,183.6,59.68,6.57e-06,1.996e-06,44.58,2.532e-06,74.988,1980000.4,55000.8,8.426,35.5,3.36,0.004326,21,21000.8,17880,0.229
87,5778,0.4418,0.0497,0.01372,1.83,71000,0.0272,0.6072,0.47,0.004116,0.438,0.485,0.411,0.2886,0.2426,10.472,0.0837,0.05096,0.158,0.0715,0.176,0.06814,0.02068,0.1986,73.92,3.7,2880,13,0.0008366,3.32,239,64.06,130.8,154.8,183.6,59.68,6.57e-06,1.996e-06,44.58,2.532e-06,74.988,1980000.4,55000.8,8.426,35.5,3.36,0.00537,21,21000.8,17880,0.229
87,5778,0.4418,0.0497,0.01372,1.83,71000,0.0272,0.6072,0.4184,0.004116,0.438,0.485,0.411,0.2886,0.2426,10.472,0.0837,0.05096,0.158,0.0715,0.176,0.06814,0.02068,0.1986,73.92,3.7,2880,13,0.0008366,3.32,239,64.06,130.8,154.8,183.6,59.68,6.57e-06,1.996e-06,44.58,2.532e-06,74.988,1980000.4,55000.8,8.426,35.5,3.36,0.00537,21,21000.8,17880,0.229
87,5778,0.4418,0.0497,0.01372,1.83,71000,0.0272,0.6072,0.4184,0.004116,0.438,0.485,0.411,0.2886,0.2426,10.472,0.0837,0.05096,0.158,0.0715,0.176,0.06814,0.02068,0.1986,73.92,3.7,2880,13,0.0008366,3.32,239,64.06,130.8,154.8,183.6,59.68,7.458e-06,1.996e-06,44.58,2.532e-06,74.988,1980000.4,55000.8,8.426,35.5,3.36,0.00537,21,21000.8,17880,0.229
87,5778,0.4418,0.0497,0.01372,1.83,71000,0.0272,0.6072,0.4184,0.00462,0.438,0.485,0.411,0.2886,0.2426,10.472,0.0837,0.05096,0.158,0.0715,0.176,0.06814,0.02068,0.1986,73.92,3.7,2880,13,0.0008366,3.32,239,64.06,130.8,154.8,183.6,59.68,7.458e-06,1.996e-06,44.58,2.532e-06,74.988,1980000.4,55000.8,8.426,35.5,3.36,0.00537,21,21000.8,17880,0.229
87,5778,0.4418,0.0497,0.01372,1.83,71000,0.0272,0.6072,0.4184,0.00462,0.438,0.485,0.411,0.2886,0.2426,10.472,0.0837,0.05096,0.158,0.0715,0.176,0.06814,0.02068,0.1986,73.92,3.7,2880,13,0.0008366,3.32,239,64.06,130.8,154.8,183.6,59.68,7.458e-06,1.996e-06,44.58,2.532e-06,74.988,1980000.4,220000.2,8.426,35.5,3.36,0.00537,21,21000.8,17880,0.229
87,5778,0.4418,0.0497,0.01372,1.83,71000,0.0272,0.6072,0.4184,0.00462,0.438,0.485,0.411,0.2886,0.2426,10.472,0.0837,0.05096,0.158,0.0715,0.176,0.06814,0.02068,0.1986,73.92,3.7,2880,13,0.0008366,3.32,239,64.06,130.8,154.8,183.6,59.68,7.458e-06,1.996e-06,44.58,2.532e-06,74.988,1,220000.2,8.426,35.5,3.36,0.00537,21,21000.8,17880,0.229
61.3,5054,0.501,0.0407,0.01484,1.10656,58400,0.0222,0.516,0.384,0.003948,0.374,0.5064,0.443,0.2662,0.2328,10.472,0.07762,0.05096,0.1524,0.0637,0.192,0.0707,0.0242,0.211,89.28,3.02,576.8,13,0.002,1.58,221.4,61.54,125.4,167.6,190.8,64.56,7.162e-06,2.408e-06,28.44,3.184e-06,8.98,660000.8,165000.4,6.658,14.8,12.8,0.003978,21,42000.6,16400,0.092374
61.3,5054,0.501,0.0407,0.01484,1.10656,58400,0.0222,0.516,0.384,0.003948,0.374,0.5064,0.443,0.2662,0.2328,10.472,0.07762,0.05096,0.1524,0.0637,0.192,0.0707,0.0242,0.211,89.28,3.02,576.8,13,0.002,1.58,221.4,69.1,125.4,167.6,190.8,64.56,7.162e-06,2.408e-06,28.44,3.184e-06,8.98,660000.8,165000.4,6.658,14.8,12.8,0.003978,21,42000.6,16400,0.092374
61.3,5054,0.501,0.0407,0.01484,1.10656,58400,0.0222,0.516,0.384,0.003948,0.374,0.5064,0.443,0.2662,0.2328,10.472,0.07762,0.05096,0.1524,0.0637,0.192,0.0707,0.0242,0.211,89.28,3.02,576.8,13,0.002,1.58,221.4,69.1,125.4,167.6,190.8,64.56,7.162e-06,2.408e-06,28.44,3.184e-06,8.98,660000.8,165000.4,6.658,35.5,12.8,0.003978,21,42000.6,16400,0.092374
61.3,5054,0.501,0.0407,0.01484,1.10656,58400,0.0222,0.516,0.384,0.003948,0.374,0.5064,0.443,0.2662,0.2328,10.472,0.07762,0.05096,0.1524,0.0637,0.192,0.0707,0.0242,0.211,89.28,3.02,576.8,13,0.002,1.58,221.4,69.1,125.4,167.6,190.8,64.56,7.162e-06,2.408e-06,28.44,3.184e-06,8.98,660000.8,165000.4,9.31,35.5,12.8,0.003978,21,42000.6,16400,0.092374
61.3,5054,0.501,0.0407,0.01484,1.10656,58400,0.0222,0.516,0.384,0.003948,0.374,0.5064,0.443,0.2662,0.2328,10.472,0.07762,0.05096,0.1524,0.0637,0.192,0.0707,0.0242,0.211,89.28,3.02,576.8,13,0.002,1.58,221.4,69.1,125.4,167.6,190.8,64.56,7.162e-06,2.408e-06,28.44,3.184e-06,8.98,660000.8,165000.4,9.31,35.5,12.8,0.003978,21,42000.6,18620,0.092374
61.3,5054,0.501,0.0407,0.01484,1.10656,58400,0.0222,0.516,0.4356,0.003948,0.374,0.5064,0.443,0.2662,0.2328,10.472,0.07762,0.05096,0.1524,0.0637,0.192,0.0707,0.0242,0.211,89.28,3.02,576.8,13,0.002,1.58,221.4,69.1,125.4,167.6,190.8,64.56,7.162e-06,2.408e-06,28.44,3.184e-06,8.98,660000.8,165000.4,9.31,35.5,12.8,0.003978,21,42000.6,18620,0.092374
61.3,5054,0.501,0.0407,0.01484,1.10656,58400,0.0222,0.516,0.4356,0.003948,0.374,0.5064,0.443,0.2662,0.2328,10.472,0.07762,0.05096,0.1524,0.0637,0.192,0.0707,0.0242,0.211,89.28,3.02,576.8,13,0.0008366,1.58,221.4,69.1,125.4,167.6,190.8,64.56,7.162e-06,2.408e-06,28.44,3.184e-06,8.98,660000.8,165000.4,9.31,35.5,12.8,0.003978,21,42000.6,18620,0.092374
61.3,5054,0.501,0.0407,0.01484,1.10656,58400,0.0222,0.516,0.4356,0.003948,0.374,0.5064,0.443,0.2662,0.2328,10.472,0.07762,0.05096,0.1524,0.0637,0.192,0.0707,0.0242,0.1738,89.28,3.02,576.8,13,0.0008366,1.58,221.4,69.1,125.4,167.6,190.8,64.56,7.162e-06,2.408e-06,28.44,3.184e-06,8.98,660000.8,165000.4,9.31,35.5,12.8,0.003978,21,42000.6,18620,0.092374
61.3,5054,0.501,0.0407,0.01484,1.10656,58400,0.0222,0.516,0.4356,0.003948,0.374,0.5064,0.443,0.2662,0.2328,10.472,0.07762,0.05096,0.1524,0.0637,0.192,0.0707,0.0242,0.1738,89.28,3.02,576.8,13,0.0008366,1.58,221.4,69.1,141.6,167.6,190.8,64.56,7.162e-06,2.408e-06,28.44,3.184e-06,8.98,660000.8,165000.4,9.31,35.5,12.8,0.003978,21,42000.6,18620,0.092374
61.3,5054,0.501,0.0407,0.01484,1.10656,58400,0.0222,0.516,0.4356,0.003948,0.374,0.5064,0.443,0.2662,0.2622,10.472,0.07762,0.05096,0.1524,0.0637,0.192,0.0707,0.0242,0.1738,89.28,3.02,576.8,13,0.0008366,1.58,221.4,69.1,141.6,167.6,190.8,64.56,7.162e-06,2.408e-06,28.44,3.184e-06,8.98,660000.8,165000.4,9.31,35.5,12.8,0.003978,21,42000.6,18620,0.092374
61.3,5054,0.501,0.0407,0.01484,1.10656,71000,0.0222,0.516,0.4356,0.003948,0.374,0.5064,0.443,0.2662,0.2622,10.472,0.07762,0.05096,0.1524,0.0637,0.192,0.0707,0.0242,0.1738,89.28,3.02,576.8,13,0.0008366,1.58,221.4,69.1,141.6,167.6,190.8,64.56,7.162e-06,2.408e-06,28.44,3.184e-06,8.98,660000.8,165000.4,9.31,35.5,12.8,0.003978,21,42000.6,18620,0.092374
61.3,5054,0.501,0.0407,0.01484,1.10656,71000,0.0222,0.516,0.4356,0.003948,0.422,0.5064,0.443,0.2662,0.2622,10.472,0.07762,0.05096,0.1524,0.0637,0.192,0.0707,0.0242,0.1738,89.28,3.02,576.8,13,0.0008366,1.58,221.4,69.1,141.6,167.6,190.8,64.56,7.162e-06,2.408e-06,28.44,3.184e-06,8.98,660000.8,165000.4,9.31,35.5,12.8,0.003978,21,42000.6,18620,0.092374
61.3,5054,0.501,0.0407,0.01484,1.10656,71000,0.0222,0.516,0.4356,0.003948,0.422,0.5064,0.443,0.2662,0.2622,10.472,0.07762,0.05096,0.1524,0.0637,0.192,0.0707,0.0242,0.1738,89.28,3.02,576.8,13,0.0008366,1.58,221.4,69.1,141.6,167.6,190.8,64.56,7.162e-06,2.408e-06,28.44,3.184e-06,8.98,660000.8,165000.4,9.31,35.5,5.72,0.003978,21,42000.6,18620,0.092374
61.3,5054,0.501,0.0407,0.01484,1.10656,71000,0.0222,0.516,0.4356,0.003948,0.422,0.5064,0.443,0.2662,0.2622,9.23,0.07762,0.05096,0.1524,0.0637,0.192,0.0707,0.0242,0.1738,89.28,3.02,576.8,13,0.0008366,1.58,221.4,69.1,141.6,167.6,190.8,64.56,7.162e-06,2.408e-06,28.44,3.184e-06,8.98,660000.8,165000.4,9.31,35.5,5.72,0.003978,21,42000.6,18620,0.092374
61.3,5054,0.501,0.0407,0.01484,1.10656,71000,0.0222,0.516,0.4356,0.003948,0.422,0.5064,0.443,0.2662,0.2622,9.23,0.07762,0.05096,0.1524,0.0637,0.192,0.0707,0.0242,0.1738,89.28,3.02,576.8,13,0.0008366,1.58,221.4,69.1,141.6,167.6,169.2,64.56,7.162e-06,2.408e-06,28.44,3.184e-06,8.98,660000.8,165000.4,9.31,35.5,5.72,0.003978,21,42000.6,18620,0.092374
61.3,5054,0.501,0.0407,0.01484,1.10656,71000,0.0222,0.516,0.4356,0.003948,0.422,0.5064,0.443,0.2662,0.2622,9.23,0.07762,0.05096,0.1524,0.0637,0.192,0.06302,0.0242,0.1738,89.28,3.02,576.8,13,0.0008366,1.58,221.4,69.1,141.6,167.6,169.2,64.56,7.162e-06,2.408e-06,28.44,3.184e-06,8.98,660000.8,165000.4,9.31,35.5,5.72,0.003978,21,42000.6,18620,0.092374
61.3,5054,0.501,0.0407,0.01484,1.10656,71000,0.0222,0.516,0.4356,0.003948,0.422,0.5064,0.443,0.2662,0.2622,9.23,0.07762,0.05096,0.1524,0.0637,0.192,0.06302,0.0242,0.1738,89.28,3.02,576.8,13,0.0008366,1.58,221.4,69.1,141.6,167.6,169.2,64.56,8.05e-06,2.408e-06,28.44,3.184e-06,8.98,660000.8,165000.4,9.31,35.5,5.72,0.003978,21,42000.6,18620,0.092374
61.3,5054,0.501,0.0407,0.01484,1.10656,71000,0.0222,0.516,0.4356,0.003948,0.422,0.5064,0.443,0.2662,0.2622,9.23,0.07762,0.05096,0.1524,0.0637,0.192,0.06302,0.0242,0.1738,89.28,3.02,576.8,13,0.0008366,3.32,221.4,69.1,141.6,167.6,169.2,64.56,8.05e-06,2.408e-06,28.44,3.184e-06,8.98,660000.8,165000.4,9.31,35.5,5.72,0.003978,21,42000.6,18620,0.092374
61.3,5054,0.501,0.0407,0.01484,1.10656,71000,0.0222,0.516,0.4356,0.003948,0.422,0.5064,0.443,0.2662,0.2622,9.23,0.07762,0.05096,0.1524,0.0637,0.192,0.06302,0.0242,0.1738,89.28,3.02,576.8,13,0.0008366,3.32,221.4,69.1,141.6,167.6,169.2,64.56,8.05e-06,2.408e-06,28.44,3.184e-06,8.98,660000.8,165000.4,9.31,35.5,5.72,0.003978,21,105000,18620,0.092374
61.3,5054,0.501,0.0407,0.01484,1.10656,71000,0.0222,0.516,0.4356,0.003948,0.422,0.5064,0.443,0.2662,0.2622,9.23,0.07762,0.05096,0.1524,0.0637,0.192,0.06302,0.0242,0.1738,89.28,3.02,576.8,13,0.0008366,3.32,221.4,69.1,141.6,167.6,169.2,64.56,8.05e-06,2.408e-06,28.44,3.184e-06,8.98,660000.8,165000.4,9.31,35.5,5.72,0.003978,21,105000,18620,0.229
61.3,5054,0.501,0.0407,0.01484,1.10656,71000,0.0222,0.516,0.4356,0.003948,0.422,0.5064,0.443,0.2662,0.2622,9.23,0.07762,0.05096,0.1524,0.0637,0.192,0.06302,0.0242,0.1738,89.28,3.02,576.8,13,0.0008366,3.32,195,69.1,141.6,167.6,169.2,64.56,8.05e-06,2.408e-06,28.44,3.184e-06,8.98,660000.8,165000.4,9.31,35.5,5.72,0.003978,21,105000,18620,0.229
61.3,5054,0.501,0.0407,0.01484,1.10656,71000,0.0222,0.516,0.4356,0.003948,0.422,0.5064,0.443,0.2662,0.2622,9.23,0.07762,0.05096,0.1356,0.0637,0.192,0.06302,0.0242,0.1738,89.28,3.02,576.8,13,0.0008366,3.32,195,69.1,141.6,167.6,169.2,64.56,8.05e-06,2.408e-06,28.44,3.184e-06,8.98,660000.8,165000.4,9.31,35.5,5.72,0.003978,21,105000,18620,0.229
61.3,5054,0.501,0.0407,0.01484,1.10656,71000,0.0222,0.516,0.4356,0.003948,0.422,0.5064,0.443,0.2662,0.2622,9.23,0.07762,0.0572,0.1356,0.0637,0.192,0.06302,0.0242,0.1738,89.28,3.02,576.8,13,0.0008366,3.32,195,69.1,141.6,167.6,169.2,64.56,8.05e-06,2.408e-06,28.44,3.184e-06,8.98,660000.8,165000.4,9.31,35.5,5.72,0.003978,21,105000,18620,0.229
61.3,5054,0.501,0.0407,0.01484,1.10656,71000,0.0222,0.516,0.4356,0.003948,0.422,0.5064,0.443,0.2662,0.2622,9.23,0.07762,0.0572,0.1356,0.0637,0.192,0.06302,0.0242,0.1738,89.28,3.02,576.8,13,0.0008366,3.32,195,69.1,141.6,148.4,169.2,64.56,8.05e-06,2.408e-06,28.44,3.184e-06,8.98,660000.8,165000.4,9.31,35.5,5.72,0.003978,21,105000,18620,0.229
61.3,5054,0.501,0.0407,0.01316,1.10656,71000,0.0222,0.516,0.4356,0.003948,0.422,0.5064,0.443,0.2662,0.2622,9.23,0.07762,0.0572,0.1356,0.0637,0.192,0.06302,0.0242,0.1738,89.28,3.02,576.8,13,0.0008366,3.32,195,69.1,141.6,148.4,169.2,64.56,8.05e-06,2.408e-06,28.44,3.184e-06,8.98,660000.8,165000.4,9.31,35.5,5.72,0.003978,21,105000,18620,0.229
61.3,5054,0.501,0.0407,0.01316,1.10656,71000,0.0222,0.516,0.4356,0.003948,0.422,0.5064,0.443,0.2662,0.2622,9.23,0.07762,0.0572,0.1356,0.0637,0.216,0.06302,0.0242,0.1738,89.28,3.02,576.8,13,0.0008366,3.32,195,69.1,141.6,148.4,169.2,64.56,8.05e-06,2.408e-06,28.44,3.184e-06,8.98,660000.8,165000.4,9.31,35.5,5.72,0.003978,21,105000,18620,0.229
61.3,5054,0.501,0.0407,0.01316,1.10656,71000,0.0222,0.516,0.4356,0.003948,0.422,0.5064,0.443,0.2662,0.2622,9.23,0.07762,0.0572,0.1356,0.0637,0.216,0.06302,0.02156,0.1738,89.28,3.02,576.8,13,0.0008366,3.32,195,69.1,141.6,148.4,169.2,64.56,8.05e-06,2.408e-06,28.44,3.184e-06,8.98,660000.8,165000.4,9.31,35.5,5.72,0.003978,21,105000,18620,0.229
61.3,5054,0.501,0.0407,0.01316,1.10656,71000,0.0222,0.516,0.4356,0.003948,0.422,0.5064,0.443,0.2662,0.2622,9.23,0.07762,0.0572,0.1356,0.0637,0.216,0.06302,0.02156,0.1738,89.28,3.02,576.8,13,0.0008366,3.32,195,69.1,141.6,148.4,169.2,64.56,8.05e-06,2.408e-06,76.86,3.184e-06,8.98,660000.8,165000.4,9.31,35.5,5.72,0.003978,21,105000,18620,0.229
61.3,5054,0.501,0.0407,0.01316,1.10656,71000,0.0222,0.516,0.4356,0.003948,0.422,0.5064,0.443,0.2998,0.2622,9.23,0.07762,0.0572,0.1356,0.0637,0.216,0.06302,0.02156,0.1738,89.28,3.02,576.8,13,0.0008366,3.32,195,69.1,141.6,148.4,169.2,64.56,8.05e-06,2.408e-06,76.86,3.184e-06,8.98,660000.8,165000.4,9.31,35.5,5.72,0.003978,21,105000,18620,0.229
61.3,5054,0.501,0.0407,0.01316,1.10656,71000,0.0252,0.516,0.4356,0.003948,0.422,0.5064,0.443,0.2998,0.2622,9.23,0.07762,0.0572,0.1356,0.0637,0.216,0.06302,0.02156,0.1738,89.28,3.02,576.8,13,0.0008366,3.32,195,69.1,141.6,148.4,169.2,64.56,8.05e-06,2.408e-06,76.86,3.184e-06,8.98,660000.8,165000.4,9.31,35.5,5.72,0.003978,21,105000,18620,0.229
61.3,5054,0.501,0.0407,0.01316,1.10656,71000,0.0252,0.516,0.4356,0.004452,0.422,0.5064,0.443,0.2998,0.2622,9.23,0.07762,0.0572,0.1356,0.0637,0.216,0.06302,0.02156,0.1738,89.28,3.02,576.8,13,0.0008366,3.32,195,69.1,141.6,148.4,169.2,64.56,8.05e-06,2.408e-06,76.86,3.184e-06,8.98,660000.8,165000.4,9.31,35.5,5.72,0.003978,21,105000,18620,0.229
61.3,6140,0.501,0.0407,0.01316,1.10656,71000,0.0252,0.516,0.4356,0.004452,0.422,0.5064,0.443,0.2998,0.2622,9.23,0.07762,0.0572,0.1356,0.0637,0.216,0.06302,0.02156,0.1738,89.28,3.02,576.8,13,0.0008366,3.32,195,69.1,141.6,148.4,169.2,64.56,8.05e-06,2.408e-06,76.86,3.184e-06,8.98,660000.8,165000.4,9.31,35.5,5.72,0.003978,21,105000,18620,0.229
61.3,6140,0.501,0.0407,0.01316,1.10656,71000,0.0252,0.516,0.4356,0.004452,0.422,0.5064,0.443,0.2998,0.2622,9.23,0.07762,0.0572,0.1356,0.0637,0.216,0.06302,0.02156,0.1738,89.28,3.02,576.8,13,0.0008366,3.32,195,69.1,141.6,148.4,169.2,64.56,8.05e-06,2.408e-06,76.86,3.184e-06,8.98,660000.8,165000.4,9.31,35.5,5.72,0.005022,21,105000,18620,0.229
61.3,6140,0.501,0.0407,0.01316,0.0214,71000,0.0252,0.516,0.4356,0.004452,0.422,0.5064,0.443,0.2998,0.2622,9.23,0.07762,0.0572,0.1356,0.0637,0.216,0.06302,0.02156,0.1738,89.28,3.02,576.8,13,0.0008366,3.32,195,69.1,141.6,148.4,169.2,64.56,8.05e-06,2.408e-06,76.86,3.184e-06,8.98,660000.8,165000.4,9.31,35.5,5.72,0.005022,21,105000,18620,0.229
61.3,6140,0.501,0.0407,0.01316,0.0214,71000,0.0252,0.5844,0.4356,0.004452,0.422,0.5064,0.443,0.2998,0.2622,9.23,0.07762,0.0572,0.1356,0.0637,0.216,0.06302,0.02156,0.1738,89.28,3.02,576.8,13,0.0008366,3.32,195,69.1,141.6,148.4,169.2,64.56,8.05e-06,2.408e-06,76.86,3.184e-06,8.98,660000.8,165000.4,9.31,35.5,5.72,0.005022,21,105000,18620,0.229
61.3,6140,0.501,0.0407,0.01316,0.0214,71000,0.0252,0.5844,0.4356,0.004452,0.422,0.5064,0.443,0.2998,0.2622,9.23,0.07762,0.0572,0.1356,0.0637,0.216,0.06302,0.02156,0.1738,89.28,3.02,576.8,13,0.0008366,3.32,195,69.1,141.6,148.4,169.2,64.56,8.05e-06,2.408e-06,76.86,2.206e-06,8.98,660000.8,165000.4,9.31,35.5,5.72,0.005022,21,105000,18620,0.229
61.3,6140,0.501,0.0461,0.01316,0.0214,71000,0.0252,0.5844,0.4356,0.004452,0.422,0.5064,0.443,0.2998,0.2622,9.23,0.07762,0.0572,0.1356,0.0637,0.216,0.06302,0.02156,0.1738,89.28,3.02,576.8,13,0.0008366,3.32,195,69.1,141.6,148.4,169.2,64.56,8.05e-06,2.408e-06,76.86,2.206e-06,8.98,660000.8,165000.4,9.31,35.5,5.72,0.005022,21,105000,18620,0.229
61.3,6140,0.501,0.0461,0.01316,0.0214,71000,0.0252,0.5844,0.4356,0.004452,0.422,0.5064,0.443,0.2998,0.2622,9.23,0.07762,0.0572,0.1356,0.0637,0.216,0.06302,0.02156,0.1738,89.28,3.428,576.8,13,0.0008366,3.32,195,69.1,141.6,148.4,169.2,64.56,8.05e-06,2.408e-06,76.86,2.206e-06,8.98,660000.8,165000.4,9.31,35.5,5.72,0.005022,21,105000,18620,0.229
61.3,6140,0.501,0.0461,0.01316,0.0214,71000,0.0252,0.5844,0.4356,0.004452,0.422,0.5064,0.443,0.2998,0.2622,9.23,0.07762,0.0572,0.1356,0.0637,0.216,0.06302,0.02156,0.1738,89.28,3.428,576.8,13,0.0008366,3.32,195,69.1,141.6,148.4,169.2,64.56,8.05e-06,1.79e-06,76.86,2.206e-06,8.98,660000.8,165000.4,9.31,35.5,5.72,0.005022,21,105000,18620,0.229
61.3,6140,0.501,0.0461,0.01316,0.0214,71000,0.0252,0.5844,0.4356,0.004452,0.422,0.5064,0.395,0.2998,0.2622,9.23,0.07762,0.0572,0.1356,0.0637,0.216,0.06302,0.02156,0.1738,89.28,3.428,576.8,13,0.0008366,3.32,195,69.1,141.6,148.4,169.2,64.56,8.05e-06,1.79e-06,76.86,2.206e-06,8.98,660000.8,165000.4,9.31,35.5,5.72,0.005022,21,105000,18620,0.229
61.3,6140,0.501,0.0461,0.01316,0.0214,71000,0.0252,0.5844,0.4356,0.004452,0.422,0.5064,0.395,0.2998,0.2622,9.23,0.07762,0.0572,0.1356,0.0637,0.216,0.06302,0.02156,0.1738,89.28,3.428,576.8,13,0.0008366,3.32,195,69.1,141.6,148.4,169.2,64.56,8.05e-06,1.79e-06,76.86,2.206e-06,107.992,660000.8,165000.4,9.31,35.5,5.72,0.005022,21,105000,18620,0.229
61.3,6140,0.501,0.0461,0.01316,0.0214,71000,0.0252,0.5844,0.4356,0.004452,0.422,0.5064,0.395,0.2998,0.2622,9.23,0.07762,0.0572,0.1356,0.0637,0.216,0.06302,0.02156,0.1738,89.28,3.428,576.8,13,0.0008366,3.32,195,69.1,141.6,148.4,169.2,57.24,8.05e-06,1.79e-06,76.86,2.206e-06,107.992,660000.8,165000.4,9.31,35.5,5.72,0.005022,21,105000,18620,0.229
61.3,6140,0.501,0.0461,0.01316,0.0214,71000,0.0252,0.5844,0.4356,0.004452,0.422,0.5064,0.395,0.2998,0.2622,9.23,0.07762,0.0572,0.1356,0.0715,0.216,0.06302,0.02156,0.1738,89.28,3.428,576.8,13,0.0008366,3.32,195,69.1,141.6,148.4,169.2,57.24,8.05e-06,1.79e-06,76.86,2.206e-06,107.992,660000.8,165000.4,9.31,35.5,5.72,0.005022,21,105000,18620,0.229
61.3,6140,0.501,0.0461,0.01316,0.0214,71000,0.0252,0.5844,0.4356,0.004452,0.422,0.5064,0.395,0.2998,0.2622,9.23,0.07762,0.0572,0.1356,0.0715,0.216,0.06302,0.02156,0.1738,89.28,3.428,576.8,13,0.0008366,3.32,195,69.1,141.6,148.4,169.2,57.24,8.05e-06,1.79e-06,76.86,2.206e-06,107.992,2640000.2,165000.4,9.31,35.5,5.72,0.005022,21,105000,18620,0.229
61.3,6140,0.4122,0.0461,0.01316,0.0214,71000,0.0252,0.5844,0.4356,0.004452,0.422,0.5064,0.395,0.2998,0.2622,9.23,0.07762,0.0572,0.1356,0.0715,0.216,0.06302,0.02156,0.1738,89.28,3.428,576.8,13,0.0008366,3.32,195,69.1,141.6,148.4,169.2,57.24,8.05e-06,1.79e-06,76.86,2.206e-06,107.992,2640000.2,165000.4,9.31,35.5,5.72,0.005022,21,105000,18620,0.229
61.3,6140,0.4122,0.0461,0.01316,0.0214,71000,0.0252,0.5844,0.4356,0.004452,0.422,0.5706,0.395,0.2998,0.2622,9.23,0.07762,0.0572,0.1356,0.0715,0.216,0.06302,0.02156,0.1738,89.28,3.428,576.8,13,0.0008366,3.32,195,69.1,141.6,148.4,169.2,57.24,8.05e-06,1.79e-06,76.86,2.206e-06,107.992,2640000.2,165000.4,9.31,35.5,5.72,0.005022,21,105000,18620,0.229
61.3,6140,0.4122,0.0461,0.01316,0.0214,71000,0.0252,0.5844,0.4356,0.004452,0.422,0.5706,0.395,0.2998,0.2622,9.23,0.07762,0.0572,0.1356,0.0715,0.216,0.06302,0.02156,0.1738,43.2,3.428,576.8,13,0.0008366,3.32,195,69.1,141.6,148.4,169.2,57.24,8.05e-06,1.79e-06,76.86,2.206e-06,107.992,2640000.2,165000.4,9.31,35.5,5.72,0.005022,21,105000,18620,0.229
61.3,6140,0.4122,0.0461,0.01316,0.0214,71000,0.0252,0.5844,0.4356,0.004452,0.422,0.5706,0.395,0.2998,0.2622,9.23,0.07762,0.0572,0.1356,0.0715,0.216,0.06302,0.02156,0.1738,43.2,3.428,2304.2,13,0.0008366,3.32,195,69.1,141.6,148.4,169.2,57.24,8.05e-06,1.79e-06,76.86,2.206e-06,107.992,2640000.2,165000.4,9.31,35.5,5.72,0.005022,21,105000,18620,0.229
76.72,6140,0.4122,0.0461,0.01316,0.0214,71000,0.0252,0.5844,0.4356,0.004452,0.422,0.5706,0.395,0.2998,0.2622,9.23,0.07762,0.0572,0.1356,0.0715,0.216,0.06302,0.02156,0.1738,43.2,3.428,2304.2,13,0.0008366,3.32,195,69.1,141.6,148.4,169.2,57.24,8.05e-06,1.79e-06,76.86,2.206e-06,107.992,2640000.2,165000.4,9.31,35.5,5.72,0.005022,21,105000,18620,0.229
76.72,6140,0.4122,0.0461,0.01316,0.0214,71000,0.0252,0.5844,0.4356,0.004452,0.422,0.5706,0.395,0.2998,0.2622,9.23,0.07762,0.0572,0.1356,0.0715,0.216,0.06302,0.02156,0.1738,43.2,3.428,2304.2,13,0.0008366,3.32,195,69.1,141.6,148.4,169.2,57.24,8.05e-06,1.79e-06,76.86,2.206e-06,107.992,2640000.2,165000.4,9.31,35.5,5.72,0.005022,52.2,105000,18620,0.229
76.72,6140,0.4122,0.0461,0.01316,0.0214,71000,0.0252,0.5844,0.4356,0.004452,0.422,0.5706,0.395,0.2998,0.2622,9.23,0.07762,0.0572,0.1356,0.0715,0.216,0.06302,0.02156,0.1738,43.2,3.428,2304.2,13,0.0008366,3.32,195,69.1,141.6,148.4,169.2,57.24,8.05e-06,1.79e-06,76.86,2.206e-06,107.992,2640000.2,1,9.31,35.5,5.72,0.005022,52.2,105000,18620,0.229
76.72,6140,0.4122,0.0461,0.01316,0.0214,71000,0.0252,0.5844,0.4356,0.004452,0.422,0.5706,0.395,0.2998,0.2622,9.23,0.0685,0.0572,0.1356,0.0715,0.216,0.06302,0.02156,0.1738,43.2,3.428,2304.2,13,0.0008366,3.32,195,69.1,141.6,148.4,169.2,57.24,8.05e-06,1.79e-06,76.86,2.206e-06,107.992,2640000.2,1,9.31,35.5,5.72,0.005022,52.2,105000,18620,0.229
76.72,6140,0.4122,0.0461,0.01316,0.0214,71000,0.0252,0.5844,0.4356,0.004452,0.422,0.5706,0.395,0.2998,0.2622,9.23,0.0685,0.0572,0.1356,0.0715,0.216,0.06302,0.02156,0.1738,43.2,3.428,2304.2,11.32,0.0008366,3.32,195,69.1,141.6,148.4,169.2,57.24,8.05e-06,1.79e-06,76.86,2.206e-06,107.992,2640000.2,1,9.31,35.5,5.72,0.005022,52.2,105000,18620,0.229
66.44,6140,0.4122,0.0425,0.01316,1.46828,58400,0.0262,0.516,0.4356,0.00378,0.358,0.5064,0.379,0.311,0.2426,9.644,0.07458,0.0572,0.158,0.0663,0.192,0.06046,0.02244,0.149,58.56,3.564,2304.2,11.32,0.0016122,2.16,195,69.1,136.2,167.6,176.4,57.24,7.458e-06,2.408e-06,93,1.88e-06,41.984,1320000.6,220000.2,8.426,7.9,1,0.003978,41.8,63000.4,19360,0.092374
66.44,6140,0.4122,0.0425,0.01316,1.46828,58400,0.0262,0.516,0.4356,0.00378,0.358,0.5064,0.379,0.311,0.2426,9.644,0.07458,0.0572,0.158,0.0663,0.192,0.06046,0.02244,0.149,58.56,3.564,2304.2,11.32,0.0016122,2.16,195,69.1,136.2,167.6,176.4,57.24,7.458e-06,2.408e-06,44.58,1.88e-06,41.984,1320000.6,220000.2,8.426,7.9,1,0.003978,41.8,63000.4,19360,0.092374
66.44,6140,0.4122,0.0425,0.01316,0.38312,58400,0.0262,0.516,0.4356,0.00378,0.358,0.5064,0.379,0.311,0.2426,9.644,0.07458,0.0572,0.158,0.0663,0.192,0.06046,0.02244,0.149,58.56,3.564,2304.2,11.32,0.0016122,2.16,195,69.1,136.2,167.6,176.4,57.24,7.458e-06,2.408e-06,44.58,1.88e-06,41.984,1320000.6,220000.2,8.426,7.9,1,0.003978,41.8,63000.4,19360,0.092374
66.44,6140,0.4122,0.0425,0.01316,0.38312,58400,0.0262,0.516,0.4356,0.00378,0.358,0.5064,0.379,0.311,0.2426,9.644,0.07458,0.0572,0.158,0.0663,0.192,0.06046,0.02244,0.149,58.56,3.564,2304.2,11.32,0.0016122,2.16,195,69.1,136.2,167.6,176.4,57.24,7.458e-06,1.79e-06,44.58,1.88e-06,41.984,1320000.6,220000.2,8.426,7.9,1,0.003978,41.8,63000.4,19360,0.092374
66.44,6140,0.4122,0.0425,0.01316,0.38312,58400,0.0262,0.516,0.4356,0.00378,0.358,0.5064,0.379,0.311,0.2426,9.644,0.07458,0.0572,0.158,0.0663,0.192,0.06046,0.02244,0.149,58.56,3.564,2304.2,11.32,0.0016122,2.16,195,69.1,136.2,167.6,176.4,57.24,7.458e-06,1.79e-06,44.58,1.88e-06,41.984,1320000.6,220000.2,8.426,7.9,1,0.003978,73,63000.4,19360,0.092374
66.44,6140,0.4122,0.0425,0.01316,0.38312,58400,0.0262,0.516,0.4356,0.00378,0.358,0.5064,0.379,0.311,0.2426,10.886,0.07458,0.0572,0.158,0.0663,0.192,0.06046,0.02244,0.149,58.56,3.564,2304.2,11.32,0.0016122,2.16,195,69.1,136.2,167.6,176.4,57.24,7.458e-06,1.79e-06,44.58,1.88e-06,41.984,1320000.6,220000.2,8.426,7.9,1,0.003978,73,63000.4,19360,0.092374
66.44,6140,0.4122,0.0479,0.01316,0.38312,58400,0.0262,0.516,0.4356,0.00378,0.358,0.5064,0.379,0.311,0.2426,10.886,0.07458,0.0572,0.158,0.0663,0.192,0.06046,0.02244,0.149,58.56,3.564,2304.2,11.32,0.0016122,2.16,195,69.1,136.2,167.6,176.4,57.24,7.458e-06,1.79e-06,44.58,1.88e-06,41.984,1320000.6,220000.2,8.426,7.9,1,0.003978,73,63000.4,19360,0.092374
66.44,6140,0.4122,0.0479,0.01316,0.38312,58400,0.0262,0.516,0.4356,0.00378,0.358,0.5064,0.379,0.311,0.2426,10.886,0.07458,0.0572,0.158,0.0663,0.192,0.06046,0.02244,0.149,58.56,3.564,2304.2,11.32,0.0016122,2.16,195,69.1,136.2,167.6,176.4,57.24,7.458e-06,1.79e-06,44.58,1.88e-06,41.984,1320000.6,220000.2,8.426,7.9,1,0.005022,73,63000.4,19360,0.092374
66.44,6140,0.4122,0.0479,0.01316,0.38312,58400,0.0262,0.516,0.4356,0.00378,0.358,0.5064,0.427,0.311,0.2426,10.886,0.07458,0.0572,0.158,0.0663,0.192,0.06046,0.02244,0.149,58.56,3.564,2304.2,11.32,0.0016122,2.16,195,69.1,136.2,167.6,176.4,57.24,7.458e-06,1.79e-06,44.58,1.88e-06,41.984,1320000.6,220000.2,8.426,7.9,1,0.005022,73,63000.4,19360,0.092374
66.44,6140,0.4122,0.0479,0.01316,0.38312,58400,0.0262,0.516,0.4356,0.00378,0.358,0.5706,0.427,0.311,0.2426,10.886,0.07458,0.0572,0.158,0.0663,0.192,0.06046,0.02244,0.149,58.56,3.564,2304.2,11.32,0.0016122,2.16,195,69.1,136.2,167.6,176.4,57.24,7.458e-06,1.79e-06,44.58,1.88e-06,41.984,1320000.6,220000.2,8.426,7.9,1,0.005022,73,63000.4,19360,0.092374
66.44,6140,0.4122,0.0479,0.01316,0.38312,58400,0.0262,0.516,0.4356,0.00378,0.358,0.5706,0.427,0.311,0.2426,10.886,0.07458,0.0572,0.158,0.0663,0.192,0.06046,0.02244,0.149,58.56,3.564,2304.2,13,0.0016122,2.16,195,69.1,136.2,167.6,176.4,57.24,7.458e-06,1.79e-06,44.58,1.88e-06,41.984,1320000.6,220000.2,8.426,7.9,1,0.005022,73,63000.4,19360,0.092374
66.44,6140,0.4122,0.0479,0.01316,0.38312,58400,0.0262,0.516,0.4356,0.00378,0.358,0.5706,0.427,0.311,0.2426,10.886,0.07458,0.0572,0.158,0.0663,0.192,0.06046,0.02244,0.149,58.56,3.564,2304.2,13,0.0016122,2.16,195,69.1,136.2,167.6,176.4,57.24,7.458e-06,1.79e-06,44.58,1.88e-06,41.984,1320000.6,220000.2,8.426,7.9,1,0.005022,73,63000.4,19360,0.229
66.44,6140,0.4122,0.0479,0.01316,0.38312,58400,0.0262,0.516,0.4356,0.00378,0.358,0.5706,0.427,0.311,0.2426,10.886,0.07458,0.0572,0.158,0.0663,0.192,0.06046,0.02244,0.149,58.56,3.564,2304.2,13,0.0016122,2.16,195,61.54,136.2,167.6,176.4,57.24,7.458e-06,1.79e-06,44.58,1.88e-06,41.984,1320000.6,220000.2,8.426,7.9,1,0.005022,73,63000.4,19360,0.229
66.44,6140,0.4122,0.0479,0.01316,0.38312,58400,0.0262,0.516,0.4356,0.00378,0.358,0.5706,0.427,0.311,0.2426,10.886,0.07458,0.0572,0.158,0.0663,0.192,0.06046,0.02244,0.149,58.56,3.564,2304.2,13,0.0016122,2.16,195,61.54,136.2,167.6,176.4,57.24,7.458e-06,1.79e-06,44.58,1.88e-06,41.984,1320000.6,220000.2,8.426,7.9,8.08,0.005022,73,63000.4,19360,0.229
66.44,6140,0.4122,0.0479,0.01316,0.38312,71000,0.0262,0.516,0.4356,0.00378,0.358,0.5706,0.427,0.311,0.2426,10.886,0.07458,0.0572,0.158,0.0663,0.192,0.06046,0.02244,0.149,58.56,3.564,2304.2,13,0.0016122,2.16,195,61.54,136.2,167.6,176.4,57.24,7.458e-06,1.79e-06,44.58,1.88e-06,41.984,1320000.6,220000.2,8.426,7.9,8.08,0.005022,73,63000.4,19360,0.229
66.44,6140,0.4122,0.0479,0.01316,0.38312,71000,0.0262,0.5844,0.4356,0.00378,0.358,0.5706,0.427,0.311,0.2426,10.886,0.07458,0.0572,0.158,0.0663,0.192,0.06046,0.02244,0.149,58.56,3.564,2304.2,13,0.0016122,2.16,195,61.54,136.2,167.6,176.4,57.24,7.458e-06,1.79e-06,44.58,1.88e-06,41.984,1320000.6,220000.2,8.426,7.9,8.08,0.005022,73,63000.4,19360,0.229
66.44,6140,0.4122,0.0479,0.01316,0.38312,71000,0.0262,0.5844,0.4356,0.00378,0.358,0.5706,0.427,0.311,0.2426,10.886,0.07458,0.0572,0.158,0.0663,0.192,0.06046,0.02244,0.149,58.56,3.564,2304.2,13,0.0016122,2.16,221.4,61.54,136.2,167.6,176.4,57.24,7.458e-06,1.79e-06,44.58,1.88e-06,41.984,1320000.6,220000.2,8.426,7.9,8.08,0.005022,73,63000.4,19360,0.229
66.44,6140,0.4122,0.0479,0.01316,0.38312,71000,0.0262,0.5844,0.4356,0.00378,0.358,0.5706,0.427,0.311,0.2426,10.886,0.07458,0.0572,0.158,0.0663,0.192,0.06046,0.02244,0.149,58.56,3.564,2304.2,13,0.0004488,2.16,221.4,61.54,136.2,167.6,176.4,57.24,7.458e-06,1.79e-06,44.58,1.88e-06,41.984,1320000.6,220000.2,8.426,7.9,8.08,0.005022,73,63000.4,19360,0.229
66.44,6140,0.4122,0.0479,0.01316,0.38312,71000,0.0262,0.5844,0.4356,0.00378,0.358,0.5706,0.427,0.311,0.2426,10.886,0.07458,0.0572,0.158,0.0663,0.192,0.06046,0.02244,0.149,58.56,3.564,2304.2,13,0.0004488,2.16,221.4,61.54,136.2,167.6,176.4,57.24,7.458e-06,1.79e-06,44.58,1.88e-06,41.984,3300000,220000.2,8.426,7.9,8.08,0.005022,73,63000.4,19360,0.229
66.44,6140,0.4122,0.0479,0.01316,0.38312,71000,0.0262,0.5844,0.4356,0.00378,0.358,0.5706,0.427,0.311,0.2426,10.886,0.07458,0.0572,0.158,0.0663,0.192,0.06046,0.02244,0.1862,58.56,3.564,2304.2,13,0.0004488,2.16,221.4,61.54,136.2,167.6,176.4,57.24,7.458e-06,1.79e-06,44.58,1.88e-06,41.984,3300000,220000.2,8.426,7.9,8.08,0.005022,73,63000.4,19360,0.229
66.44,6140,0.4122,0.0479,0.01316,0.38312,71000,0.0262,0.5844,0.4356,0.00378,0.358,0.5706,0.427,0.311,0.2426,10.886,0.07458,0.05096,0.158,0.0663,0.192,0.06046,0.02244,0.1862,58.56,3.564,2304.2,13,0.0004488,2.16,221.4,61.54,136.2,167.6,176.4,57.24,7.458e-06,1.79e-06,44.58,1.88e-06,41.984,3300000,220000.2,8.426,7.9,8.08,0.005022,73,63000.4,19360,0.229
66.44,6140,0.4122,0.0479,0.01316,0.38312,71000,0.0262,0.5844,0.4356,0.00378,0.358,0.5706,0.427,0.311,0.2426,10.886,0.07458,0.05096,0.158,0.0663,0.192,0.06046,0.02244,0.1862,104.64,3.564,2304.2,13,0.0004488,2.16,221.4,61.54,136.2,167.6,176.4,57.24,7.458e-06,1.79e-06,44.58,1.88e-06,41.984,3300000,220000.2,8.426,7.9,8.08,0.005022,73,63000.4,19360,0.229
66.44,6140,0.4122,0.0479,0.01316,0.38312,71000,0.0262,0.5844,0.4356,0.00378,0.358,0.5706,0.427,0.311,0.2426,10.886,0.07458,0.05096,0.158,0.0663,0.192,0.06046,0.02244,0.1862,104.64,3.564,2304.2,13,0.0004488,2.16,221.4,61.54,120,167.6,176.4,57.24,7.458e-06,1.79e-06,44.58,1.88e-06,41.984,3300000,220000.2,8.426,7.9,8.08,0.005022,73,63000.4,19360,0.229
66.44,6140,0.4122,0.0479,0.01316,0.38312,71000,0.0262,0.5844,0.384,0.00378,0.358,0.5706,0.427,0.311,0.2426,10.886,0.07458,0.05096,0.158,0.0663,0.192,0.06046,0.02244,0.1862,104.64,3.564,2304.2,13,0.0004488,2.16,221.4,61.54,120,167.6,176.4,57.24,7.458e-06,1.79e-06,44.58,1.88e-06,41.984,3300000,220000.2,8.426,7.9,8.08,0.005022,73,63000.4,19360,0.229
66.44,6140,0.4122,0.0479,0.01316,0.38312,71000,0.0262,0.5844,0.384,0.00378,0.358,0.5706,0.427,0.2774,0.2426,10.886,0.07458,0.05096,0.158,0.0663,0.192,0.06046,0.02244,0.1862,104.64,3.564,2304.2,13,0.0004488,2.16,221.4,61.54,120,167.6,176.4,57.24,7.458e-06,1.79e-06,44.58,1.88e-06,41.984,3300000,220000.2,8.426,7.9,8.08,0.005022,73,63000.4,19360,0.229
66.44,6140,0.4122,0.0479,0.01316,0.38312,71000,0.0262,0.5844,0.384,0.00378,0.358,0.5706,0.427,0.2774,0.2426,10.886,0.0837,0.05096,0.158,0.0663,0.192,0.06046,0.02244,0.1862,104.64,3.564,2304.2,13,0.0004488,2.16,221.4,61.54,120,167.6,176.4,57.24,7.458e-06,1.79e-06,44.58,1.88e-06,41.984,3300000,220000.2,8.426,7.9,8.08,0.005022,73,63000.4,19360,0.229
66.44,6140,0.4122,0.0479,0.01316,0.38312,71000,0.0262,0.5844,0.384,0.00378,0.358,0.5706,0.427,0.2774,0.272,10.886,0.0837,0.05096,0.158,0.0663,0.192,0.06046,0.02244,0.1862,104.64,3.564,2304.2,13,0.0004488,2.16,221.4,61.54,120,167.6,176.4,57.24,7.458e-06,1.79e-06,44.58,1.88e-06,41.984,3300000,220000.2,8.426,7.9,8.08,0.005022,73,63000.4,19360,0.229
66.44,6140,0.4122,0.0479,0.01316,0.38312,71000,0.0262,0.5844,0.384,0.00378,0.358,0.5706,0.427,0.2774,0.272,10.886,0.0837,0.05096,0.158,0.0663,0.192,0.06046,0.0198,0.1862,104.64,3.564,2304.2,13,0.0004488,2.16,221.4,61.54,120,167.6,176.4,57.24,7.458e-06,1.79e-06,44.58,1.88e-06,41.984,3300000,220000.2,8.426,7.9,8.08,0.005022,73,63000.4,19360,0.229
66.44,6140,0.4122,0.0479,0.01316,0.38312,71000,0.0262,0.5844,0.384,0.00378,0.358,0.5706,0.427,0.2774,0.272,10.886,0.0837,0.05096,0.158,0.0663,0.192,0.06046,0.0198,0.1862,104.64,3.564,2304.2,13,0.0004488,2.16,221.4,61.54,120,167.6,198,57.24,7.458e-06,1.79e-06,44.58,1.88e-06,41.984,3300000,220000.2,8.426,7.9,8.08,0.005022,73,63000.4,19360,0.229
81.86,6140,0.4122,0.0479,0.01316,0.38312,71000,0.0262,0.5844,0.384,0.00378,0.358,0.5706,0.427,0.2774,0.272,10.886,0.0837,0.05096,0.158,0.0663,0.192,0.06046,0.0198,0.1862,104.64,3.564,2304.2,13,0.0004488,2.16,221.4,61.54,120,167.6,198,57.24,7.458e-06,1.79e-06,44.58,1.88e-06,41.984,3300000,220000.2,8.426,7.9,8.08,0.005022,73,63000.4,19360,0.229
81.86,6140,0.4122,0.0479,0.01316,0.38312,71000,0.0262,0.5844,0.384,0.00378,0.358,0.5706,0.427,0.2774,0.272,10.886,0.0837,0.05096,0.158,0.0663,0.192,0.06046,0.0198,0.1862,104.64,3.564,2304.2,13,0.0004488,2.16,221.4,61.54,120,148.4,198,57.24,7.458e-06,1.79e-06,44.58,1.88e-06,41.984,3300000,220000.2,8.426,7.9,8.08,0.005022,73,63000.4,19360,0.229
81.86,6140,0.4122,0.0479,0.01316,0.38312,71000,0.0262,0.5844,0.384,0.00378,0.406,0.5706,0.427,0.2774,0.272,10.886,0.0837,0.05096,0.158,0.0663,0.192,0.06046,0.0198,0.1862,104.64,3.564,2304.2,13,0.0004488,2.16,221.4,61.54,120,148.4,198,57.24,7.458e-06,1.79e-06,44.58,1.88e-06,41.984,3300000,220000.2,8.426,7.9,8.08,0.005022,73,63000.4,19360,0.229
81.86,6140,0.4122,0.0479,0.01316,0.38312,71000,0.0262,0.5844,0.384,0.00378,0.406,0.5706,0.427,0.2774,0.272,10.886,0.0837,0.05096,0.158,0.0663,0.192,0.06046,0.0198,0.1862,104.64,3.564,2304.2,13,0.0004488,2.16,221.4,61.54,120,148.4,198,57.24,6.57e-06,1.79e-06,44.58,1.88e-06,41.984,3300000,220000.2,8.426,7.9,8.08,0.005022,73,63000.4,19360,0.229
81.86,6140,0.4122,0.0479,0.01316,0.38312,71000,0.0262,0.5844,0.384,0.00378,0.406,0.5706,0.427,0.2774,0.272,10.886,0.0837,0.05096,0.158,0.0663,0.192,0.06046,0.0198,0.1862,104.64,3.564,2304.2,13,0.0004488,3.9,221.4,61.54,120,148.4,198,57.24,6.57e-06,1.79e-06,44.58,1.88e-06,41.984,3300000,220000.2,8.426,7.9,8.08,0.005022,73,63000.4,19360,0.229
81.86,6140,0.4122,0.0479,0.01316,0.38312,71000,0.0262,0.5844,0.384,0.00378,0.406,0.5706,0.427,0.2774,0.272,10.886,0.0837,0.05096,0.158,0.0663,0.192,0.06046,0.0198,0.1862,104.64,3.564,2304.2,13,0.0004488,3.9,221.4,61.54,120,148.4,198,57.24,6.57e-06,1.79e-06,44.58,1.88e-06,140.996,3300000,220000.2,8.426,7.9,8.08,0.005022,73,63000.4,19360,0.229
81.86,5054,0.4122,0.0479,0.01316,0.38312,71000,0.0262,0.5844,0.384,0.00378,0.406,0.5706,0.427,0.2774,0.272,10.886,0.0837,0.05096,0.158,0.0663,0.192,0.06046,0.0198,0.1862,104.64,3.564,2304.2,13,0.0004488,3.9,221.4,61.54,120,148.4,198,57.24,6.57e-06,1.79e-06,44.58,1.88e-06,140.996,3300000,220000.2,8.426,7.9,8.08,0.005022,73,63000.4,19360,0.229
81.86,5054,0.4122,0.0479,0.01316,0.38312,71000,0.0262,0.5844,0.384,0.00378,0.406,0.5706,0.427,0.2774,0.272,10.886,0.0837,0.05096,0.158,0.0663,0.192,0.06046,0.0198,0.1862,104.64,3.564,2304.2,13,0.0004488,3.9,221.4,61.54,120,148.4,198,57.24,6.57e-06,1.79e-06,44.58,1.88e-06,140.996,3300000,55000.8,8.426,7.9,8.08,0.005022,73,63000.4,19360,0.229
81.86,5054,0.4122,0.0479,0.01316,0.38312,71000,0.0262,0.5844,0.384,0.00378,0.406,0.5706,0.427,0.2774,0.272,10.886,0.0837,0.05096,0.158,0.0663,0.192,0.06046,0.0198,0.1862,104.64,3.156,2304.2,13,0.0004488,3.9,221.4,61.54,120,148.4,198,57.24,6.57e-06,1.79e-06,44.58,1.88e-06,140.996,3300000,55000.8,8.426,7.9,8.08,0.005022,73,63000.4,19360,0.229
81.86,5054,0.4122,0.0479,0.01316,0.38312,71000,0.0262,0.5844,0.384,0.004284,0.406,0.5706,0.427,0.2774,0.272,10.886,0.0837,0.05096,0.158,0.0663,0.192,0.06046,0.0198,0.1862,104.64,3.156,2304.2,13,0.0004488,3.9,221.4,61.54,120,148.4,198,57.24,6.57e-06,1.79e-06,44.58,1.88e-06,140.996,3300000,55000.8,8.426,7.9,8.08,0.005022,73,63000.4,19360,0.229
81.86,5054,0.4122,0.0479,0.01316,0.38312,71000,0.0262,0.5844,0.384,0.004284,0.406,0.5706,0.427,0.2774,0.272,10.886,0.0837,0.05096,0.158,0.0585,0.192,0.06046,0.0198,0.1862,104.64,3.156,2304.2,13,0.0004488,3.9,221.4,61.54,120,148.4,198,57.24,6.57e-06,1.79e-06,44.58,1.88e-06,140.996,3300000,55000.8,8.426,7.9,8.08,0.005022,73,63000.4,19360,0.229
81.86,5054,0.4122,0.0479,0.01316,0.38312,71000,0.0262,0.5844,0.384,0.004284,0.406,0.5706,0.427,0.2774,0.272,10.886,0.0837,0.05096,0.158,0.0585,0.192,0.06046,0.0198,0.1862,104.64,3.156,2304.2,13,0.0004488,3.9,221.4,61.54,120,148.4,198,57.24,6.57e-06,1.79e-06,44.58,2.858e-06,140.996,3300000,55000.8,8.426,7.9,8.08,0.005022,73,63000.4,19360,0.229
81.86,5054,0.4122,0.0479,0.01316,0.38312,71000,0.0262,0.5844,0.384,0.004284,0.406,0.5706,0.427,0.2774,0.272,10.886,0.0837,0.05096,0.158,0.0585,0.192,0.06046,0.0198,0.1862,104.64,3.156,2304.2,13,0.0004488,3.9,221.4,61.54,120,148.4,198,57.24,6.57e-06,1.79e-06,44.58,2.858e-06,140.996,3300000,55000.8,8.426,7.9,8.08,0.005022,73,1,19360,0.229
81.86,5054,0.4122,0.0479,0.01316,0.38312,71000,0.0262,0.5844,0.384,0.004284,0.406,0.5706,0.427,0.2774,0.272,10.886,0.0837,0.05096,0.158,0.0585,0.192,0.06814,0.0198,0.1862,104.64,3.156,2304.2,13,0.0004488,3.9,221.4,61.54,120,148.4,198,57.24,6.57e-06,1.79e-06,44.58,2.858e-06,140.996,3300000,55000.8,8.426,7.9,8.08,0.005022,73,1,19360,0.229
81.86,5054,0.4122,0.0479,0.01316,0.38312,71000,0.0262,0.5844,0.384,0.004284,0.406,0.5706,0.427,0.2774,0.272,10.886,0.0837,0.05096,0.158,0.0585,0.216,0.06814,0.0198,0.1862,104.64,3.156,2304.2,13,0.0004488,3.9,221.4,61.54,120,148.4,198,57.24,6.57e-06,1.79e-06,44.58,2.858e-06,140.996,3300000,55000.8,8.426,7.9,8.08,0.005022,73,1,19360,0.229
81.86,5054,0.4122,0.0479,0.01316,0.38312,71000,0.0262,0.5844,0.384,0.004284,0.406,0.5706,0.427,0.2774,0.272,10.886,0.0837,0.05096,0.158,0.0585,0.216,0.06814,0.0198,0.1862,104.64,3.156,2304.2,13,0.0004488,3.9,221.4,61.54,120,148.4,198,57.24,6.57e-06,1.79e-06,44.58,2.858e-06,140.996,3300000,55000.8,5.774,7.9,8.08,0.005022,73,1,19360,0.229
81.86,5054,0.4122,0.0479,0.01316,0.38312,71000,0.0262,0.5844,0.384,0.004284,0.406,0.5706,0.427,0.2774,0.272,10.886,0.0837,0.05096,0.158,0.0585,0.216,0.06814,0.0198,0.1862,104.64,3.156,576.8,13,0.0004488,3.9,221.4,61.54,120,148.4,198,57.24,6.57e-06,1.79e-06,44.58,2.858e-06,140.996,3300000,55000.8,5.774,7.9,8.08,0.005022,73,1,19360,0.229
81.86,5054,0.4122,0.0479,0.01316,0.38312,71000,0.0232,0.5844,0.384,0.004284,0.406,0.5706,0.427,0.2774,0.272,10.886,0.0837,0.05096,0.158,0.0585,0.216,0.06814,0.0198,0.1862,104.64,3.156,576.8,13,0.0004488,3.9,221.4,61.54,120,148.4,198,57.24,6.57e-06,1.79e-06,44.58,2.858e-06,140.996,3300000,55000.8,5.774,7.9,8.08,0.005022,73,1,19360,0.229
81.86,5054,0.4122,0.0479,0.01316,0.38312,71000,0.0232,0.5844,0.384,0.004284,0.406,0.5706,0.427,0.2774,0.272,10.886,0.0837,0.05096,0.158,0.0585,0.216,0.06814,0.0198,0.1862,104.64,3.156,576.8,13,0.0004488,3.9,221.4,61.54,120,148.4,198,64.56,6.57e-06,1.79e-06,44.58,2.858e-06,140.996,3300000,55000.8,5.774,7.9,8.08,0.005022,73,1,19360,0.229
81.86,5054,0.4122,0.0479,0.01316,0.38312,71000,0.0232,0.5844,0.384,0.004284,0.406,0.5706,0.427,0.2774,0.272,10.886,0.0837,0.05096,0.158,0.0585,0.216,0.06814,0.0198,0.1862,104.64,3.156,576.8,13,0.0004488,3.9,221.4,61.54,120,148.4,198,64.56,6.57e-06,1.79e-06,44.58,2.858e-06,140.996,3300000,55000.8,5.774,28.6,8.08,0.005022,73,1,19360,0.229
81.86,5054,0.4122,0.0479,0.01316,0.38312,71000,0.0232,0.5844,0.384,0.004284,0.406,0.5706,0.427,0.2774,0.272,10.886,0.0837,0.05096,0.1412,0.0585,0.216,0.06814,0.0198,0.1862,104.64,3.156,576.8,13,0.0004488,3.9,221.4,61.54,120,148.4,198,64.56,6.57e-06,1.79e-06,44.58,2.858e-06,140.996,3300000,55000.8,5.774,28.6,8.08,0.005022,73,1,19360,0.229
81.86,5054,0.4122,0.0479,0.01484,0.38312,71000,0.0232,0.5844,0.384,0.004284,0.406,0.5706,0.427,0.2774,0.272,10.886,0.0837,0.05096,0.1412,0.0585,0.216,0.06814,0.0198,0.1862,104.64,3.156,576.8,13,0.0004488,3.9,221.4,61.54,120,148.4,198,64.56,6.57e-06,1.79e-06,44.58,2.858e-06,140.996,3300000,55000.8,5.774,28.6,8.08,0.005022,73,1,19360,0.229
81.86,5054,0.501,0.0479,0.01484,0.38312,71000,0.0232,0.5844,0.384,0.004284,0.406,0.5706,0.427,0.2774,0.272,10.886,0.0837,0.05096,0.1412,0.0585,0.216,0.06814,0.0198,0.1862,104.64,3.156,576.8,13,0.0004488,3.9,221.4,61.54,120,148.4,198,64.56,6.57e-06,1.79e-06,44.58,2.858e-06,140.996,3300000,55000.8,5.774,28.6,8.08,0.005022,73,1,19360,0.229
81.86,5054,0.501,0.0479,0.01484,0.38312,71000,0.0232,0.5844,0.384,0.004284,0.406,0.5706,0.427,0.2774,0.272,10.886,0.0837,0.05096,0.1412,0.0585,0.216,0.06814,0.0198,0.1862,104.64,3.156,576.8,13,0.0004488,3.9,221.4,61.54,120,148.4,198,64.56,6.57e-06,1.79e-06,44.58,2.858e-06,140.996,3300000,55000.8,5.774,28.6,8.08,0.005022,73,1,17140,0.229
66.44,6140,0.4122,0.0479,0.01428,0.0214,62600,0.0232,0.6072,0.4528,0.003948,0.422,0.5278,0.411,0.2662,0.2328,9.644,0.08066,0.05512,0.1356,0.0637,0.176,0.0579,0.02244,0.1738,73.92,3.564,1152.6,10.2,0.0016122,3.32,195,66.58,130.8,154.8,198,54.8,7.162e-06,2.82e-06,12.3,1.88e-06,41.984,2640000.2,55000.8,5.774,28.6,8.08,0.005022,31.4,105000,17140,0.229
66.44,6140,0.4122,0.0479,0.01428,0.0214,62600,0.0232,0.6072,0.4012,0.003948,0.422,0.5278,0.411,0.2662,0.2328,9.644,0.08066,0.05512,0.1356,0.0637,0.176,0.0579,0.02244,0.1738,73.92,3.564,1152.6,10.2,0.0016122,3.32,195,66.58,130.8,154.8,198,54.8,7.162e-06,2.82e-06,12.3,1.88e-06,41.984,2640000.2,55000.8,5.774,28.6,8.08,0.005022,31.4,105000,17140,0.229
66.44,6140,0.4122,0.0479,0.01428,0.0214,62600,0.0232,0.6072,0.4012,0.003948,0.422,0.5278,0.363,0.2662,0.2328,9.644,0.08066,0.05512,0.1356,0.0637,0.176,0.0579,0.02244,0.1738,73.92,3.564,1152.6,10.2,0.0016122,3.32,195,66.58,130.8,154.8,198,54.8,7.162e-06,2.82e-06,12.3,1.88e-06,41.984,2640000.2,55000.8,5.774,28.6,8.08,0.005022,31.4,105000,17140,0.229
66.44,6140,0.4122,0.0479,0.01428,0.0214,62600,0.0232,0.6072,0.4012,0.003948,0.422,0.5278,0.363,0.2662,0.2328,9.644,0.08066,0.05512,0.1524,0.0637,0.176,0.0579,0.02244,0.1738,73.92,3.564,1152.6,10.2,0.0016122,3.32,195,66.58,130.8,154.8,198,54.8,7.162e-06,2.82e-06,12.3,1.88e-06,41.984,2640000.2,55000.8,5.774,28.6,8.08,0.005022,31.4,105000,17140,0.229
66.44,6140,0.4122,0.0479,0.01428,0.0214,62600,0.0232,0.6072,0.4012,0.003948,0.422,0.5278,0.363,0.2662,0.2328,9.644,0.08066,0.05512,0.1524,0.0637,0.176,0.0579,0.02244,0.1738,73.92,3.564,1152.6,10.2,0.0016122,1.58,195,66.58,130.8,154.8,198,54.8,7.162e-06,2.82e-06,12.3,1.88e-06,41.984,2640000.2,55000.8,5.774,28.6,8.08,0.005022,31.4,105000,17140,0.229
66.44,6140,0.4122,0.0479,0.01428,0.0214,62600,0.0232,0.6072,0.4012,0.003948,0.422,0.5278,0.363,0.2662,0.2328,9.644,0.08066,0.05512,0.1524,0.0637,0.176,0.0579,0.02244,0.1738,73.92,3.564,1152.6,10.2,0.0016122,1.58,195,66.58,130.8,154.8,198,54.8,7.162e-06,2.82e-06,12.3,1.88e-06,41.984,2640000.2,55000.8,8.426,28.6,8.08,0.005022,31.4,105000,17140,0.229
66.44,6140,0.4122,0.0479,0.01428,0.0214,62600,0.0232,0.6072,0.4012,0.003948,0.422,0.5278,0.363,0.2662,0.2328,9.644,0.08066,0.05512,0.1524,0.0637,0.176,0.0579,0.02244,0.1738,73.92,3.564,1152.6,10.2,0.0016122,1.58,195,66.58,130.8,154.8,198,54.8,7.162e-06,2.82e-06,12.3,1.88e-06,41.984,2640000.2,55000.8,8.426,28.6,8.08,0.005022,31.4,105000,17140,0.092374
66.44,6140,0.4122,0.0479,0.01428,0.0214,50000,0.0232,0.6072,0.4012,0.003948,0.422,0.5278,0.363,0.2662,0.2328,9.644,0.08066,0.05512,0.1524,0.0637,0.176,0.0579,0.02244,0.1738,73.92,3.564,1152.6,10.2,0.0016122,1.58,195,66.58,130.8,154.8,198,54.8,7.162e-06,2.82e-06,12.3,1.88e-06,41.984,2640000.2,55000.8,8.426,28.6,8.08,0.005022,31.4,105000,17140,0.092374
66.44,6140,0.4122,0.0479,0.01428,0.0214,50000,0.0232,0.6072,0.4012,0.003948,0.422,0.5278,0.363,0.2662,0.2328,9.644,0.08066,0.05512,0.1524,0.0637,0.2,0.0579,0.02244,0.1738,73.92,3.564,1152.6,10.2,0.0016122,1.58,195,66.58,130.8,154.8,198,54.8,7.162e-06,2.82e-06,12.3,1.88e-06,41.984,2640000.2,55000.8,8.426,28.6,8.08,0.005022,31.4,105000,17140,0.092374
66.44,6140,0.4122,0.0479,0.01428,0.0214,50000,0.0232,0.5388,0.4012,0.003948,0.422,0.5278,0.363,0.2662,0.2328,9.644,0.08066,0.05512,0.1524,0.0637,0.2,0.0579,0.02244,0.1738,73.92,3.564,1152.6,10.2,0.0016122,1.58,195,66.58,130.8,154.8,198,54.8,7.162e-06,2.82e-06,12.3,1.88e-06,41.984,2640000.2,55000.8,8.426,28.6,8.08,0.005022,31.4,105000,17140,0.092374
66.44,6140,0.4122,0.0479,0.01428,0.0214,50000,0.0232,0.5388,0.4012,0.003948,0.422,0.5278,0.363,0.2662,0.2328,9.644,0.08066,0.05512,0.1524,0.0637,0.2,0.0579,0.02244,0.1738,73.92,3.564,1152.6,10.2,0.0016122,1.58,195,66.58,130.8,154.8,176.4,54.8,7.162e-06,2.82e-06,12.3,1.88e-06,41.984,2640000.2,55000.8,8.426,28.6,8.08,0.005022,31.4,105000,17140,0.092374
66.44,6140,0.4122,0.0479,0.01428,0.0214,50000,0.0232,0.5388,0.4012,0.003948,0.422,0.5278,0.363,0.2662,0.2328,9.644,0.08066,0.05512,0.1524,0.0637,0.2,0.0579,0.02244,0.1738,73.92,3.564,1152.6,10.2,0.0016122,1.58,195,66.58,130.8,174,176.4,54.8,7.162e-06,2.82e-06,12.3,1.88e-06,41.984,2640000.2,55000.8,8.426,28.6,8.08,0.005022,31.4,105000,17140,0.092374
66.44,6140,0.4122,0.0479,0.01428,0.0214,50000,0.0232,0.5388,0.4012,0.003948,0.422,0.5278,0.363,0.2662,0.2328,9.644,0.08066,0.05512,0.1524,0.0715,0.2,0.0579,0.02244,0.1738,73.92,3.564,1152.6,10.2,0.0016122,1.58,195,66.58,130.8,174,176.4,54.8,7.162e-06,2.82e-06,12.3,1.88e-06,41.984,2640000.2,55000.8,8.426,28.6,8.08,0.005022,31.4,105000,17140,0.092374
66.44,6140,0.4122,0.0479,0.01428,0.0214,50000,0.0232,0.5388,0.4012,0.003948,0.422,0.5278,0.363,0.2662,0.2328,9.644,0.08066,0.05512,0.1524,0.0715,0.2,0.0579,0.02244,0.1738,73.92,3.156,1152.6,10.2,0.0016122,1.58,195,66.58,130.8,174,176.4,54.8,7.162e-06,2.82e-06,12.3,1.88e-06,41.984,2640000.2,55000.8,8.426,28.6,8.08,0.005022,31.4,105000,17140,0.092374
66.44,6140,0.4122,0.0479,0.01428,0.0214,50000,0.0232,0.5388,0.4012,0.003948,0.422,0.5278,0.363,0.2662,0.2328,9.644,0.08066,0.05512,0.1524,0.0715,0.2,0.0579,0.02244,0.1738,73.92,3.156,1152.6,10.2,0.0016122,1.58,195,66.58,130.8,174,176.4,62.12,7.162e-06,2.82e-06,12.3,1.88e-06,41.984,2640000.2,55000.8,8.426,28.6,8.08,0.005022,31.4,105000,17140,0.092374
81.86,6140,0.4122,0.0479,0.01428,0.0214,50000,0.0232,0.5388,0.4012,0.003948,0.422,0.5278,0.363,0.2662,0.2328,9.644,0.08066,0.05512,0.1524,0.0715,0.2,0.0579,0.02244,0.1738,73.92,3.156,1152.6,10.2,0.0016122,1.58,195,66.58,130.8,174,176.4,62.12,7.162e-06,2.82e-06,12.3,1.88e-06,41.984,2640000.2,55000.8,8.426,28.6,8.08,0.005022,31.4,105000,17140,0.092374
81.86,6140,0.4122,0.0479,0.01428,1.10656,50000,0.0232,0.5388,0.4012,0.003948,0.422,0.5278,0.363,0.2662,0.2328,9.644,0.08066,0.05512,0.1524,0.0715,0.2,0.0579,0.02244,0.1738,73.92,3.156,1152.6,10.2,0.0016122,1.58,195,66.58,130.8,174,176.4,62.12,7.162e-06,2.82e-06,12.3,1.88e-06,41.984,2640000.2,55000.8,8.426,28.6,8.08,0.005022,31.4,105000,17140,0.092374
81.86,6140,0.4122,0.0479,0.01428,1.10656,50000,0.0232,0.5388,0.4012,0.003948,0.422,0.5278,0.363,0.2662,0.2328,9.644,0.08066,0.05512,0.1524,0.0715,0.2,0.0579,0.02244,0.1738,73.92,3.156,1152.6,10.2,0.0004488,1.58,195,66.58,130.8,174,176.4,62.12,7.162e-06,2.82e-06,12.3,1.88e-06,41.984,2640000.2,55000.8,8.426,28.6,8.08,0.005022,31.4,105000,17140,0.092374
81.86,6140,0.4122,0.0479,0.01428,1.10656,50000,0.0232,0.5388,0.4012,0.003948,0.422,0.5278,0.363,0.2998,0.2328,9.644,0.08066,0.05512,0.1524,0.0715,0.2,0.0579,0.02244,0.1738,73.92,3.156,1152.6,10.2,0.0004488,1.58,195,66.58,130.8,174,176.4,62.12,7.162e-06,2.82e-06,12.3,1.88e-06,41.984,2640000.2,55000.8,8.426,28.6,8.08,0.005022,31.4,105000,17140,0.092374
81.86,6140,0.4122,0.0479,0.01428,1.10656,50000,0.0232,0.5388,0.4012,0.003948,0.422,0.5278,0.363,0.2998,0.2328,9.644,0.08066,0.05512,0.1524,0.0715,0.2,0.0579,0.02244,0.1738,73.92,3.156,1152.6,10.2,0.0004488,1.58,221.4,66.58,130.8,174,176.4,62.12,7.162e-06,2.82e-06,12.3,1.88e-06,41.984,2640000.2,55000.8,8.426,28.6,8.08,0.005022,31.4,105000,17140,0.092374
81.86,6140,0.4122,0.0479,0.01428,1.10656,50000,0.0232,0.5388,0.4012,0.003948,0.422,0.5278,0.363,0.2998,0.2328,9.644,0.08066,0.05512,0.1524,0.0715,0.2,0.0579,0.0198,0.1738,73.92,3.156,1152.6,10.2,0.0004488,1.58,221.4,66.58,130.8,174,176.4,62.12,7.162e-06,2.82e-06,12.3,1.88e-06,41.984,2640000.2,55000.8,8.426,28.6,8.08,0.005022,31.4,105000,17140,0.092374
81.86,6140,0.4122,0.0479,0.01428,1.10656,50000,0.0232,0.5388,0.4012,0.003948,0.422,0.5278,0.363,0.2998,0.2328,9.644,0.08066,0.05512,0.1524,0.0715,0.2,0.0579,0.0198,0.1738,73.92,3.156,1152.6,10.2,0.0004488,1.58,221.4,59.02,130.8,174,176.4,62.12,7.162e-06,2.82e-06,12.3,1.88e-06,41.984,2640000.2,55000.8,8.426,28.6,8.08,0.005022,31.4,105000,17140,0.092374
81.86,6140,0.4122,0.0479,0.01428,1.10656,50000,0.0232,0.5388,0.4012,0.004452,0.422,0.5278,0.363,0.2998,0.2328,9.644,0.08066,0.05512,0.1524,0.0715,0.2,0.0579,0.0198,0.1738,73.92,3.156,1152.6,10.2,0.0004488,1.58,221.4,59.02,130.8,174,176.4,62.12,7.162e-06,2.82e-06,12.3,1.88e-06,41.984,2640000.2,55000.8,8.426,28.6,8.08,0.005022,31.4,105000,17140,0.092374
81.86,6140,0.4122,0.0479,0.01428,1.10656,50000,0.0232,0.5388,0.4012,0.004452,0.422,0.5278,0.363,0.2998,0.2328,9.644,0.08066,0.05512,0.1524,0.0715,0.2,0.0579,0.0198,0.1738,73.92,3.156,1152.6,10.2,0.0004488,1.58,221.4,59.02,130.8,174,176.4,62.12,7.162e-06,2.82e-06,12.3,1.88e-06,41.984,2640000.2,55000.8,8.426,28.6,8.08,0.005022,31.4,105000,19360,0.092374
81.86,6140,0.4122,0.0479,0.01428,1.10656,50000,0.0232,0.5388,0.4012,0.004452,0.422,0.5278,0.363,0.2998,0.2328,9.644,0.08066,0.05512,0.1524,0.0715,0.2,0.0579,0.0198,0.1738,73.92,3.156,1152.6,10.2,0.0004488,1.58,221.4,59.02,130.8,174,176.4,62.12,7.162e-06,2.82e-06,12.3,1.88e-06,41.984,2640000.2,55000.8,8.426,28.6,8.08,0.005022,31.4,42000.6,19360,0.092374
81.86,6140,0.4122,0.0479,0.01428,1.10656,50000,0.0232,0.5388,0.4012,0.004452,0.374,0.5278,0.363,0.2998,0.2328,9.644,0.08066,0.05512,0.1524,0.0715,0.2,0.0579,0.0198,0.1738,73.92,3.156,1152.6,10.2,0.0004488,1.58,221.4,59.02,130.8,174,176.4,62.12,7.162e-06,2.82e-06,12.3,1.88e-06,41.984,2640000.2,55000.8,8.426,28.6,8.08,0.005022,31.4,42000.6,19360,0.092374
81.86,6140,0.4122,0.0479,0.01428,1.10656,50000,0.0232,0.5388,0.4012,0.004452,0.374,0.5278,0.363,0.2998,0.2328,9.644,0.08066,0.05512,0.1524,0.0715,0.2,0.0579,0.0198,0.1738,73.92,3.156,1152.6,10.2,0.0004488,1.58,221.4,59.02,130.8,174,176.4,62.12,7.162e-06,2.82e-06,12.3,1.88e-06,140.996,2640000.2,55000.8,8.426,28.6,8.08,0.005022,31.4,42000.6,19360,0.092374
81.86,6140,0.4122,0.0479,0.01428,1.10656,50000,0.0232,0.5388,0.4012,0.004452,0.374,0.5278,0.363,0.2998,0.2328,9.644,0.08066,0.05512,0.1524,0.0715,0.2,0.0579,0.0198,0.1738,73.92,3.156,1152.6,10.2,0.0004488,1.58,221.4,59.02,130.8,174,176.4,62.12,7.162e-06,2.202e-06,12.3,1.88e-06,140.996,2640000.2,55000.8,8.426,28.6,8.08,0.005022,31.4,42000.6,19360,0.092374
81.86,6140,0.4122,0.0479,0.01428,1.10656,50000,0.0232,0.5388,0.4012,0.004452,0.374,0.5278,0.363,0.2998,0.2328,9.644,0.08066,0.04888,0.1524,0.0715,0.2,0.0579,0.0198,0.1738,73.92,3.156,1152.6,10.2,0.0004488,1.58,221.4,59.02,130.8,174,176.4,62.12,7.162e-06,2.202e-06,12.3,1.88e-06,140.996,2640000.2,55000.8,8.426,28.6,8.08,0.005022,31.4,42000.6,19360,0.092374
81.86,6140,0.4122,0.0479,0.01428,1.10656,50000,0.0232,0.5388,0.4012,0.004452,0.374,0.5278,0.363,0.2998,0.2328,9.644,0.08066,0.04888,0.1524,0.0715,0.2,0.0579,0.0198,0.1738,73.92,3.156,1152.6,11.88,0.0004488,1.58,221.4,59.02,130.8,174,176.4,62.12,7.162e-06,2.202e-06,12.3,1.88e-06,140.996,2640000.2,55000.8,8.426,28.6,8.08,0.005022,31.4,42000.6,19360,0.092374
81.86,6140,0.4122,0.0479,0.01428,1.10656,50000,0.0232,0.5388,0.4012,0.004452,0.374,0.5278,0.363,0.2998,0.2328,9.644,0.08066,0.04888,0.1524,0.0715,0.2,0.0579,0.0198,0.1738,73.92,3.156,1152.6,11.88,0.0004488,1.58,221.4,59.02,130.8,174,176.4,62.12,7.162e-06,2.202e-06,60.72,1.88e-06,140.996,2640000.2,55000.8,8.426,28.6,8.08,0.005022,31.4,42000.6,19360,0.092374
81.86,6140,0.4122,0.0479,0.01428,1.10656,50000,0.0232,0.5388,0.4012,0.004452,0.374,0.5278,0.363,0.2998,0.2328,9.644,0.08066,0.04888,0.1524,0.0715,0.2,0.0579,0.0198,0.1738,73.92,3.156,1152.6,11.88,0.0004488,1.58,221.4,59.02,130.8,174,176.4,62.12,7.162e-06,2.202e-06,60.72,1.88e-06,140.996,2640000.2,55000.8,8.426,28.6,1,0.005022,31.4,42000.6,19360,0.092374
81.86,6140,0.4122,0.0479,0.01428,1.10656,50000,0.0232,0.5388,0.4012,0.004452,0.374,0.5278,0.363,0.2998,0.2328,9.644,0.08066,0.04888,0.1524,0.0715,0.2,0.0579,0.0198,0.1738,120,3.156,1152.6,11.88,0.0004488,1.58,221.4,59.02,130.8,174,176.4,62.12,7.162e-06,2.202e-06,60.72,1.88e-06,140.996,2640000.2,55000.8,8.426,28.6,1,0.005022,31.4,42000.6,19360,0.092374
81.86,6140,0.4122,0.0479,0.01428,1.10656,50000,0.0232,0.5388,0.4012,0.004452,0.374,0.5278,0.363,0.2998,0.2328,9.644,0.08066,0.04888,0.1524,0.0715,0.2,0.0579,0.0198,0.211,120,3.156,1152.6,11.88,0.0004488,1.58,221.4,59.02,130.8,174,176.4,62.12,7.162e-06,2.202e-06,60.72,1.88e-06,140.996,2640000.2,55000.8,8.426,28.6,1,0.005022,31.4,42000.6,19360,0.092374
81.86,6140,0.4122,0.0479,0.01428,1.10656,50000,0.0232,0.5388,0.4012,0.004452,0.374,0.5278,0.363,0.2998,0.2328,10.886,0.08066,0.04888,0.1524,0.0715,0.2,0.0579,0.0198,0.211,120,3.156,1152.6,11.88,0.0004488,1.58,221.4,59.02,130.8,174,176.4,62.12,7.162e-06,2.202e-06,60.72,1.88e-06,140.996,2640000.2,55000.8,8.426,28.6,1,0.005022,31.4,42000.6,19360,0.092374
81.86,5054,0.4122,0.0479,0.01428,1.10656,50000,0.0232,0.5388,0.4012,0.004452,0.374,0.5278,0.363,0.2998,0.2328,10.886,0.08066,0.04888,0.1524,0.0715,0.2,0.0579,0.0198,0.211,120,3.156,1152.6,11.88,0.0004488,1.58,221.4,59.02,130.8,174,176.4,62.12,7.162e-06,2.202e-06,60.72,1.88e-06,140.996,2640000.2,55000.8,8.426,28.6,1,0.005022,31.4,42000.6,19360,0.092374
81.86,5054,0.4122,0.0425,0.01428,1.10656,50000,0.0232,0.5388,0.4012,0.004452,0.374,0.5278,0.363,0.2998,0.2328,10.886,0.08066,0.04888,0.1524,0.0715,0.2,0.0579,0.0198,0.211,120,3.156,1152.6,11.88,0.0004488,1.58,221.4,59.02,130.8,174,176.4,62.12,7.162e-06,2.202e-06,60.72,1.88e-06,140.996,2640000.2,55000.8,8.426,28.6,1,0.005022,31.4,42000.6,19360,0.092374
81.86,5054,0.4122,0.0425,0.01428,1.10656,50000,0.0232,0.5388,0.4012,0.004452,0.374,0.5278,0.363,0.2998,0.2328,10.886,0.08066,0.04888,0.1524,0.0715,0.2,0.0579,0.0198,0.211,120,3.156,1152.6,11.88,0.0004488,1.58,221.4,59.02,130.8,174,176.4,62.12,7.162e-06,2.202e-06,60.72,1.88e-06,140.996,2640000.2,55000.8,8.426,28.6,1,0.003978,31.4,42000.6,19360,0.092374
81.86,5054,0.4122,0.0425,0.01428,1.10656,50000,0.0232,0.5388,0.4012,0.004452,0.374,0.5278,0.363,0.2998,0.2328,10.886,0.08066,0.04888,0.1524,0.0715,0.2,0.0579,0.0198,0.211,120,3.156,2880,11.88,0.0004488,1.58,221.4,59.02,130.8,174,176.4,62.12,7.162e-06,2.202e-06,60.72,1.88e-06,140.996,2640000.2,55000.8,8.426,28.6,1,0.003978,31.4,42000.6,19360,0.092374
81.86,5054,0.4122,0.0425,0.01428,1.10656,50000,0.0262,0.5388,0.4012,0.004452,0.374,0.5278,0.363,0.2998,0.2328,10.886,0.08066,0.04888,0.1524,0.0715,0.2,0.0579,0.0198,0.211,120,3.156,2880,11.88,0.0004488,1.58,221.4,59.02,130.8,174,176.4,62.12,7.162e-06,2.202e-06,60.72,1.88e-06,140.996,2640000.2,55000.8,8.426,28.6,1,0.003978,31.4,42000.6,19360,0.092374
81.86,5054,0.4122,0.0425,0.01428,1.10656,50000,0.0262,0.5388,0.4012,0.004452,0.374,0.5278,0.363,0.2998,0.2328,10.886,0.08066,0.04888,0.1524,0.0715,0.2,0.0579,0.0198,0.211,120,3.156,2880,11.88,0.0004488,1.58,221.4,59.02,147,174,176.4,62.12,7.162e-06,2.202e-06,60.72,1.88e-06,140.996,2640000.2,55000.8,8.426,28.6,1,0.003978,31.4,42000.6,19360,0.092374
81.86,5054,0.4122,0.0425,0.01428,1.10656,50000,0.0262,0.5388,0.4012,0.004452,0.374,0.5278,0.363,0.2998,0.2328,10.886,0.08066,0.04888,0.1524,0.0715,0.2,0.0579,0.0198,0.211,120,3.156,2880,11.88,0.0004488,1.58,221.4,59.02,147,174,176.4,62.12,7.162e-06,2.202e-06,60.72,1.88e-06,140.996,2640000.2,220000.2,8.426,28.6,1,0.003978,31.4,42000.6,19360,0.092374
81.86,5054,0.4122,0.0425,0.01428,1.10656,50000,0.0262,0.5388,0.4012,0.004452,0.374,0.5278,0.363,0.2998,0.2328,10.886,0.07154,0.04888,0.1524,0.0715,0.2,0.0579,0.0198,0.211,120,3.156,2880,11.88,0.0004488,1.58,221.4,59.02,147,174,176.4,62.12,7.162e-06,2.202e-06,60.72,1.88e-06,140.996,2640000.2,220000.2,8.426,28.6,1,0.003978,31.4,42000.6,19360,0.092374
81.86,5054,0.4122,0.0425,0.0126,1.10656,50000,0.0262,0.5388,0.4012,0.004452,0.374,0.5278,0.363,0.2998,0.2328,10.886,0.07154,0.04888,0.1524,0.0715,0.2,0.0579,0.0198,0.211,120,3.156,2880,11.88,0.0004488,1.58,221.4,59.02,147,174,176.4,62.12,7.162e-06,2.202e-06,60.72,1.88e-06,140.996,2640000.2,220000.2,8.426,28.6,1,0.003978,31.4,42000.6,19360,0.092374
81.86,5054,0.4122,0.0425,0.0126,1.10656,50000,0.0262,0.5388,0.4012,0.004452,0.374,0.5278,0.363,0.2998,0.2328,10.886,0.07154,0.04888,0.1524,0.0715,0.2,0.06558,0.0198,0.211,120,3.156,2880,11.88,0.0004488,1.58,221.4,59.02,147,174,176.4,62.12,7.162e-06,2.202e-06,60.72,1.88e-06,140.996,2640000.2,220000.2,8.426,28.6,1,0.003978,31.4,42000.6,19360,0.092374
81.86,5054,0.501,0.0425,0.0126,1.10656,50000,0.0262,0.5388,0.4012,0.004452,0.374,0.5278,0.363,0.2998,0.2328,10.886,0.07154,0.04888,0.1524,0.0715,0.2,0.06558,0.0198,0.211,120,3.156,2880,11.88,0.0004488,1.58,221.4,59.02,147,174,176.4,62.12,7.162e-06,2.202e-06,60.72,1.88e-06,140.996,2640000.2,220000.2,8.426,28.6,1,0.003978,31.4,42000.6,19360,0.092374
81.86,5054,0.501,0.0425,0.0126,1.10656,50000,0.0262,0.5388,0.4012,0.004452,0.374,0.5278,0.363,0.2998,0.2328,10.886,0.07154,0.04888,0.1524,0.0715,0.2,0.06558,0.0198,0.211,120,3.156,2880,11.88,0.0004488,1.58,221.4,59.02,147,174,176.4,62.12,7.162e-06,2.202e-06,60.72,2.858e-06,140.996,2640000.2,220000.2,8.426,28.6,1,0.003978,31.4,42000.6,19360,0.092374
81.86,5054,0.501,0.0425,0.0126,1.10656,50000,0.0262,0.5388,0.4012,0.004452,0.374,0.5278,0.363,0.2998,0.2328,10.886,0.07154,0.04888,0.1524,0.0715,0.2,0.06558,0.0198,0.211,120,3.156,2880,11.88,0.0004488,1.58,221.4,59.02,147,174,176.4,62.12,7.162e-06,2.202e-06,60.72,2.858e-06,140.996,2640000.2,220000.2,8.426,28.6,1,0.003978,62.6,42000.6,19360,0.092374
81.86,5054,0.501,0.0425,0.0126,1.10656,50000,0.0262,0.5388,0.4012,0.004452,0.374,0.592,0.363,0.2998,0.2328,10.886,0.07154,0.04888,0.1524,0.0715,0.2,0.06558,0.0198,0.211,120,3.156,2880,11.88,0.0004488,1.58,221.4,59.02,147,174,176.4,62.12,7.162e-06,2.202e-06,60.72,2.858e-06,140.996,2640000.2,220000.2,8.426,28.6,1,0.003978,62.6,42000.6,19360,0.092374
81.86,5054,0.501,0.0425,0.0126,1.10656,50000,0.0262,0.5388,0.4012,0.004452,0.374,0.592,0.363,0.2998,0.2328,10.886,0.07154,0.04888,0.1524,0.0715,0.2,0.06558,0.0198,0.211,120,3.156,2880,11.88,0.0004488,1.58,221.4,59.02,147,174,176.4,62.12,7.162e-06,2.202e-06,60.72,2.858e-06,140.996,660000.8,220000.2,8.426,28.6,1,0.003978,62.6,42000.6,19360,0.092374
81.86,5054,0.501,0.0425,0.0126,1.10656,50000,0.0262,0.5388,0.4012,0.004452,0.374,0.592,0.363,0.2998,0.2328,10.886,0.07154,0.04888,0.1524,0.0715,0.2,0.06558,0.0198,0.211,120,3.156,2880,11.88,0.0004488,1.58,221.4,59.02,147,174,176.4,62.12,7.162e-06,2.202e-06,60.72,2.858e-06,140.996,660000.8,220000.2,8.426,7.9,1,0.003978,62.6,42000.6,19360,0.092374
81.86,5054,0.501,0.0425,0.0126,1.10656,50000,0.0262,0.5388,0.4012,0.004452,0.374,0.592,0.363,0.2998,0.2622,10.886,0.07154,0.04888,0.1524,0.0715,0.2,0.06558,0.0198,0.211,120,3.156,2880,11.88,0.0004488,1.58,221.4,59.02,147,174,176.4,62.12,7.162e-06,2.202e-06,60.72,2.858e-06,140.996,660000.8,220000.2,8.426,7.9,1,0.003978,62.6,42000.6,19360,0.092374
81.86,5054,0.501,0.0425,0.0126,1.10656,50000,0.0262,0.5388,0.4012,0.004452,0.374,0.592,0.363,0.2998,0.2622,10.886,0.07154,0.04888,0.1524,0.0715,0.2,0.06558,0.0198,0.211,120,3.156,2880,11.88,0.0004488,1.58,221.4,59.02,147,174,176.4,62.12,8.05e-06,2.202e-06,60.72,2.858e-06,140.996,660000.8,220000.2,8.426,7.9,1,0.003978,62.6,42000.6,19360,0.092374
87,4692,0.353,0.0443,0.0154,0.74484,62600,0.0232,0.5844,0.4184,0.004452,0.374,0.5706,0.363,0.2998,0.223,10.886,0.07458,0.05512,0.1356,0.0585,0.184,0.0579,0.02068,0.211,73.92,3.428,576.8,12.44,6.1e-05,2.74,239,69.1,130.8,174,176.4,67,7.458e-06,2.202e-06,93,2.858e-06,174,1,165000.4,9.31,7.9,10.44,0.003978,31.4,21000.8,18620,0.046832
87,4692,0.353,0.0443,0.0154,0.74484,62600,0.0232,0.5844,0.4184,0.004452,0.374,0.5706,0.363,0.2998,0.223,10.886,0.07458,0.05512,0.1356,0.0585,0.184,0.0579,0.02068,0.211,73.92,3.428,576.8,12.44,6.1e-05,1,239,69.1,130.8,174,176.4,67,7.458e-06,2.202e-06,93,2.858e-06,174,1,165000.4,9.31,7.9,10.44,0.003978,31.4,21000.8,18620,0.046832
87,4692,0.353,0.0443,0.0154,0.74484,62600,0.0232,0.5844,0.4184,0.004452,0.374,0.5706,0.363,0.2998,0.223,10.886,0.07458,0.05512,0.1356,0.0585,0.184,0.0579,0.02068,0.211,73.92,3.428,576.8,12.44,6.1e-05,1,239,69.1,130.8,174,176.4,67,7.458e-06,2.202e-06,93,2.858e-06,174,1,1,9.31,7.9,10.44,0.003978,31.4,21000.8,18620,0.046832
87,4692,0.353,0.0443,0.0154,0.74484,62600,0.0232,0.5844,0.4184,0.004452,0.374,0.5706,0.363,0.2998,0.223,10.886,0.07458,0.05512,0.1356,0.0663,0.184,0.0579,0.02068,0.211,73.92,3.428,576.8,12.44,6.1e-05,1,239,69.1,130.8,174,176.4,67,7.458e-06,2.202e-06,93,2.858e-06,174,1,1,9.31,7.9,10.44,0.003978,31.4,21000.8,18620,0.046832
87,4692,0.353,0.0443,0.0154,0.74484,62600,0.0232,0.5844,0.4184,0.004452,0.374,0.5706,0.363,0.2998,0.2524,10.886,0.07458,0.05512,0.1356,0.0663,0.184,0.0579,0.02068,0.211,73.92,3.428,576.8,12.44,6.1e-05,1,239,69.1,130.8,174,176.4,67,7.458e-06,2.202e-06,93,2.858e-06,174,1,1,9.31,7.9,10.44,0.003978,31.4,21000.8,18620,0.046832
87,4692,0.353,0.0443,0.0154,0.74484,62600,0.0232,0.5844,0.4184,0.004452,0.374,0.5706,0.363,0.2998,0.2524,10.886,0.07458,0.05512,0.1356,0.0663,0.184,0.0579,0.02068,0.211,73.92,3.428,576.8,12.44,6.1e-05,1,239,69.1,130.8,174,176.4,67,7.458e-06,2.202e-06,93,2.858e-06,174,1,1,9.31,7.9,10.44,0.005022,31.4,21000.8,18620,0.046832
87,4692,0.353,0.0443,0.0154,0.74484,50000,0.0232,0.5844,0.4184,0.004452,0.374,0.5706,0.363,0.2998,0.2524,10.886,0.07458,0.05512,0.1356,0.0663,0.184,0.0579,0.02068,0.211,73.92,3.428,576.8,12.44,6.1e-05,1,239,69.1,130.8,174,176.4,67,7.458e-06,2.202e-06,93,2.858e-06,174,1,1,9.31,7.9,10.44,0.005022,31.4,21000.8,18620,0.046832
87,4692,0.353,0.0443,0.0154,0.74484,50000,0.0232,0.5844,0.4184,0.004452,0.374,0.5706,0.363,0.2998,0.2524,10.886,0.07458,0.05512,0.1356,0.0663,0.184,0.0579,0.02068,0.211,73.92,3.428,576.8,12.44,6.1e-05,1,239,69.1,130.8,154.8,176.4,67,7.458e-06,2.202e-06,93,2.858e-06,174,1,1,9.31,7.9,10.44,0.005022,31.4,21000.8,18620,0.046832
87,4692,0.353,0.0443,0.0154,0.74484,50000,0.0232,0.5844,0.4184,0.004452,0.374,0.5706,0.411,0.2998,0.2524,10.886,0.07458,0.05512,0.1356,0.0663,0.184,0.0579,0.02068,0.211,73.92,3.428,576.8,12.44,6.1e-05,1,239,69.1,130.8,154.8,176.4,67,7.458e-06,2.202e-06,93,2.858e-06,174,1,1,9.31,7.9,10.44,0.005022,31.4,21000.8,18620,0.046832
71.58,4692,0.353,0.0443,0.0154,0.74484,50000,0.0232,0.5844,0.4184,0.004452,0.374,0.5706,0.411,0.2998,0.2524,10.886,0.07458,0.05512,0.1356,0.0663,0.184,0.0579,0.02068,0.211,73.92,3.428,576.8,12.44,6.1e-05,1,239,69.1,130.8,154.8,176.4,67,7.458e-06,2.202e-06,93,2.858e-06,174,1,1,9.31,7.9,10.44,0.005022,31.4,21000.8,18620,0.046832
71.58,4692,0.353,0.0443,0.0154,0.74484,50000,0.0232,0.5844,0.4184,0.004452,0.374,0.5706,0.411,0.2998,0.2524,10.886,0.07458,0.05512,0.1356,0.0663,0.184,0.0579,0.02068,0.211,73.92,3.428,576.8,12.44,6.1e-05,1,239,69.1,130.8,154.8,176.4,67,7.458e-06,2.202e-06,93,2.858e-06,74.988,1,1,9.31,7.9,10.44,0.005022,31.4,21000.8,18620,0.046832
71.58,4692,0.353,0.0443,0.0154,1.83,50000,0.0232,0.5844,0.4184,0.004452,0.374,0.5706,0.411,0.2998,0.2524,10.886,0.07458,0.05512,0.1356,0.0663,0.184,0.0579,0.02068,0.211,73.92,3.428,576.8,12.44,6.1e-05,1,239,69.1,130.8,154.8,176.4,67,7.458e-06,2.202e-06,93,2.858e-06,74.988,1,1,9.31,7.9,10.44,0.005022,31.4,21000.8,18620,0.046832
71.58,4692,0.353,0.0443,0.0154,1.83,50000,0.0232,0.5844,0.4184,0.004452,0.374,0.5706,0.411,0.2998,0.2524,10.886,0.07458,0.05512,0.1356,0.0663,0.184,0.0579,0.02068,0.211,73.92,3.428,576.8,12.44,6.1e-05,1,239,69.1,130.8,154.8,176.4,67,7.458e-06,2.202e-06,93,2.858e-06,74.988,1,1,9.31,28.6,10.44,0.005022,31.4,21000.8,18620,0.046832
71.58,4692,0.353,0.0443,0.0154,1.83,50000,0.0232,0.5844,0.4184,0.004452,0.374,0.5706,0.411,0.2998,0.2524,10.886,0.07458,0.05512,0.1356,0.0663,0.184,0.0579,0.02068,0.211,73.92,3.428,576.8,12.44,6.1e-05,1,239,61.54,130.8,154.8,176.4,67,7.458e-06,2.202e-06,93,2.858e-06,74.988,1,1,9.31,28.6,10.44,0.005022,31.4,21000.8,18620,0.046832
71.58,4692,0.353,0.0443,0.0154,1.83,50000,0.0232,0.5844,0.4184,0.004452,0.374,0.5706,0.411,0.2998,0.2524,10.886,0.07458,0.05512,0.1356,0.0663,0.184,0.0579,0.02068,0.211,73.92,3.428,576.8,12.44,6.1e-05,1,239,61.54,130.8,154.8,176.4,67,6.57e-06,2.202e-06,93,2.858e-06,74.988,1,1,9.31,28.6,10.44,0.005022,31.4,21000.8,18620,0.046832
71.58,4692,0.353,0.0443,0.0154,1.83,50000,0.0232,0.5844,0.4184,0.004452,0.374,0.5706,0.411,0.2998,0.2524,10.886,0.07458,0.05512,0.1356,0.0663,0.184,0.0579,0.02068,0.211,73.92,3.428,576.8,12.44,6.1e-05,1,239,61.54,130.8,154.8,176.4,67,6.57e-06,2.202e-06,93,2.858e-06,74.988,1,1,6.658,28.6,10.44,0.005022,31.4,21000.8,18620,0.046832
71.58,4692,0.353,0.0443,0.0154,1.83,50000,0.0232,0.5844,0.4184,0.004452,0.374,0.5706,0.411,0.2998,0.2524,10.886,0.07458,0.05512,0.1524,0.0663,0.184,0.0579,0.02068,0.211,73.92,3.428,576.8,12.44,6.1e-05,1,239,61.54,130.8,154.8,176.4,67,6.57e-06,2.202e-06,93,2.858e-06,74.988,1,1,6.658,28.6,10.44,0.005022,31.4,21000.8,18620,0.046832
71.58,4692,0.353,0.0443,0.0154,1.83,50000,0.0232,0.5844,0.4184,0.004452,0.374,0.5706,0.411,0.2998,0.2524,10.886,0.0837,0.05512,0.1524,0.0663,0.184,0.0579,0.02068,0.211,73.92,3.428,576.8,12.44,6.1e-05,1,239,61.54,130.8,154.8,176.4,67,6.57e-06,2.202e-06,93,2.858e-06,74.988,1,1,6.658,28.6,10.44,0.005022,31.4,21000.8,18620,0.046832
71.58,4692,0.353,0.0443,0.0154,1.83,50000,0.0232,0.5844,0.4184,0.004452,0.374,0.5706,0.411,0.2998,0.2524,10.886,0.0837,0.05512,0.1524,0.0663,0.184,0.0579,0.02068,0.211,73.92,3.428,576.8,12.44,6.1e-05,1,239,61.54,130.8,154.8,176.4,67,6.57e-06,2.202e-06,93,2.858e-06,74.988,1980000.4,1,6.658,28.6,10.44,0.005022,31.4,21000.8,18620,0.046832
71.58,4692,0.353,0.0443,0.0154,1.83,50000,0.0232,0.5844,0.4184,0.004452,0.374,0.5706,0.411,0.2998,0.2524,10.886,0.0837,0.05512,0.1524,0.0663,0.184,0.0579,0.02068,0.211,73.92,3.428,576.8,12.44,6.1e-05,1,239,61.54,130.8,154.8,176.4,67,6.57e-06,2.202e-06,93,2.858e-06,74.988,1980000.4,1,6.658,28.6,10.44,0.005022,62.6,21000.8,18620,0.046832
71.58,4692,0.353,0.0443,0.0154,1.83,50000,0.0232,0.5844,0.4184,0.004452,0.374,0.5706,0.411,0.2998,0.2524,10.886,0.0837,0.05512,0.1524,0.0663,0.184,0.0579,0.02068,0.211,73.92,3.02,576.8,12.44,6.1e-05,1,239,61.54,130.8,154.8,176.4,67,6.57e-06,2.202e-06,93,2.858e-06,74.988,1980000.4,1,6.658,28.6,10.44,0.005022,62.6,21000.8,18620,0.046832
71.58,4692,0.353,0.0443,0.0154,1.83,50000,0.0232,0.5844,0.4184,0.004452,0.374,0.5706,0.411,0.2998,0.2524,10.886,0.0837,0.05512,0.1524,0.0663,0.184,0.0579,0.02068,0.211,73.92,3.02,576.8,12.44,6.1e-05,1,239,61.54,130.8,154.8,176.4,67,6.57e-06,2.202e-06,93,1.88e-06,74.988,1980000.4,1,6.658,28.6,10.44,0.005022,62.6,21000.8,18620,0.046832
71.58,4692,0.353,0.0443,0.0154,1.83,50000,0.0232,0.5844,0.4184,0.004452,0.374,0.5706,0.411,0.2998,0.2524,10.886,0.0837,0.05512,0.1524,0.0663,0.184,0.0579,0.02068,0.211,73.92,3.02,576.8,12.44,6.1e-05,1,239,61.54,130.8,154.8,176.4,67,6.57e-06,2.202e-06,93,1.88e-06,74.988,1980000.4,1,6.658,28.6,10.44,0.005022,62.6,21000.8,18620,0.183458
71.58,4692,0.353,0.0443,0.0154,1.83,50000,0.0232,0.5844,0.4184,0.004452,0.374,0.5706,0.411,0.2998,0.2524,10.886,0.0837,0.05512,0.1524,0.0663,0.184,0.06558,0.02068,0.211,73.92,3.02,576.8,12.44,6.1e-05,1,239,61.54,130.8,154.8,176.4,67,6.57e-06,2.202e-06,93,1.88e-06,74.988,1980000.4,1,6.658,28.6,10.44,0.005022,62.6,21000.8,18620,0.183458
71.58,4692,0.353,0.0443,0.0154,1.83,50000,0.0232,0.5844,0.4184,0.004452,0.374,0.5706,0.411,0.2998,0.2524,10.886,0.0837,0.05512,0.1524,0.0663,0.184,0.06558,0.02068,0.211,73.92,3.02,576.8,12.44,6.1e-05,1,212.6,61.54,130.8,154.8,176.4,67,6.57e-06,2.202e-06,93,1.88e-06,74.988,1980000.4,1,6.658,28.6,10.44,0.005022,62.6,21000.8,18620,0.183458
71.58,4692,0.353,0.0443,0.0154,1.83,50000,0.0232,0.5844,0.4184,0.004452,0.374,0.5706,0.411,0.2998,0.2524,10.886,0.0837,0.05512,0.1524,0.0663,0.184,0.06558,0.02068,0.211,73.92,3.02,576.8,12.44,6.1e-05,1,212.6,61.54,130.8,154.8,176.4,67,6.57e-06,2.82e-06,93,1.88e-06,74.988,1980000.4,1,6.658,28.6,10.44,0.005022,62.6,21000.8,18620,0.183458
71.58,4692,0.353,0.0443,0.0154,1.83,50000,0.0232,0.5844,0.4184,0.004452,0.374,0.5706,0.411,0.2998,0.2524,10.886,0.0837,0.05512,0.1524,0.0663,0.184,0.06558,0.02068,0.211,120,3.02,576.8,12.44,6.1e-05,1,212.6,61.54,130.8,154.8,176.4,67,6.57e-06,2.82e-06,93,1.88e-06,74.988,1980000.4,1,6.658,28.6,10.44,0.005022,62.6,21000.8,18620,0.183458
71.58,4692,0.353,0.0443,0.0154,1.83,50000,0.0232,0.516,0.4184,0.004452,0.374,0.5706,0.411,0.2998,0.2524,10.886,0.0837,0.05512,0.1524,0.0663,0.184,0.06558,0.02068,0.211,120,3.02,576.8,12.44,6.1e-05,1,212.6,61.54,130.8,154.8,176.4,67,6.57e-06,2.82e-06,93,1.88e-06,74.988,1980000.4,1,6.658,28.6,10.44,0.005022,62.6,21000.8,18620,0.183458
71.58,4692,0.353,0.0443,0.0154,1.83,50000,0.0232,0.516,0.4184,0.004452,0.374,0.5064,0.411,0.2998,0.2524,10.886,0.0837,0.05512,0.1524,0.0663,0.184,0.06558,0.02068,0.211,120,3.02,576.8,12.44,6.1e-05,1,212.6,61.54,130.8,154.8,176.4,67,6.57e-06,2.82e-06,93,1.88e-06,74.988,1980000.4,1,6.658,28.6,10.44,0.005022,62.6,21000.8,18620,0.183458
71.58,4692,0.4418,0.0443,0.0154,1.83,50000,0.0232,0.516,0.4184,0.004452,0.374,0.5064,0.411,0.2998,0.2524,10.886,0.0837,0.05512,0.1524,0.0663,0.184,0.06558,0.02068,0.211,120,3.02,576.8,12.44,6.1e-05,1,212.6,61.54,130.8,154.8,176.4,67,6.57e-06,2.82e-06,93,1.88e-06,74.988,1980000.4,1,6.658,28.6,10.44,0.005022,62.6,21000.8,18620,0.183458
71.58,4692,0.4418,0.0443,0.0154,1.83,50000,0.0232,0.516,0.4184,0.004452,0.374,0.5064,0.411,0.2998,0.2524,10.886,0.0837,0.05512,0.1524,0.0663,0.208,0.06558,0.02068,0.211,120,3.02,576.8,12.44,6.1e-05,1,212.6,61.54,130.8,154.8,176.4,67,6.57e-06,2.82e-06,93,1.88e-06,74.988,1980000.4,1,6.658,28.6,10.44,0.005022,62.6,21000.8,18620,0.183458
71.58,4692,0.4418,0.0443,0.0154,1.83,50000,0.0232,0.516,0.4184,0.004452,0.374,0.5064,0.411,0.2998,0.2524,10.886,0.0837,0.05512,0.1524,0.0663,0.208,0.06558,0.02068,0.211,120,3.02,576.8,12.44,6.1e-05,1,212.6,61.54,130.8,154.8,176.4,67,6.57e-06,2.82e-06,93,1.88e-06,74.988,1980000.4,1,6.658,28.6,10.44,0.005022,62.6,21000.8,16400,0.183458
71.58,4692,0.4418,0.0443,0.0154,1.83,50000,0.0232,0.516,0.4184,0.004452,0.374,0.5064,0.411,0.2662,0.2524,10.886,0.0837,0.05512,0.1524,0.0663,0.208,0.06558,0.02068,0.211,120,3.02,576.8,12.44,6.1e-05,1,212.6,61.54,130.8,154.8,176.4,67,6.57e-06,2.82e-06,93,1.88e-06,74.988,1980000.4,1,6.658,28.6,10.44,0.005022,62.6,21000.8,16400,0.183458
71.58,4692,0.4418,0.0443,0.01372,1.83,50000,0.0232,0.516,0.4184,0.004452,0.374,0.5064,0.411,0.2662,0.2524,10.886,0.0837,0.05512,0.1524,0.0663,0.208,0.06558,0.02068,0.211,120,3.02,576.8,12.44,6.1e-05,1,212.6,61.54,130.8,154.8,176.4,67,6.57e-06,2.82e-06,93,1.88e-06,74.988,1980000.4,1,6.658,28.6,10.44,0.005022,62.6,21000.8,16400,0.183458
71.58,4692,0.4418,0.0443,0.01372,1.83,50000,0.0232,0.516,0.4184,0.004452,0.374,0.5064,0.411,0.2662,0.2524,10.886,0.0837,0.05512,0.1524,0.0663,0.208,0.06558,0.02068,0.211,120,3.02,576.8,12.44,6.1e-05,1,212.6,61.54,147,154.8,176.4,67,6.57e-06,2.82e-06,93,1.88e-06,74.988,1980000.4,1,6.658,28.6,10.44,0.005022,62.6,21000.8,16400,0.183458
71.58,4692,0.4418,0.0443,0.01372,1.83,50000,0.0232,0.516,0.4184,0.004452,0.374,0.5064,0.411,0.2662,0.2524,10.886,0.0837,0.05512,0.1524,0.0663,0.208,0.06558,0.02068,0.211,120,3.02,576.8,12.44,6.1e-05,1,212.6,61.54,147,154.8,176.4,67,6.57e-06,2.82e-06,93,1.88e-06,74.988,1980000.4,1,6.658,28.6,10.44,0.005022,62.6,84000.2,16400,0.183458
71.58,4692,0.4418,0.0443,0.01372,1.83,50000,0.0262,0.516,0.4184,0.004452,0.374,0.5064,0.411,0.2662,0.2524,10.886,0.0837,0.05512,0.1524,0.0663,0.208,0.06558,0.02068,0.211,120,3.02,576.8,12.44,6.1e-05,1,212.6,61.54,147,154.8,176.4,67,6.57e-06,2.82e-06,93,1.88e-06,74.988,1980000.4,1,6.658,28.6,10.44,0.005022,62.6,84000.2,16400,0.183458
71.58,4692,0.4418,0.0443,0.01372,1.83,50000,0.0262,0.516,0.4184,0.004452,0.374,0.5064,0.411,0.2662,0.2524,9.644,0.0837,0.05512,0.1524,0.0663,0.208,0.06558,0.02068,0.211,120,3.02,576.8,12.44,6.1e-05,1,212.6,61.54,147,154.8,176.4,67,6.57e-06,2.82e-06,93,1.88e-06,74.988,1980000.4,1,6.658,28.6,10.44,0.005022,62.6,84000.2,16400,0.183458
71.58,4692,0.4418,0.0443,0.01372,1.83,50000,0.0262,0.516,0.4184,0.004452,0.374,0.5064,0.411,0.2662,0.2524,9.644,0.0837,0.05512,0.1524,0.0663,0.208,0.06558,0.02068,0.211,120,3.02,576.8,12.44,6.1e-05,1,212.6,61.54,147,154.8,176.4,67,6.57e-06,2.82e-06,44.58,1.88e-06,74.988,1980000.4,1,6.658,28.6,10.44,0.005022,62.6,84000.2,16400,0.183458
71.58,4692,0.4418,0.0443,0.01372,1.83,50000,0.0262,0.516,0.4184,0.004452,0.374,0.5064,0.411,0.2662,0.2524,9.644,0.0837,0.05512,0.1524,0.0663,0.208,0.06558,0.02068,0.1738,120,3.02,576.8,12.44,6.1e-05,1,212.6,61.54,147,154.8,176.4,67,6.57e-06,2.82e-06,44.58,1.88e-06,74.988,1980000.4,1,6.658,28.6,10.44,0.005022,62.6,84000.2,16400,0.183458
71.58,4692,0.4418,0.0497,0.01372,1.83,50000,0.0262,0.516,0.4184,0.004452,0.374,0.5064,0.411,0.2662,0.2524,9.644,0.0837,0.05512,0.1524,0.0663,0.208,0.06558,0.02068,0.1738,120,3.02,576.8,12.44,6.1e-05,1,212.6,61.54,147,154.8,176.4,67,6.57e-06,2.82e-06,44.58,1.88e-06,74.988,1980000.4,1,6.658,28.6,10.44,0.005022,62.6,84000.2,16400,0.183458
71.58,4692,0.4418,0.0497,0.01372,1.83,50000,0.0262,0.516,0.47,0.004452,0.374,0.5064,0.411,0.2662,0.2524,9.644,0.0837,0.05512,0.1524,0.0663,0.208,0.06558,0.02068,0.1738,120,3.02,576.8,12.44,6.1e-05,1,212.6,61.54,147,154.8,176.4,67,6.57e-06,2.82e-06,44.58,1.88e-06,74.988,1980000.4,1,6.658,28.6,10.44,0.005022,62.6,84000.2,16400,0.183458
71.58,5778,0.4418,0.0497,0.01372,1.83,50000,0.0262,0.516,0.47,0.004452,0.374,0.5064,0.411,0.2662,0.2524,9.644,0.0837,0.05512,0.1524,0.0663,0.208,0.06558,0.02068,0.1738,120,3.02,576.8,12.44,6.1e-05,1,212.6,61.54,147,154.8,176.4,67,6.57e-06,2.82e-06,44.58,1.88e-06,74.988,1980000.4,1,6.658,28.6,10.44,0.005022,62.6,84000.2,16400,0.183458
71.58,5778,0.4418,0.0497,0.01372,1.83,50000,0.0262,0.516,0.47,0.004452,0.422,0.5064,0.411,0.2662,0.2524,9.644,0.0837,0.05512,0.1524,0.0663,0.208,0.06558,0.02068,0.1738,120,3.02,576.8,12.44,6.1e-05,1,212.6,61.54,147,154.8,176.4,67,6.57e-06,2.82e-06,44.58,1.88e-06,74.988,1980000.4,1,6.658,28.6,10.44,0.005022,62.6,84000.2,16400,0.183458
71.58,5778,0.4418,0.0497,0.01372,1.83,50000,0.0262,0.516,0.47,0.004452,0.422,0.5064,0.411,0.2662,0.2524,9.644,0.0837,0.05512,0.1524,0.0663,0.208,0.06558,0.02068,0.1738,120,3.02,576.8,12.44,0.0012244,1,212.6,61.54,147,154.8,176.4,67,6.57e-06,2.82e-06,44.58,1.88e-06,74.988,1980000.4,1,6.658,28.6,10.44,0.005022,62.6,84000.2,16400,0.183458
71.58,5778,0.4418,0.0497,0.01372,1.83,50000,0.0262,0.516,0.47,0.004452,0.422,0.5064,0.411,0.2662,0.2524,9.644,0.0837,0.05512,0.1524,0.0663,0.208,0.06558,0.02068,0.1738,120,3.02,2304.2,12.44,0.0012244,1,212.6,61.54,147,154.8,176.4,67,6.57e-06,2.82e-06,44.58,1.88e-06,74.988,1980000.4,1,6.658,28.6,10.44,0.005022,62.6,84000.2,16400,0.183458
71.58,5778,0.4418,0.0497,0.01372,1.83,50000,0.0262,0.516,0.47,0.004452,0.422,0.5064,0.411,0.2662,0.2524,9.644,0.0837,0.05512,0.1524,0.0663,0.208,0.06558,0.02068,0.1738,120,3.02,2304.2,12.44,0.0012244,1,212.6,61.54,147,154.8,176.4,67,6.57e-06,2.82e-06,44.58,1.88e-06,74.988,1980000.4,1,6.658,28.6,3.36,0.005022,62.6,84000.2,16400,0.183458
71.58,5778,0.4418,0.0497,0.01372,1.83,50000,0.0262,0.516,0.47,0.004452,0.422,0.5064,0.411,0.2662,0.2524,9.644,0.0837,0.05512,0.1524,0.0663,0.208,0.06558,0.02068,0.1738,120,3.02,2304.2,12.44,0.0012244,1,212.6,61.54,147,154.8,198,67,6.57e-06,2.82e-06,44.58,1.88e-06,74.988,1980000.4,1,6.658,28.6,3.36,0.005022,62.6,84000.2,16400,0.183458
71.58,5778,0.4418,0.0497,0.01372,1.83,50000,0.0262,0.516,0.47,0.004452,0.422,0.5064,0.411,0.2662,0.2524,9.644,0.0837,0.05512,0.1524,0.0663,0.208,0.06558,0.02332,0.1738,120,3.02,2304.2,12.44,0.0012244,1,212.6,61.54,147,154.8,198,67,6.57e-06,2.82e-06,44.58,1.88e-06,74.988,1980000.4,1,6.658,28.6,3.36,0.005022,62.6,84000.2,16400,0.183458
71.58,5778,0.4418,0.0497,0.01372,1.83,50000,0.0262,0.516,0.47,0.003948,0.422,0.5064,0.411,0.2662,0.2524,9.644,0.0837,0.05512,0.1524,0.0663,0.208,0.06558,0.02332,0.1738,120,3.02,2304.2,12.44,0.0012244,1,212.6,61.54,147,154.8,198,67,6.57e-06,2.82e-06,44.58,1.88e-06,74.988,1980000.4,1,6.658,28.6,3.36,0.005022,62.6,84000.2,16400,0.183458
71.58,5778,0.4418,0.0497,0.01372,1.83,50000,0.0262,0.516,0.47,0.003948,0.422,0.5064,0.411,0.2662,0.2524,9.644,0.0837,0.04888,0.1524,0.0663,0.208,0.06558,0.02332,0.1738,120,3.02,2304.2,12.44,0.0012244,1,212.6,61.54,147,154.8,198,67,6.57e-06,2.82e-06,44.58,1.88e-06,74.988,1980000.4,1,6.658,28.6,3.36,0.005022,62.6,84000.2,16400,0.183458
71.58,5778,0.4418,0.0497,0.01372,1.83,50000,0.0262,0.516,0.47,0.003948,0.422,0.5064,0.411,0.2662,0.2524,9.644,0.0837,0.04888,0.1524,0.0663,0.208,0.06558,0.02332,0.1738,120,3.02,2304.2,10.76,0.0012244,1,212.6,61.54,147,154.8,198,67,6.57e-06,2.82e-06,44.58,1.88e-06,74.988,1980000.4,1,6.658,28.6,3.36,0.005022,62.6,84000.2,16400,0.183458
71.58,5778,0.4418,0.0497,0.01372,1.83,50000,0.0262,0.516,0.47,0.003948,0.422,0.5064,0.411,0.2662,0.2524,9.644,0.0837,0.04888,0.1524,0.0663,0.208,0.06558,0.02332,0.1738,120,3.02,2304.2,10.76,0.0012244,1,212.6,61.54,147,154.8,198,59.68,6.57e-06,2.82e-06,44.58,1.88e-06,74.988,1980000.4,1,6.658,28.6,3.36,0.005022,62.6,84000.2,16400,0.183458
66.44,5778,0.4418,0.0461,0.01428,1.46828,54200,0.0272,0.5616,0.4012,0.004452,0.406,0.5492,0.443,0.2662,0.2426,10.886,0.07458,0.05304,0.1412,0.0611,0.192,0.06558,0.02068,0.211,104.64,3.02,1152.6,10.76,0.0016122,3.9,239,66.58,147,167.6,198,57.24,7.458e-06,1.79e-06,12.3,2.206e-06,74.988,660000.8,110000.6,8.426,1,5.72,0.004674,73,84000.2,17880,0.092374
66.44,5778,0.4418,0.0407,0.01428,1.46828,54200,0.0272,0.5616,0.4012,0.004452,0.406,0.5492,0.443,0.2662,0.2426,10.886,0.07458,0.05304,0.1412,0.0611,0.192,0.06558,0.02068,0.211,104.64,3.02,1152.6,10.76,0.0016122,3.9,239,66.58,147,167.6,198,57.24,7.458e-06,1.79e-06,12.3,2.206e-06,74.988,660000.8,110000.6,8.426,1,5.72,0.004674,73,84000.2,17880,0.092374
66.44,5778,0.4418,0.0407,0.01428,1.46828,54200,0.0272,0.5616,0.4012,0.004452,0.406,0.5492,0.443,0.2662,0.2426,10.886,0.07458,0.05304,0.1412,0.0611,0.192,0.06558,0.02068,0.211,104.64,3.02,1152.6,10.76,0.0016122,3.9,239,66.58,147,148.4,198,57.24,7.458e-06,1.79e-06,12.3,2.206e-06,74.988,660000.8,110000.6,8.426,1,5.72,0.004674,73,84000.2,17880,0.092374
66.44,5778,0.4418,0.0407,0.01428,1.46828,54200,0.0272,0.5616,0.4528,0.004452,0.406,0.5492,0.443,0.2662,0.2426,10.886,0.07458,0.05304,0.1412,0.0611,0.192,0.06558,0.02068,0.211,104.64,3.02,1152.6,10.76,0.0016122,3.9,239,66.58,147,148.4,198,57.24,7.458e-06,1.79e-06,12.3,2.206e-06,74.988,660000.8,110000.6,8.426,1,5.72,0.004674,73,84000.2,17880,0.092374
66.44,5778,0.4418,0.0407,0.01428,1.46828,54200,0.0272,0.5616,0.4528,0.004452,0.406,0.5492,0.443,0.2662,0.2426,10.886,0.07458,0.05304,0.1412,0.0611,0.192,0.06558,0.02068,0.211,104.64,3.02,1152.6,10.76,0.0016122,3.9,239,66.58,147,148.4,198,57.24,7.458e-06,1.79e-06,12.3,2.206e-06,74.988,660000.8,110000.6,8.426,1,5.72,0.004674,73,84000.2,20100,0.092374
66.44,5778,0.4418,0.0407,0.01428,1.46828,54200,0.0272,0.5616,0.4528,0.004452,0.406,0.5492,0.443,0.2662,0.2426,10.886,0.07458,0.05304,0.158,0.0611,0.192,0.06558,0.02068,0.211,104.64,3.02,1152.6,10.76,0.0016122,3.9,239,66.58,147,148.4,198,57.24,7.458e-06,1.79e-06,12.3,2.206e-06,74.988,660000.8,110000.6,8.426,1,5.72,0.004674,73,84000.2,20100,0.092374
66.44,5778,0.4418,0.0407,0.01428,1.46828,54200,0.0272,0.5616,0.4528,0.004452,0.406,0.5492,0.443,0.2662,0.2426,10.886,0.07458,0.05304,0.158,0.0611,0.192,0.06558,0.02068,0.211,104.64,3.02,1152.6,10.76,0.0016122,3.9,239,66.58,147,148.4,198,57.24,7.458e-06,1.79e-06,12.3,2.206e-06,74.988,660000.8,110000.6,8.426,1,5.72,0.004674,73,84000.2,20100,0.229
66.44,5778,0.4418,0.0407,0.01428,0.38312,54200,0.0272,0.5616,0.4528,0.004452,0.406,0.5492,0.443,0.2662,0.2426,10.886,0.07458,0.05304,0.158,0.0611,0.192,0.06558,0.02068,0.211,104.64,3.02,1152.6,10.76,0.0016122,3.9,239,66.58,147,148.4,198,57.24,7.458e-06,1.79e-06,12.3,2.206e-06,74.988,660000.8,110000.6,8.426,1,5.72,0.004674,73,84000.2,20100,0.229
66.44,5778,0.4418,0.0407,0.01428,0.38312,54200,0.0272,0.5616,0.4528,0.004452,0.406,0.5492,0.443,0.2662,0.2426,10.886,0.07458,0.05304,0.158,0.0611,0.192,0.06558,0.02068,0.211,104.64,3.02,1152.6,10.76,0.0016122,2.16,239,66.58,147,148.4,198,57.24,7.458e-06,1.79e-06,12.3,2.206e-06,74.988,660000.8,110000.6,8.426,1,5.72,0.004674,73,84000.2,20100,0.229
66.44,5778,0.4418,0.0407,0.01428,0.38312,54200,0.0272,0.5616,0.4528,0.004452,0.406,0.5492,0.443,0.2662,0.2426,10.886,0.07458,0.05304,0.158,0.0611,0.192,0.06558,0.02068,0.211,104.64,3.02,2880,10.76,0.0016122,2.16,239,66.58,147,148.4,198,57.24,7.458e-06,1.79e-06,12.3,2.206e-06,74.988,660000.8,110000.6,8.426,1,5.72,0.004674,73,84000.2,20100,0.229
66.44,5778,0.4418,0.0407,0.01428,0.38312,54200,0.0272,0.5616,0.4528,0.004452,0.406,0.5492,0.443,0.2662,0.2426,10.886,0.07458,0.05304,0.158,0.0611,0.192,0.06558,0.02068,0.211,104.64,3.02,2880,10.76,0.0016122,2.16,212.6,66.58,147,148.4,198,57.24,7.458e-06,1.79e-06,12.3,2.206e-06,74.988,660000.8,110000.6,8.426,1,5.72,0.004674,73,84000.2,20100,0.229
66.44,5778,0.4418,0.0407,0.01428,0.38312,54200,0.0272,0.5616,0.4528,0.003948,0.406,0.5492,0.443,0.2662,0.2426,10.886,0.07458,0.05304,0.158,0.0611,0.192,0.06558,0.02068,0.211,104.64,3.02,2880,10.76,0.0016122,2.16,212.6,66.58,147,148.4,198,57.24,7.458e-06,1.79e-06,12.3,2.206e-06,74.988,660000.8,110000.6,8.426,1,5.72,0.004674,73,84000.2,20100,0.229
66.44,4692,0.4418,0.0407,0.01428,0.38312,54200,0.0272,0.5616,0.4528,0.003948,0.406,0.5492,0.443,0.2662,0.2426,10.886,0.07458,0.05304,0.158,0.0611,0.192,0.06558,0.02068,0.211,104.64,3.02,2880,10.76,0.0016122,2.16,212.6,66.58,147,148.4,198,57.24,7.458e-06,1.79e-06,12.3,2.206e-06,74.988,660000.8,110000.6,8.426,1,5.72,0.004674,73,84000.2,20100,0.229
66.44,4692,0.4418,0.0407,0.01428,0.38312,54200,0.0242,0.5616,0.4528,0.003948,0.406,0.5492,0.443,0.2662,0.2426,10.886,0.07458,0.05304,0.158,0.0611,0.192,0.06558,0.02068,0.211,104.64,3.02,2880,10.76,0.0016122,2.16,212.6,66.58,147,148.4,198,57.24,7.458e-06,1.79e-06,12.3,2.206e-06,74.988,660000.8,110000.6,8.426,1,5.72,0.004674,73,84000.2,20100,0.229
66.44,4692,0.4418,0.0407,0.01428,0.38312,54200,0.0242,0.5616,0.4528,0.003948,0.406,0.5492,0.443,0.2662,0.2426,10.886,0.07458,0.05304,0.158,0.0689,0.192,0.06558,0.02068,0.211,104.64,3.02,2880,10.76,0.0016122,2.16,212.6,66.58,147,148.4,198,57.24,7.458e-06,1.79e-06,12.3,2.206e-06,74.988,660000.8,110000.6,8.426,1,5.72,0.004674,73,84000.2,20100,0.229
66.44,4692,0.4418,0.0407,0.01428,0.38312,54200,0.0242,0.5616,0.4528,0.003948,0.406,0.5492,0.443,0.2662,0.2426,10.886,0.07458,0.05304,0.158,0.0689,0.216,0.06558,0.02068,0.211,104.64,3.02,2880,10.76,0.0016122,2.16,212.6,66.58,147,148.4,198,57.24,7.458e-06,1.79e-06,12.3,2.206e-06,74.988,660000.8,110000.6,8.426,1,5.72,0.004674,73,84000.2,20100,0.229
66.44,4692,0.4418,0.0407,0.01428,0.38312,54200,0.0242,0.5616,0.4528,0.003948,0.406,0.5492,0.443,0.2662,0.2426,10.886,0.07458,0.05304,0.158,0.0689,0.216,0.06558,0.02068,0.211,104.64,3.02,2880,10.76,0.0016122,2.16,212.6,66.58,147,148.4,198,57.24,7.458e-06,1.79e-06,12.3,2.206e-06,74.988,660000.8,110000.6,8.426,1,5.72,0.004674,73,21000.8,20100,0.229
66.44,4692,0.4418,0.0407,0.01428,0.38312,54200,0.0242,0.5616,0.4528,0.003948,0.406,0.5492,0.443,0.2662,0.2426,10.886,0.07458,0.05304,0.158,0.0689,0.216,0.06558,0.02068,0.211,104.64,3.02,2880,10.76,0.0016122,2.16,212.6,66.58,147,148.4,198,57.24,7.458e-06,1.79e-06,12.3,2.206e-06,74.988,660000.8,110000.6,8.426,21.7,5.72,0.004674,73,21000.8,20100,0.229
81.86,4692,0.4418,0.0407,0.01428,0.38312,54200,0.0242,0.5616,0.4528,0.003948,0.406,0.5492,0.443,0.2662,0.2426,10.886,0.07458,0.05304,0.158,0.0689,0.216,0.06558,0.02068,0.211,104.64,3.02,2880,10.76,0.0016122,2.16,212.6,66.58,147,148.4,198,57.24,7.458e-06,1.79e-06,12.3,2.206e-06,74.988,660000.8,110000.6,8.426,21.7,5.72,0.004674,73,21000.8,20100,0.229
81.86,4692,0.4418,0.0407,0.01428,0.38312,54200,0.0242,0.5616,0.4528,0.003948,0.406,0.5492,0.443,0.2662,0.2426,10.886,0.07458,0.05304,0.158,0.0689,0.216,0.06558,0.02068,0.211,104.64,3.02,2880,10.76,0.0016122,2.16,212.6,66.58,147,148.4,198,57.24,7.458e-06,1.79e-06,12.3,2.206e-06,174,660000.8,110000.6,8.426,21.7,5.72,0.004674,73,21000.8,20100,0.229
81.86,4692,0.353,0.0407,0.01428,0.38312,54200,0.0242,0.5616,0.4528,0.003948,0.406,0.5492,0.443,0.2662,0.2426,10.886,0.07458,0.05304,0.158,0.0689,0.216,0.06558,0.02068,0.211,104.64,3.02,2880,10.76,0.0016122,2.16,212.6,66.58,147,148.4,198,57.24,7.458e-06,1.79e-06,12.3,2.206e-06,174,660000.8,110000.6,8.426,21.7,5.72,0.004674,73,21000.8,20100,0.229
81.86,4692,0.353,0.0407,0.01428,0.38312,54200,0.0242,0.5616,0.4528,0.003948,0.406,0.5492,0.443,0.2662,0.2426,10.886,0.07458,0.05304,0.158,0.0689,0.216,0.06558,0.02068,0.1738,104.64,3.02,2880,10.76,0.0016122,2.16,212.6,66.58,147,148.4,198,57.24,7.458e-06,1.79e-06,12.3,2.206e-06,174,660000.8,110000.6,8.426,21.7,5.72,0.004674,73,21000.8,20100,0.229
81.86,4692,0.353,0.0407,0.01428,0.38312,54200,0.0242,0.5616,0.4528,0.003948,0.406,0.5492,0.443,0.2662,0.2426,10.886,0.07458,0.05304,0.158,0.0689,0.216,0.06558,0.02068,0.1738,104.64,3.02,2880,10.76,0.0016122,2.16,212.6,66.58,130.8,148.4,198,57.24,7.458e-06,1.79e-06,12.3,2.206e-06,174,660000.8,110000.6,8.426,21.7,5.72,0.004674,73,21000.8,20100,0.229
81.86,4692,0.353,0.0407,0.01428,0.38312,54200,0.0242,0.5616,0.4528,0.003948,0.406,0.5492,0.443,0.2662,0.2426,10.886,0.07458,0.05304,0.158,0.0689,0.216,0.06558,0.02068,0.1738,104.64,3.02,2880,10.76,0.0016122,2.16,212.6,66.58,130.8,148.4,198,57.24,7.458e-06,1.79e-06,12.3,2.206e-06,174,660000.8,275000,8.426,21.7,5.72,0.004674,73,21000.8,20100,0.229
81.86,4692,0.353,0.0407,0.01428,0.38312,54200,0.0242,0.5616,0.4528,0.003948,0.406,0.5492,0.395,0.2662,0.2426,10.886,0.07458,0.05304,0.158,0.0689,0.216,0.06558,0.02068,0.1738,104.64,3.02,2880,10.76,0.0016122,2.16,212.6,66.58,130.8,148.4,198,57.24,7.458e-06,1.79e-06,12.3,2.206e-06,174,660000.8,275000,8.426,21.7,5.72,0.004674,73,21000.8,20100,0.229
81.86,4692,0.353,0.0407,0.01428,0.38312,54200,0.0242,0.5616,0.4528,0.003948,0.406,0.5492,0.395,0.2662,0.2426,10.886,0.07458,0.05304,0.158,0.0689,0.216,0.06558,0.02068,0.1738,104.64,3.02,2880,10.76,0.0016122,2.16,212.6,66.58,130.8,148.4,198,57.24,7.458e-06,1.79e-06,12.3,2.206e-06,174,660000.8,275000,5.774,21.7,5.72,0.004674,73,21000.8,20100,0.229
81.86,4692,0.353,0.0407,0.01428,0.38312,54200,0.0242,0.5616,0.4528,0.003948,0.406,0.5492,0.395,0.2662,0.2426,10.886,0.07458,0.05304,0.158,0.0689,0.216,0.0579,0.02068,0.1738,104.64,3.02,2880,10.76,0.0016122,2.16,212.6,66.58,130.8,148.4,198,57.24,7.458e-06,1.79e-06,12.3,2.206e-06,174,660000.8,275000,5.774,21.7,5.72,0.004674,73,21000.8,20100,0.229
81.86,4692,0.353,0.0407,0.01428,0.38312,54200,0.0242,0.5616,0.4528,0.003948,0.406,0.5492,0.395,0.2662,0.2426,10.886,0.07458,0.05304,0.158,0.0689,0.216,0.0579,0.02068,0.1738,104.64,3.02,2880,10.76,0.0016122,2.16,212.6,66.58,130.8,148.4,198,57.24,7.458e-06,1.79e-06,12.3,2.206e-06,174,660000.8,275000,5.774,21.7,12.8,0.004674,73,21000.8,20100,0.229
81.86,4692,0.353,0.0407,0.01428,0.38312,54200,0.0242,0.5616,0.4528,0.003948,0.406,0.5492,0.395,0.2662,0.2426,10.886,0.07458,0.0468,0.158,0.0689,0.216,0.0579,0.02068,0.1738,104.64,3.02,2880,10.76,0.0016122,2.16,212.6,66.58,130.8,148.4,198,57.24,7.458e-06,1.79e-06,12.3,2.206e-06,174,660000.8,275000,5.774,21.7,12.8,0.004674,73,21000.8,20100,0.229
81.86,4692,0.353,0.0407,0.01428,0.38312,54200,0.0242,0.5616,0.4528,0.003948,0.406,0.5492,0.395,0.2662,0.2426,10.886,0.07458,0.0468,0.158,0.0689,0.216,0.0579,0.02332,0.1738,104.64,3.02,2880,10.76,0.0016122,2.16,212.6,66.58,130.8,148.4,198,57.24,7.458e-06,1.79e-06,12.3,2.206e-06,174,660000.8,275000,5.774,21.7,12.8,0.004674,73,21000.8,20100,0.229
81.86,4692,0.353,0.0407,0.01428,0.38312,54200,0.0242,0.5616,0.4528,0.003948,0.406,0.5492,0.395,0.2662,0.272,10.886,0.07458,0.0468,0.158,0.0689,0.216,0.0579,0.02332,0.1738,104.64,3.02,2880,10.76,0.0016122,2.16,212.6,66.58,130.8,148.4,198,57.24,7.458e-06,1.79e-06,12.3,2.206e-06,174,660000.8,275000,5.774,21.7,12.8,0.004674,73,21000.8,20100,0.229
81.86,4692,0.353,0.0407,0.01428,0.38312,54200,0.0242,0.5616,0.4528,0.003948,0.406,0.5492,0.395,0.2662,0.272,10.886,0.07458,0.0468,0.158,0.0689,0.216,0.0579,0.02332,0.1738,104.64,3.02,2880,10.76,0.0004488,2.16,212.6,66.58,130.8,148.4,198,57.24,7.458e-06,1.79e-06,12.3,2.206e-06,174,660000.8,275000,5.774,21.7,12.8,0.004674,73,21000.8,20100,0.229
81.86,4692,0.353,0.0407,0.01428,0.38312,54200,0.0242,0.5616,0.4528,0.003948,0.406,0.5492,0.395,0.2662,0.272,10.886,0.07458,0.0468,0.158,0.0689,0.216,0.0579,0.02332,0.1738,104.64,3.02,2880,10.76,0.0004488,2.16,212.6,66.58,130.8,148.4,198,64.56,7.458e-06,1.79e-06,12.3,2.206e-06,174,660000.8,275000,5.774,21.7,12.8,0.004674,73,21000.8,20100,0.229
81.86,4692,0.353,0.0407,0.01428,0.38312,54200,0.0242,0.5616,0.4528,0.003948,0.406,0.5492,0.395,0.2662,0.272,10.886,0.07458,0.0468,0.158,0.0689,0.216,0.0579,0.02332,0.1738,104.64,3.02,2880,10.76,0.0004488,2.16,212.6,59.02,130.8,148.4,198,64.56,7.458e-06,1.79e-06,12.3,2.206e-06,174,660000.8,275000,5.774,21.7,12.8,0.004674,73,21000.8,20100,0.229
81.86,4692,0.353,0.0407,0.01428,0.38312,54200,0.0242,0.5616,0.4528,0.003948,0.406,0.5492,0.395,0.2662,0.272,10.886,0.0837,0.0468,0.158,0.0689,0.216,0.0579,0.02332,0.1738,104.64,3.02,2880,10.76,0.0004488,2.16,212.6,59.02,130.8,148.4,198,64.56,7.458e-06,1.79e-06,12.3,2.206e-06,174,660000.8,275000,5.774,21.7,12.8,0.004674,73,21000.8,20100,0.229
81.86,4692,0.353,0.0407,0.01428,0.38312,54200,0.0242,0.5616,0.4528,0.003948,0.406,0.485,0.395,0.2662,0.272,10.886,0.0837,0.0468,0.158,0.0689,0.216,0.0579,0.02332,0.1738,104.64,3.02,2880,10.76,0.0004488,2.16,212.6,59.02,130.8,148.4,198,64.56,7.458e-06,1.79e-06,12.3,2.206e-06,174,660000.8,275000,5.774,21.7,12.8,0.004674,73,21000.8,20100,0.229
81.86,4692,0.353,0.0407,0.01428,0.38312,54200,0.0242,0.5616,0.4528,0.003948,0.406,0.485,0.395,0.2662,0.272,10.886,0.0837,0.0468,0.158,0.0689,0.216,0.0579,0.02332,0.1738,104.64,3.428,2880,10.76,0.0004488,2.16,212.6,59.02,130.8,148.4,198,64.56,7.458e-06,1.79e-06,12.3,2.206e-06,174,660000.8,275000,5.774,21.7,12.8,0.004674,73,21000.8,20100,0.229
81.86,4692,0.353,0.0407,0.01428,0.38312,54200,0.0242,0.63,0.4528,0.003948,0.406,0.485,0.395,0.2662,0.272,10.886,0.0837,0.0468,0.158,0.0689,0.216,0.0579,0.02332,0.1738,104.64,3.428,2880,10.76,0.0004488,2.16,212.6,59.02,130.8,148.4,198,64.56,7.458e-06,1.79e-06,12.3,2.206e-06,174,660000.8,275000,5.774,21.7,12.8,0.004674,73,21000.8,20100,0.229
81.86,4692,0.353,0.0407,0.01428,0.38312,66800,0.0242,0.63,0.4528,0.003948,0.406,0.485,0.395,0.2662,0.272,10.886,0.0837,0.0468,0.158,0.0689,0.216,0.0579,0.02332,0.1738,104.64,3.428,2880,10.76,0.0004488,2.16,212.6,59.02,130.8,148.4,198,64.56,7.458e-06,1.79e-06,12.3,2.206e-06,174,660000.8,275000,5.774,21.7,12.8,0.004674,73,21000.8,20100,0.229
81.86,4692,0.353,0.0407,0.01428,0.38312,66800,0.0242,0.63,0.4528,0.003948,0.358,0.485,0.395,0.2662,0.272,10.886,0.0837,0.0468,0.158,0.0689,0.216,0.0579,0.02332,0.1738,104.64,3.428,2880,10.76,0.0004488,2.16,212.6,59.02,130.8,148.4,198,64.56,7.458e-06,1.79e-06,12.3,2.206e-06,174,660000.8,275000,5.774,21.7,12.8,0.004674,73,21000.8,20100,0.229
81.86,4692,0.353,0.0407,0.01428,0.38312,66800,0.0242,0.63,0.4528,0.003948,0.358,0.485,0.395,0.2662,0.272,10.886,0.0837,0.0468,0.158,0.0689,0.216,0.0579,0.02332,0.1738,104.64,3.428,2880,10.76,0.0004488,2.16,212.6,59.02,130.8,148.4,198,64.56,7.458e-06,1.79e-06,12.3,2.206e-06,174,2640000.2,275000,5.774,21.7,12.8,0.004674,73,21000.8,20100,0.229
81.86,4692,0.353,0.0407,0.01428,0.38312,66800,0.0242,0.63,0.4528,0.003948,0.358,0.485,0.395,0.2662,0.272,10.886,0.0837,0.0468,0.158,0.0689,0.216,0.0579,0.02332,0.1738,104.64,3.428,2880,10.76,0.0004488,2.16,212.6,59.02,130.8,148.4,198,64.56,7.458e-06,1.79e-06,60.72,2.206e-06,174,2640000.2,275000,5.774,21.7,12.8,0.004674,73,21000.8,20100,0.229
81.86,4692,0.353,0.0407,0.01428,0.38312,66800,0.0242,0.63,0.4528,0.003948,0.358,0.485,0.395,0.2662,0.272,10.886,0.0837,0.0468,0.158,0.0689,0.216,0.0579,0.02332,0.1738,104.64,3.428,2880,10.76,0.0004488,2.16,212.6,59.02,130.8,148.4,176.4,64.56,7.458e-06,1.79e-06,60.72,2.206e-06,174,2640000.2,275000,5.774,21.7,12.8,0.004674,73,21000.8,20100,0.229
81.86,4692,0.353,0.0407,0.0126,0.38312,66800,0.0242,0.63,0.4528,0.003948,0.358,0.485,0.395,0.2662,0.272,10.886,0.0837,0.0468,0.158,0.0689,0.216,0.0579,0.02332,0.1738,104.64,3.428,2880,10.76,0.0004488,2.16,212.6,59.02,130.8,148.4,176.4,64.56,7.458e-06,1.79e-06,60.72,2.206e-06,174,2640000.2,275000,5.774,21.7,12.8,0.004674,73,21000.8,20100,0.229
81.86,4692,0.353,0.0407,0.0126,0.38312,66800,0.0242,0.63,0.4528,0.003948,0.358,0.485,0.395,0.2998,0.272,10.886,0.0837,0.0468,0.158,0.0689,0.216,0.0579,0.02332,0.1738,104.64,3.428,2880,10.76,0.0004488,2.16,212.6,59.02,130.8,148.4,176.4,64.56,7.458e-06,1.79e-06,60.72,2.206e-06,174,2640000.2,275000,5.774,21.7,12.8,0.004674,73,21000.8,20100,0.229
81.86,4692,0.353,0.0407,0.0126,0.38312,66800,0.0242,0.63,0.4528,0.003948,0.358,0.485,0.395,0.2998,0.272,10.886,0.0837,0.0468,0.158,0.0689,0.216,0.0579,0.02332,0.1738,58.56,3.428,2880,10.76,0.0004488,2.16,212.6,59.02,130.8,148.4,176.4,64.56,7.458e-06,1.79e-06,60.72,2.206e-06,174,2640000.2,275000,5.774,21.7,12.8,0.004674,73,21000.8,20100,0.229
81.86,4692,0.353,0.0407,0.0126,0.38312,66800,0.0242,0.63,0.4528,0.003948,0.358,0.485,0.395,0.2998,0.272,10.886,0.0837,0.0468,0.158,0.0689,0.216,0.0579,0.02332,0.1738,58.56,3.428,2880,12.44,0.0004488,2.16,212.6,59.02,130.8,148.4,176.4,64.56,7.458e-06,1.79e-06,60.72,2.206e-06,174,2640000.2,275000,5.774,21.7,12.8,0.004674,73,21000.8,20100,0.229
81.86,4692,0.353,0.0407,0.0126,0.38312,66800,0.0242,0.63,0.4528,0.003948,0.358,0.485,0.395,0.2998,0.272,10.886,0.0837,0.0468,0.158,0.0689,0.216,0.0579,0.02332,0.1738,58.56,3.428,2880,12.44,0.0004488,2.16,212.6,59.02,130.8,148.4,176.4,64.56,7.458e-06,1.79e-06,60.72,2.206e-06,174,2640000.2,275000,5.774,21.7,12.8,0.00363,73,21000.8,20100,0.229
81.86,4692,0.353,0.0407,0.0126,0.38312,66800,0.0242,0.63,0.4528,0.003948,0.358,0.485,0.395,0.2998,0.272,10.886,0.0837,0.0468,0.158,0.0689,0.216,0.0579,0.02332,0.1738,58.56,3.428,2880,12.44,0.0004488,2.16,212.6,59.02,130.8,148.4,176.4,64.56,6.57e-06,1.79e-06,60.72,2.206e-06,174,2640000.2,275000,5.774,21.7,12.8,0.00363,73,21000.8,20100,0.229
81.86,4692,0.353,0.0407,0.0126,0.38312,66800,0.0242,0.63,0.4528,0.003948,0.358,0.485,0.395,0.2998,0.272,10.886,0.0837,0.0468,0.158,0.0689,0.216,0.0579,0.02332,0.1738,58.56,3.428,2880,12.44,0.0004488,2.16,212.6,59.02,130.8,148.4,176.4,64.56,6.57e-06,1.79e-06,60.72,3.184e-06,174,2640000.2,275000,5.774,21.7,12.8,0.00363,73,21000.8,20100,0.229
81.86,4692,0.353,0.0407,0.0126,0.38312,66800,0.0242,0.63,0.4528,0.003948,0.358,0.485,0.395,0.2998,0.272,9.644,0.0837,0.0468,0.158,0.0689,0.216,0.0579,0.02332,0.1738,58.56,3.428,2880,12.44,0.0004488,2.16,212.6,59.02,130.8,148.4,176.4,64.56,6.57e-06,1.79e-06,60.72,3.184e-06,174,2640000.2,275000,5.774,21.7,12.8,0.00363,73,21000.8,20100,0.229
81.86,4692,0.353,0.0407,0.0126,0.38312,66800,0.0242,0.63,0.4528,0.003948,0.358,0.485,0.395,0.2998,0.272,9.644,0.0837,0.0468,0.158,0.0689,0.216,0.0579,0.02332,0.1738,58.56,3.428,2880,12.44,0.0004488,2.16,212.6,59.02,130.8,148.4,176.4,64.56,6.57e-06,2.408e-06,60.72,3.184e-06,174,2640000.2,275000,5.774,21.7,12.8,0.00363,73,21000.8,20100,0.229
81.86,4692,0.353,0.0407,0.0126,0.38312,66800,0.0242,0.63,0.4528,0.003948,0.358,0.485,0.395,0.2998,0.272,9.644,0.0837,0.0468,0.158,0.0689,0.216,0.0579,0.02332,0.1738,58.56,3.428,2880,12.44,0.0004488,2.16,212.6,59.02,130.8,148.4,176.4,64.56,6.57e-06,2.408e-06,60.72,3.184e-06,174,2640000.2,275000,5.774,21.7,12.8,0.00363,41.8,21000.8,20100,0.229
81.86,4692,0.353,0.0425,0.01428,0.74484,71000,0.0252,0.6072,0.4012,0.003948,0.438,0.485,0.379,0.2998,0.223,10.886,0.07458,0.0572,0.1412,0.0585,0.208,0.0707,0.02244,0.1738,73.92,3.7,1728.4,11.88,0.0008366,3.9,230.2,56.5,141.6,167.6,169.2,59.68,8.05e-06,1.996e-06,76.86,2.858e-06,41.984,1,55000.8,4.89,1,12.8,0.005022,31.4,105000,20100,0.229
81.86,4692,0.353,0.0425,0.01428,0.74484,71000,0.0252,0.6072,0.4012,0.003948,0.438,0.485,0.379,0.2998,0.223,10.886,0.07458,0.0572,0.1412,0.0585,0.208,0.0707,0.02244,0.1738,73.92,3.7,1728.4,10.2,0.0008366,3.9,230.2,56.5,141.6,167.6,169.2,59.68,8.05e-06,1.996e-06,76.86,2.858e-06,41.984,1,55000.8,4.89,1,12.8,0.005022,31.4,105000,20100,0.229
81.86,4692,0.353,0.0425,0.01428,0.74484,71000,0.0252,0.6072,0.4012,0.003948,0.438,0.485,0.379,0.2998,0.223,10.886,0.07458,0.0572,0.1412,0.0585,0.184,0.0707,0.02244,0.1738,73.92,3.7,1728.4,10.2,0.0008366,3.9,230.2,56.5,141.6,167.6,169.2,59.68,8.05e-06,1.996e-06,76.86,2.858e-06,41.984,1,55000.8,4.89,1,12.8,0.005022,31.4,105000,20100,0.229
81.86,4692,0.353,0.0425,0.01428,0.74484,71000,0.0252,0.6072,0.4012,0.003948,0.438,0.485,0.379,0.2998,0.223,10.886,0.07458,0.05096,0.1412,0.0585,0.184,0.0707,0.02244,0.1738,73.92,3.7,1728.4,10.2,0.0008366,3.9,230.2,56.5,141.6,167.6,169.2,59.68,8.05e-06,1.996e-06,76.86,2.858e-06,41.984,1,55000.8,4.89,1,12.8,0.005022,31.4,105000,20100,0.229
81.86,4692,0.353,0.0425,0.01428,0.74484,71000,0.0252,0.6072,0.4012,0.003948,0.438,0.485,0.379,0.2998,0.223,10.886,0.07458,0.05096,0.1412,0.0585,0.184,0.0707,0.02244,0.1738,73.92,3.7,1728.4,10.2,0.002,3.9,230.2,56.5,141.6,167.6,169.2,59.68,8.05e-06,1.996e-06,76.86,2.858e-06,41.984,1,55000.8,4.89,1,12.8,0.005022,31.4,105000,20100,0.229
81.86,4692,0.353,0.0425,0.01428,0.74484,71000,0.0252,0.6072,0.4012,0.003948,0.438,0.485,0.379,0.2998,0.223,10.886,0.07458,0.05096,0.1412,0.0585,0.184,0.0707,0.02244,0.1738,73.92,3.7,1728.4,10.2,0.002,3.9,203.8,56.5,141.6,167.6,169.2,59.68,8.05e-06,1.996e-06,76.86,2.858e-06,41.984,1,55000.8,4.89,1,12.8,0.005022,31.4,105000,20100,0.229
81.86,4692,0.353,0.0425,0.01428,0.74484,71000,0.0252,0.6072,0.4012,0.003948,0.438,0.485,0.379,0.2998,0.223,9.644,0.07458,0.05096,0.1412,0.0585,0.184,0.0707,0.02244,0.1738,73.92,3.7,1728.4,10.2,0.002,3.9,203.8,56.5,141.6,167.6,169.2,59.68,8.05e-06,1.996e-06,76.86,2.858e-06,41.984,1,55000.8,4.89,1,12.8,0.005022,31.4,105000,20100,0.229
81.86,4692,0.353,0.0425,0.01428,0.74484,71000,0.0252,0.6072,0.4012,0.003948,0.438,0.485,0.379,0.2998,0.223,9.644,0.07458,0.05096,0.1412,0.0585,0.184,0.0707,0.02244,0.1738,73.92,3.7,1728.4,10.2,0.002,3.9,203.8,56.5,141.6,148.4,169.2,59.68,8.05e-06,1.996e-06,76.86,2.858e-06,41.984,1,55000.8,4.89,1,12.8,0.005022,31.4,105000,20100,0.229
81.86,4692,0.353,0.0425,0.01428,0.74484,71000,0.0252,0.6072,0.4012,0.003948,0.438,0.485,0.379,0.2998,0.223,9.644,0.07458,0.05096,0.1412,0.0585,0.184,0.0707,0.02244,0.1738,73.92,3.7,1728.4,10.2,0.002,3.9,203.8,56.5,141.6,148.4,169.2,59.68,8.05e-06,1.996e-06,76.86,2.858e-06,41.984,1,55000.8,7.542,1,12.8,0.005022,31.4,105000,20100,0.229
81.86,4692,0.353,0.0425,0.01428,0.74484,71000,0.0252,0.6072,0.4012,0.003948,0.438,0.485,0.379,0.2998,0.223,9.644,0.07458,0.05096,0.1412,0.0585,0.184,0.0707,0.02244,0.1738,73.92,3.7,1728.4,10.2,0.002,3.9,203.8,56.5,141.6,148.4,169.2,59.68,8.05e-06,2.614e-06,76.86,2.858e-06,41.984,1,55000.8,7.542,1,12.8,0.005022,31.4,105000,20100,0.229
81.86,4692,0.353,0.0425,0.01428,0.74484,71000,0.0252,0.6072,0.4012,0.003948,0.438,0.485,0.379,0.2998,0.223,9.644,0.07458,0.05096,0.1412,0.0585,0.184,0.0707,0.02244,0.1738,73.92,3.7,1728.4,10.2,0.002,3.9,203.8,56.5,141.6,148.4,169.2,59.68,8.05e-06,2.614e-06,76.86,2.858e-06,41.984,1980000.4,55000.8,7.542,1,12.8,0.005022,31.4,105000,20100,0.229
81.86,4692,0.353,0.0425,0.01428,0.74484,71000,0.0252,0.6072,0.4012,0.003948,0.438,0.485,0.379,0.2998,0.2524,9.644,0.07458,0.05096,0.1412,0.0585,0.184,0.0707,0.02244,0.1738,73.92,3.7,1728.4,10.2,0.002,3.9,203.8,56.5,141.6,148.4,169.2,59.68,8.05e-06,2.614e-06,76.86,2.858e-06,41.984,1980000.4,55000.8,7.542,1,12.8,0.005022,31.4,105000,20100,0.229
66.44,4692,0.353,0.0425,0.01428,0.74484,71000,0.0252,0.6072,0.4012,0.003948,0.438,0.485,0.379,0.2998,0.2524,9.644,0.07458,0.05096,0.1412,0.0585,0.184,0.0707,0.02244,0.1738,73.92,3.7,1728.4,10.2,0.002,3.9,203.8,56.5,141.6,148.4,169.2,59.68,8.05e-06,2.614e-06,76.86,2.858e-06,41.984,1980000.4,55000.8,7.542,1,12.8,0.005022,31.4,105000,20100,0.229
66.44,4692,0.353,0.0425,0.01428,0.74484,71000,0.0252,0.6072,0.4012,0.003948,0.438,0.485,0.379,0.2998,0.2524,9.644,0.07458,0.05096,0.1412,0.0585,0.184,0.0707,0.02244,0.1738,73.92,3.7,1728.4,10.2,0.002,3.9,203.8,56.5,141.6,148.4,169.2,59.68,8.05e-06,2.614e-06,28.44,2.858e-06,41.984,1980000.4,55000.8,7.542,1,12.8,0.005022,31.4,105000,20100,0.229
66.44,4692,0.353,0.0425,0.01428,0.74484,71000,0.0252,0.5388,0.4012,0.003948,0.438,0.485,0.379,0.2998,0.2524,9.644,0.07458,0.05096,0.1412,0.0585,0.184,0.0707,0.02244,0.1738,73.92,3.7,1728.4,10.2,0.002,3.9,203.8,56.5,141.6,148.4,169.2,59.68,8.05e-06,2.614e-06,28.44,2.858e-06,41.984,1980000.4,55000.8,7.542,1,12.8,0.005022,31.4,105000,20100,0.229
66.44,4692,0.353,0.0425,0.01428,0.74484,71000,0.0252,0.5388,0.4012,0.003948,0.438,0.485,0.379,0.2998,0.2524,9.644,0.07458,0.05096,0.1412,0.0585,0.184,0.0707,0.02244,0.1738,120,3.7,1728.4,10.2,0.002,3.9,203.8,56.5,141.6,148.4,169.2,59.68,8.05e-06,2.614e-06,28.44,2.858e-06,41.984,1980000.4,55000.8,7.542,1,12.8,0.005022,31.4,105000,20100,0.229
66.44,4692,0.353,0.0425,0.01428,0.74484,71000,0.0252,0.5388,0.4012,0.003948,0.438,0.485,0.379,0.2998,0.2524,9.644,0.07458,0.05096,0.1412,0.0585,0.184,0.0707,0.02244,0.1738,120,3.7,1728.4,10.2,0.002,3.9,203.8,56.5,141.6,148.4,169.2,59.68,8.05e-06,2.614e-06,28.44,1.88e-06,41.984,1980000.4,55000.8,7.542,1,12.8,0.005022,31.4,105000,20100,0.229
66.44,4692,0.353,0.0425,0.01428,0.74484,71000,0.0222,0.5388,0.4012,0.003948,0.438,0.485,0.379,0.2998,0.2524,9.644,0.07458,0.05096,0.1412,0.0585,0.184,0.0707,0.02244,0.1738,120,3.7,1728.4,10.2,0.002,3.9,203.8,56.5,141.6,148.4,169.2,59.68,8.05e-06,2.614e-06,28.44,1.88e-06,41.984,1980000.4,55000.8,7.542,1,12.8,0.005022,31.4,105000,20100,0.229
66.44,4692,0.353,0.0425,0.01428,0.74484,71000,0.0222,0.5388,0.4012,0.003948,0.438,0.485,0.379,0.2998,0.2524,9.644,0.07458,0.05096,0.1412,0.0585,0.184,0.0707,0.02244,0.211,120,3.7,1728.4,10.2,0.002,3.9,203.8,56.5,141.6,148.4,169.2,59.68,8.05e-06,2.614e-06,28.44,1.88e-06,41.984,1980000.4,55000.8,7.542,1,12.8,0.005022,31.4,105000,20100,0.229
66.44,4692,0.353,0.0425,0.01428,0.74484,71000,0.0222,0.5388,0.4012,0.003948,0.438,0.485,0.379,0.2998,0.2524,9.644,0.07458,0.05096,0.1412,0.0585,0.184,0.0707,0.02244,0.211,120,3.7,1728.4,10.2,0.002,3.9,203.8,56.5,141.6,148.4,169.2,59.68,7.162e-06,2.614e-06,28.44,1.88e-06,41.984,1980000.4,55000.8,7.542,1,12.8,0.005022,31.4,105000,20100,0.229
66.44,4692,0.353,0.0425,0.01428,0.74484,71000,0.0222,0.5388,0.4012,0.003948,0.438,0.485,0.379,0.2662,0.2524,9.644,0.07458,0.05096,0.1412,0.0585,0.184,0.0707,0.02244,0.211,120,3.7,1728.4,10.2,0.002,3.9,203.8,56.5,141.6,148.4,169.2,59.68,7.162e-06,2.614e-06,28.44,1.88e-06,41.984,1980000.4,55000.8,7.542,1,12.8,0.005022,31.4,105000,20100,0.229
66.44,4692,0.353,0.0425,0.01428,0.74484,71000,0.0222,0.5388,0.4528,0.003948,0.438,0.485,0.379,0.2662,0.2524,9.644,0.07458,0.05096,0.1412,0.0585,0.184,0.0707,0.02244,0.211,120,3.7,1728.4,10.2,0.002,3.9,203.8,56.5,141.6,148.4,169.2,59.68,7.162e-06,2.614e-06,28.44,1.88e-06,41.984,1980000.4,55000.8,7.542,1,12.8,0.005022,31.4,105000,20100,0.229
66.44,4692,0.353,0.0425,0.01428,0.74484,71000,0.0222,0.5388,0.4528,0.003948,0.438,0.485,0.379,0.2662,0.2524,9.644,0.07458,0.05096,0.1412,0.0585,0.184,0.0707,0.02244,0.211,120,3.7,1728.4,10.2,0.002,3.9,203.8,56.5,141.6,148.4,190.8,59.68,7.162e-06,2.614e-06,28.44,1.88e-06,41.984,1980000.4,55000.8,7.542,1,12.8,0.005022,31.4,105000,20100,0.229
66.44,4692,0.353,0.0425,0.01428,0.74484,71000,0.0222,0.5388,0.4528,0.003948,0.438,0.485,0.379,0.2662,0.2524,9.644,0.07458,0.05096,0.1412,0.0585,0.184,0.0707,0.02244,0.211,120,3.7,1728.4,10.2,0.002,3.9,203.8,64.06,141.6,148.4,190.8,59.68,7.162e-06,2.614e-06,28.44,1.88e-06,41.984,1980000.4,55000.8,7.542,1,12.8,0.005022,31.4,105000,20100,0.229
66.44,4692,0.353,0.0425,0.01428,0.74484,71000,0.0222,0.5388,0.4528,0.003948,0.438,0.485,0.379,0.2662,0.2524,9.644,0.07458,0.05096,0.1412,0.0585,0.184,0.0707,0.02244,0.211,120,3.7,1728.4,10.2,0.002,3.9,203.8,64.06,141.6,148.4,190.8,59.68,7.162e-06,2.614e-06,28.44,1.88e-06,41.984,1980000.4,55000.8,7.542,1,12.8,0.005022,62.6,105000,20100,0.229
66.44,4692,0.353,0.0425,0.01428,1.83,71000,0.0222,0.5388,0.4528,0.003948,0.438,0.485,0.379,0.2662,0.2524,9.644,0.07458,0.05096,0.1412,0.0585,0.184,0.0707,0.02244,0.211,120,3.7,1728.4,10.2,0.002,3.9,203.8,64.06,141.6,148.4,190.8,59.68,7.162e-06,2.614e-06,28.44,1.88e-06,41.984,1980000.4,55000.8,7.542,1,12.8,0.005022,62.6,105000,20100,0.229
66.44,4692,0.353,0.0425,0.01428,1.83,71000,0.0222,0.5388,0.4528,0.003948,0.438,0.485,0.379,0.2662,0.2524,9.644,0.07458,0.05096,0.1412,0.0585,0.184,0.0707,0.02244,0.211,120,3.7,1728.4,10.2,0.002,3.9,203.8,64.06,141.6,148.4,190.8,59.68,7.162e-06,2.614e-06,28.44,1.88e-06,41.984,1980000.4,55000.8,7.542,1,12.8,0.005022,62.6,42000.6,20100,0.229
66.44,4692,0.353,0.0425,0.01428,1.83,71000,0.0222,0.5388,0.4528,0.003948,0.438,0.485,0.379,0.2662,0.2524,9.644,0.07458,0.05096,0.1412,0.0585,0.184,0.0707,0.0198,0.211,120,3.7,1728.4,10.2,0.002,3.9,203.8,64.06,141.6,148.4,190.8,59.68,7.162e-06,2.614e-06,28.44,1.88e-06,41.984,1980000.4,55000.8,7.542,1,12.8,0.005022,62.6,42000.6,20100,0.229
66.44,4692,0.353,0.0425,0.01428,1.83,58400,0.0222,0.5388,0.4528,0.003948,0.438,0.485,0.379,0.2662,0.2524,9.644,0.07458,0.05096,0.1412,0.0585,0.184,0.0707,0.0198,0.211,120,3.7,1728.4,10.2,0.002,3.9,203.8,64.06,141.6,148.4,190.8,59.68,7.162e-06,2.614e-06,28.44,1.88e-06,41.984,1980000.4,55000.8,7.542,1,12.8,0.005022,62.6,42000.6,20100,0.229
66.44,4692,0.353,0.0425,0.01428,1.83,58400,0.0222,0.5388,0.4528,0.003948,0.438,0.485,0.379,0.2662,0.2524,9.644,0.07458,0.05096,0.1412,0.0585,0.184,0.0707,0.0198,0.211,120,3.7,1728.4,10.2,0.002,3.9,203.8,64.06,141.6,148.4,190.8,59.68,7.162e-06,2.614e-06,28.44,1.88e-06,41.984,1980000.4,55000.8,7.542,21.7,12.8,0.005022,62.6,42000.6,20100,0.229
66.44,4692,0.353,0.0425,0.01428,1.83,58400,0.0222,0.5388,0.4528,0.003948,0.438,0.485,0.379,0.2662,0.2524,9.644,0.07458,0.05096,0.1412,0.0585,0.184,0.0707,0.0198,0.211,120,3.7,1,10.2,0.002,3.9,203.8,64.06,141.6,148.4,190.8,59.68,7.162e-06,2.614e-06,28.44,1.88e-06,41.984,1980000.4,55000.8,7.542,21.7,12.8,0.005022,62.6,42000.6,20100,0.229
66.44,4692,0.353,0.0425,0.01428,1.83,58400,0.0222,0.5388,0.4528,0.003948,0.438,0.485,0.379,0.2662,0.2524,9.644,0.0837,0.05096,0.1412,0.0585,0.184,0.0707,0.0198,0.211,120,3.7,1,10.2,0.002,3.9,203.8,64.06,141.6,148.4,190.8,59.68,7.162e-06,2.614e-06,28.44,1.88e-06,41.984,1980000.4,55000.8,7.542,21.7,12.8,0.005022,62.6,42000.6,20100,0.229
66.44,4692,0.353,0.0479,0.01428,1.83,58400,0.0222,0.5388,0.4528,0.003948,0.438,0.485,0.379,0.2662,0.2524,9.644,0.0837,0.05096,0.1412,0.0585,0.184,0.0707,0.0198,0.211,120,3.7,1,10.2,0.002,3.9,203.8,64.06,141.6,148.4,190.8,59.68,7.162e-06,2.614e-06,28.44,1.88e-06,41.984,1980000.4,55000.8,7.542,21.7,12.8,0.005022,62.6,42000.6,20100,0.229
66.44,4692,0.353,0.0479,0.01428,1.83,58400,0.0222,0.5388,0.4528,0.004452,0.438,0.485,0.379,0.2662,0.2524,9.644,0.0837,0.05096,0.1412,0.0585,0.184,0.0707,0.0198,0.211,120,3.7,1,10.2,0.002,3.9,203.8,64.06,141.6,148.4,190.8,59.68,7.162e-06,2.614e-06,28.44,1.88e-06,41.984,1980000.4,55000.8,7.542,21.7,12.8,0.005022,62.6,42000.6,20100,0.229
66.44,4692,0.353,0.0479,0.01428,1.83,58400,0.0222,0.5388,0.4528,0.004452,0.438,0.485,0.379,0.2662,0.2524,9.644,0.0837,0.05096,0.1412,0.0663,0.184,0.0707,0.0198,0.211,120,3.7,1,10.2,0.002,3.9,203.8,64.06,141.6,148.4,190.8,59.68,7.162e-06,2.614e-06,28.44,1.88e-06,41.984,1980000.4,55000.8,7.542,21.7,12.8,0.005022,62.6,42000.6,20100,0.229
66.44,4692,0.353,0.0479,0.01428,1.83,58400,0.0222,0.5388,0.4528,0.004452,0.438,0.485,0.379,0.2662,0.2524,9.644,0.0837,0.05096,0.1412,0.0663,0.184,0.0707,0.0198,0.211,120,3.7,1,10.2,0.002,3.9,203.8,64.06,141.6,148.4,190.8,59.68,7.162e-06,2.614e-06,28.44,1.88e-06,41.984,1980000.4,220000.2,7.542,21.7,12.8,0.005022,62.6,42000.6,20100,0.229
66.44,4692,0.353,0.0479,0.01428,1.83,58400,0.0222,0.5388,0.4528,0.004452,0.438,0.485,0.379,0.2662,0.2524,9.644,0.0837,0.05096,0.1412,0.0663,0.184,0.06302,0.0198,0.211,120,3.7,1,10.2,0.002,3.9,203.8,64.06,141.6,148.4,190.8,59.68,7.162e-06,2.614e-06,28.44,1.88e-06,41.984,1980000.4,220000.2,7.542,21.7,12.8,0.005022,62.6,42000.6,20100,0.229
66.44,4692,0.4418,0.0479,0.01428,1.83,58400,0.0222,0.5388,0.4528,0.004452,0.438,0.485,0.379,0.2662,0.2524,9.644,0.0837,0.05096,0.1412,0.0663,0.184,0.06302,0.0198,0.211,120,3.7,1,10.2,0.002,3.9,203.8,64.06,141.6,148.4,190.8,59.68,7.162e-06,2.614e-06,28.44,1.88e-06,41.984,1980000.4,220000.2,7.542,21.7,12.8,0.005022,62.6,42000.6,20100,0.229
66.44,4692,0.4418,0.0479,0.01428,1.83,58400,0.0222,0.5388,0.4528,0.004452,0.39,0.485,0.379,0.2662,0.2524,9.644,0.0837,0.05096,0.1412,0.0663,0.184,0.06302,0.0198,0.211,120,3.7,1,10.2,0.002,3.9,203.8,64.06,141.6,148.4,190.8,59.68,7.162e-06,2.614e-06,28.44,1.88e-06,41.984,1980000.4,220000.2,7.542,21.7,12.8,0.005022,62.6,42000.6,20100,0.229
66.44,4692,0.4418,0.0479,0.01428,1.83,58400,0.0222,0.5388,0.4528,0.004452,0.39,0.485,0.379,0.2662,0.2524,9.644,0.0837,0.05096,0.158,0.0663,0.184,0.06302,0.0198,0.211,120,3.7,1,10.2,0.002,3.9,203.8,64.06,141.6,148.4,190.8,59.68,7.162e-06,2.614e-06,28.44,1.88e-06,41.984,1980000.4,220000.2,7.542,21.7,12.8,0.005022,62.6,42000.6,20100,0.229
66.44,4692,0.4418,0.0479,0.01428,1.83,58400,0.0222,0.5388,0.4528,0.004452,0.39,0.5492,0.379,0.2662,0.2524,9.644,0.0837,0.05096,0.158,0.0663,0.184,0.06302,0.0198,0.211,120,3.7,1,10.2,0.002,3.9,203.8,64.06,141.6,148.4,190.8,59.68,7.162e-06,2.614e-06,28.44,1.88e-06,41.984,1980000.4,220000.2,7.542,21.7,12.8,0.005022,62.6,42000.6,20100,0.229
66.44,4692,0.4418,0.0479,0.01428,1.83,58400,0.0222,0.5388,0.4528,0.004452,0.39,0.5492,0.379,0.2662,0.2524,9.644,0.0837,0.05096,0.158,0.0663,0.184,0.06302,0.0198,0.211,120,3.7,1,10.2,0.002,3.9,203.8,64.06,141.6,148.4,190.8,59.68,7.162e-06,2.614e-06,28.44,1.88e-06,41.984,1980000.4,220000.2,7.542,21.7,12.8,0.005022,62.6,42000.6,17880,0.229
66.44,5778,0.4418,0.0479,0.01428,1.83,58400,0.0222,0.5388,0.4528,0.004452,0.39,0.5492,0.379,0.2662,0.2524,9.644,0.0837,0.05096,0.158,0.0663,0.184,0.06302,0.0198,0.211,120,3.7,1,10.2,0.002,3.9,203.8,64.06,141.6,148.4,190.8,59.68,7.162e-06,2.614e-06,28.44,1.88e-06,41.984,1980000.4,220000.2,7.542,21.7,12.8,0.005022,62.6,42000.6,17880,0.229
66.44,5778,0.4418,0.0479,0.01428,1.83,58400,0.0222,0.5388,0.4528,0.004452,0.39,0.5492,0.379,0.2662,0.2524,9.644,0.0837,0.05096,0.158,0.0663,0.184,0.06302,0.0198,0.211,120,3.292,1,10.2,0.002,3.9,203.8,64.06,141.6,148.4,190.8,59.68,7.162e-06,2.614e-06,28.44,1.88e-06,41.984,1980000.4,220000.2,7.542,21.7,12.8,0.005022,62.6,42000.6,17880,0.229
66.44,5778,0.4418,0.0479,0.01428,1.83,58400,0.0222,0.5388,0.4528,0.004452,0.39,0.5492,0.379,0.2662,0.2524,9.644,0.0837,0.05096,0.158,0.0663,0.184,0.06302,0.0198,0.211,120,3.292,1,10.2,0.002,3.9,203.8,64.06,141.6,148.4,190.8,59.68,7.162e-06,2.614e-06,28.44,1.88e-06,41.984,1980000.4,220000.2,7.542,21.7,5.72,0.005022,62.6,42000.6,17880,0.229
66.44,5778,0.4418,0.0479,0.01428,1.83,58400,0.0222,0.5388,0.4528,0.004452,0.39,0.5492,0.379,0.2662,0.2524,9.644,0.0837,0.05096,0.158,0.0663,0.184,0.06302,0.0198,0.211,120,3.292,1,10.2,0.002,3.9,203.8,64.06,141.6,148.4,190.8,59.68,7.162e-06,2.614e-06,28.44,1.88e-06,140.996,1980000.4,220000.2,7.542,21.7,5.72,0.005022,62.6,42000.6,17880,0.229
66.44,5778,0.4418,0.0479,0.01428,1.83,58400,0.0222,0.5388,0.4528,0.004452,0.39,0.5492,0.379,0.2662,0.2524,9.644,0.0837,0.05096,0.158,0.0663,0.184,0.06302,0.0198,0.211,120,3.292,1,10.2,0.002,3.9,203.8,64.06,141.6,148.4,190.8,67,7.162e-06,2.614e-06,28.44,1.88e-06,140.996,1980000.4,220000.2,7.542,21.7,5.72,0.005022,62.6,42000.6,17880,0.229
66.44,5778,0.4418,0.0479,0.01428,1.83,58400,0.0222,0.5388,0.4528,0.004452,0.39,0.5492,0.379,0.2662,0.2524,9.644,0.0837,0.05096,0.158,0.0663,0.184,0.06302,0.0198,0.211,120,3.292,1,10.2,0.002,3.9,203.8,64.06,141.6,148.4,190.8,67,7.162e-06,2.614e-06,28.44,1.88e-06,140.996,1980000.4,220000.2,7.542,21.7,5.72,0.005022,62.6,42000.6,17880,0.092374
66.44,5778,0.4418,0.0479,0.01428,1.83,58400,0.0222,0.5388,0.4528,0.004452,0.39,0.5492,0.379,0.2662,0.2524,9.644,0.0837,0.05096,0.158,0.0663,0.184,0.06302,0.0198,0.211,120,3.292,1,10.2,0.002,2.16,203.8,64.06,141.6,148.4,190.8,67,7.162e-06,2.614e-06,28.44,1.88e-06,140.996,1980000.4,220000.2,7.542,21.7,5.72,0.005022,62.6,42000.6,17880,0.092374
66.44,5778,0.4418,0.0479,0.0126,1.83,58400,0.0222,0.5388,0.4528,0.004452,0.39,0.5492,0.379,0.2662,0.2524,9.644,0.0837,0.05096,0.158,0.0663,0.184,0.06302,0.0198,0.211,120,3.292,1,10.2,0.002,2.16,203.8,64.06,141.6,148.4,190.8,67,7.162e-06,2.614e-06,28.44,1.88e-06,140.996,1980000.4,220000.2,7.542,21.7,5.72,0.005022,62.6,42000.6,17880,0.092374
66.44,5778,0.4418,0.0479,0.0126,1.83,58400,0.0222,0.5388,0.4528,0.004452,0.39,0.5492,0.379,0.2662,0.2524,9.644,0.0837,0.05096,0.158,0.0663,0.184,0.06302,0.0198,0.211,120,3.292,1,10.2,0.002,2.16,203.8,64.06,125.4,148.4,190.8,67,7.162e-06,2.614e-06,28.44,1.88e-06,140.996,1980000.4,220000.2,7.542,21.7,5.72,0.005022,62.6,42000.6,17880,0.092374
66.44,5778,0.4418,0.0479,0.0126,1.83,58400,0.0222,0.5388,0.4528,0.004452,0.39,0.5492,0.427,0.2662,0.2524,9.644,0.0837,0.05096,0.158,0.0663,0.184,0.06302,0.0198,0.211,120,3.292,1,10.2,0.002,2.16,203.8,64.06,125.4,148.4,190.8,67,7.162e-06,2.614e-06,28.44,1.88e-06,140.996,1980000.4,220000.2,7.542,21.7,5.72,0.005022,62.6,42000.6,17880,0.092374
66.44,5778,0.4418,0.0479,0.0126,1.83,58400,0.0222,0.5388,0.4528,0.004452,0.39,0.5492,0.427,0.2662,0.2524,9.644,0.0837,0.05096,0.158,0.0663,0.184,0.06302,0.0198,0.211,120,3.292,1,10.2,0.002,2.16,203.8,64.06,125.4,148.4,190.8,67,7.162e-06,2.614e-06,28.44,1.88e-06,140.996,1980000.4,220000.2,7.542,21.7,5.72,0.003978,62.6,42000.6,17880,0.092374
66.44,5416,0.3826,0.0497,0.01428,0.74484,62600,0.0262,0.5844,0.4356,0.00462,0.422,0.5064,0.363,0.2998,0.223,11.3,0.0837,0.04888,0.1468,0.0715,0.192,0.06046,0.02068,0.1614,120,3.156,1,10.2,6.1e-05,1,203.8,61.54,141.6,142,162,57.24,7.754e-06,1.996e-06,12.3,2.206e-06,140.996,2640000.2,55000.8,6.658,21.7,1,0.004674,73,63000.4,19360,0.00129
66.44,5416,0.3826,0.0497,0.01428,0.74484,62600,0.0262,0.5844,0.4356,0.00462,0.422,0.5064,0.363,0.2998,0.223,11.3,0.0837,0.04888,0.1468,0.0715,0.192,0.06046,0.02068,0.1614,120,3.156,1,10.2,6.1e-05,1,203.8,61.54,141.6,142,162,57.24,7.754e-06,1.996e-06,12.3,2.206e-06,140.996,2640000.2,55000.8,9.31,21.7,1,0.004674,73,63000.4,19360,0.00129
66.44,5416,0.3826,0.0497,0.01428,0.74484,62600,0.0262,0.5844,0.4356,0.00462,0.422,0.5064,0.363,0.2998,0.223,11.3,0.0837,0.04888,0.1468,0.0715,0.192,0.06046,0.02068,0.1986,120,3.156,1,10.2,6.1e-05,1,203.8,61.54,141.6,142,162,57.24,7.754e-06,1.996e-06,12.3,2.206e-06,140.996,2640000.2,55000.8,9.31,21.7,1,0.004674,73,63000.4,19360,0.00129
66.44,5416,0.3826,0.0497,0.01428,0.74484,62600,0.0262,0.516,0.4356,0.00462,0.422,0.5064,0.363,0.2998,0.223,11.3,0.0837,0.04888,0.1468,0.0715,0.192,0.06046,0.02068,0.1986,120,3.156,1,10.2,6.1e-05,1,203.8,61.54,141.6,142,162,57.24,7.754e-06,1.996e-06,12.3,2.206e-06,140.996,2640000.2,55000.8,9.31,21.7,1,0.004674,73,63000.4,19360,0.00129
81.86,5416,0.3826,0.0497,0.01428,0.74484,62600,0.0262,0.516,0.4356,0.00462,0.422,0.5064,0.363,0.2998,0.223,11.3,0.0837,0.04888,0.1468,0.0715,0.192,0.06046,0.02068,0.1986,120,3.156,1,10.2,6.1e-05,1,203.8,61.54,141.6,142,162,57.24,7.754e-06,1.996e-06,12.3,2.206e-06,140.996,2640000.2,55000.8,9.31,21.7,1,0.004674,73,63000.4,19360,0.00129
81.86,5416,0.3826,0.0497,0.01428,0.74484,62600,0.0262,0.516,0.4356,0.00462,0.422,0.5064,0.363,0.2998,0.223,11.3,0.0837,0.04888,0.1468,0.0715,0.192,0.06046,0.02068,0.1986,120,3.156,1,10.2,0.0012244,1,203.8,61.54,141.6,142,162,57.24,7.754e-06,1.996e-06,12.3,2.206e-06,140.996,2640000.2,55000.8,9.31,21.7,1,0.004674,73,63000.4,19360,0.00129
81.86,5416,0.3826,0.0497,0.01428,0.74484,62600,0.0262,0.516,0.4356,0.00462,0.422,0.5064,0.363,0.2998,0.223,11.3,0.0837,0.04888,0.1468,0.0637,0.192,0.06046,0.02068,0.1986,120,3.156,1,10.2,0.0012244,1,203.8,61.54,141.6,142,162,57.24,7.754e-06,1.996e-06,12.3,2.206e-06,140.996,2640000.2,55000.8,9.31,21.7,1,0.004674,73,63000.4,19360,0.00129
81.86,5416,0.3826,0.0497,0.01428,0.74484,62600,0.0262,0.516,0.4356,0.00462,0.422,0.5064,0.363,0.2998,0.223,11.3,0.0837,0.04888,0.1468,0.0637,0.192,0.06046,0.02068,0.1986,120,3.156,1,10.2,0.0012244,1,203.8,61.54,141.6,142,162,57.24,7.754e-06,1.996e-06,12.3,2.206e-06,140.996,660000.8,55000.8,9.31,21.7,1,0.004674,73,63000.4,19360,0.00129
81.86,5416,0.3826,0.0497,0.01428,0.74484,62600,0.0232,0.516,0.4356,0.00462,0.422,0.5064,0.363,0.2998,0.223,11.3,0.0837,0.04888,0.1468,0.0637,0.192,0.06046,0.02068,0.1986,120,3.156,1,10.2,0.0012244,1,203.8,61.54,141.6,142,162,57.24,7.754e-06,1.996e-06,12.3,2.206e-06,140.996,660000.8,55000.8,9.31,21.7,1,0.004674,73,63000.4,19360,0.00129
81.86,5416,0.3826,0.0497,0.01428,0.74484,62600,0.0232,0.516,0.4356,0.00462,0.422,0.5064,0.363,0.2998,0.223,11.3,0.0837,0.04888,0.1468,0.0637,0.192,0.06046,0.02068,0.1986,120,3.156,1,11.88,0.0012244,1,203.8,61.54,141.6,142,162,57.24,7.754e-06,1.996e-06,12.3,2.206e-06,140.996,660000.8,55000.8,9.31,21.7,1,0.004674,73,63000.4,19360,0.00129
81.86,5416,0.3826,0.0497,0.01428,0.74484,62600,0.0232,0.516,0.4356,0.00462,0.422,0.5064,0.363,0.2998,0.223,11.3,0.0837,0.04888,0.1468,0.0637,0.192,0.06046,0.02068,0.1986,120,3.156,1728.4,11.88,0.0012244,1,203.8,61.54,141.6,142,162,57.24,7.754e-06,1.996e-06,12.3,2.206e-06,140.996,660000.8,55000.8,9.31,21.7,1,0.004674,73,63000.4,19360,0.00129
81.86,5416,0.3826,0.0497,0.01428,0.74484,62600,0.0232,0.516,0.4356,0.00462,0.422,0.5064,0.363,0.2998,0.223,11.3,0.0837,0.04888,0.1468,0.0637,0.192,0.06046,0.02068,0.1986,120,3.156,1728.4,11.88,0.0012244,1,203.8,61.54,141.6,142,162,64.56,7.754e-06,1.996e-06,12.3,2.206e-06,140.996,660000.8,55000.8,9.31,21.7,1,0.004674,73,63000.4,19360,0.00129
81.86,4330,0.3826,0.0497,0.01428,0.74484,62600,0.0232,0.516,0.4356,0.00462,0.422,0.5064,0.363,0.2998,0.223,11.3,0.0837,0.04888,0.1468,0.0637,0.192,0.06046,0.02068,0.1986,120,3.156,1728.4,11.88,0.0012244,1,203.8,61.54,141.6,142,162,64.56,7.754e-06,1.996e-06,12.3,2.206e-06,140.996,660000.8,55000.8,9.31,21.7,1,0.004674,73,63000.4,19360,0.00129
81.86,4330,0.3826,0.0497,0.01428,0.74484,62600,0.0232,0.516,0.4356,0.00462,0.422,0.5064,0.363,0.2998,0.223,11.3,0.0837,0.04888,0.1468,0.0637,0.192,0.06046,0.02068,0.1986,120,3.156,1728.4,11.88,0.0012244,1,203.8,61.54,141.6,161.2,162,64.56,7.754e-06,1.996e-06,12.3,2.206e-06,140.996,660000.8,55000.8,9.31,21.7,1,0.004674,73,63000.4,19360,0.00129
81.86,4330,0.3826,0.0497,0.01428,0.74484,62600,0.0232,0.516,0.4356,0.00462,0.422,0.5064,0.363,0.2998,0.223,11.3,0.0837,0.04888,0.1468,0.0637,0.216,0.06046,0.02068,0.1986,120,3.156,1728.4,11.88,0.0012244,1,203.8,61.54,141.6,161.2,162,64.56,7.754e-06,1.996e-06,12.3,2.206e-06,140.996,660000.8,55000.8,9.31,21.7,1,0.004674,73,63000.4,19360,0.00129
81.86,4330,0.3826,0.0497,0.01428,0.74484,62600,0.0232,0.516,0.4356,0.00462,0.422,0.5064,0.363,0.2998,0.223,11.3,0.0837,0.05512,0.1468,0.0637,0.216,0.06046,0.02068,0.1986,120,3.156,1728.4,11.88,0.0012244,1,203.8,61.54,141.6,161.2,162,64.56,7.754e-06,1.996e-06,12.3,2.206e-06,140.996,660000.8,55000.8,9.31,21.7,1,0.004674,73,63000.4,19360,0.00129
81.86,4330,0.3826,0.0497,0.01428,0.74484,62600,0.0232,0.516,0.4356,0.00462,0.374,0.5064,0.363,0.2998,0.223,11.3,0.0837,0.05512,0.1468,0.0637,0.216,0.06046,0.02068,0.1986,120,3.156,1728.4,11.88,0.0012244,1,203.8,61.54,141.6,161.2,162,64.56,7.754e-06,1.996e-06,12.3,2.206e-06,140.996,660000.8,55000.8,9.31,21.7,1,0.004674,73,63000.4,19360,0.00129
81.86,4330,0.3826,0.0497,0.01428,0.74484,62600,0.0232,0.516,0.4356,0.00462,0.374,0.5064,0.363,0.2998,0.223,11.3,0.0837,0.05512,0.1468,0.0637,0.216,0.06046,0.02068,0.1986,120,3.156,1728.4,11.88,0.0012244,1,203.8,61.54,141.6,161.2,162,64.56,7.754e-06,1.996e-06,12.3,2.206e-06,140.996,660000.8,55000.8,9.31,1,1,0.004674,73,63000.4,19360,0.00129
81.86,4330,0.3826,0.0443,0.01428,0.74484,62600,0.0232,0.516,0.4356,0.00462,0.374,0.5064,0.363,0.2998,0.223,11.3,0.0837,0.05512,0.1468,0.0637,0.216,0.06046,0.02068,0.1986,120,3.156,1728.4,11.88,0.0012244,1,203.8,61.54,141.6,161.2,162,64.56,7.754e-06,1.996e-06,12.3,2.206e-06,140.996,660000.8,55000.8,9.31,1,1,0.004674,73,63000.4,19360,0.00129
81.86,4330,0.3826,0.0443,0.01428,0.74484,62600,0.0232,0.516,0.4356,0.00462,0.374,0.5064,0.363,0.2998,0.223,11.3,0.0837,0.05512,0.1468,0.0637,0.216,0.06046,0.02332,0.1986,120,3.156,1728.4,11.88,0.0012244,1,203.8,61.54,141.6,161.2,162,64.56,7.754e-06,1.996e-06,12.3,2.206e-06,140.996,660000.8,55000.8,9.31,1,1,0.004674,73,63000.4,19360,0.00129
81.86,4330,0.3826,0.0443,0.01428,0.74484,62600,0.0232,0.516,0.4356,0.00462,0.374,0.5064,0.363,0.2998,0.223,11.3,0.0837,0.05512,0.1468,0.0637,0.216,0.06046,0.02332,0.1986,120,3.156,1728.4,11.88,0.0012244,1,203.8,61.54,141.6,161.2,162,64.56,7.754e-06,1.996e-06,12.3,2.206e-06,140.996,660000.8,55000.8,9.31,1,1,0.004674,73,1,19360,0.00129
81.86,4330,0.3826,0.0443,0.01428,0.74484,62600,0.0232,0.516,0.4356,0.00462,0.374,0.5064,0.411,0.2998,0.223,11.3,0.0837,0.05512,0.1468,0.0637,0.216,0.06046,0.02332,0.1986,120,3.156,1728.4,11.88,0.0012244,1,203.8,61.54,141.6,161.2,162,64.56,7.754e-06,1.996e-06,12.3,2.206e-06,140.996,660000.8,55000.8,9.31,1,1,0.004674,73,1,19360,0.00129
81.86,4330,0.3826,0.0443,0.01428,0.74484,62600,0.0232,0.516,0.4356,0.00462,0.374,0.5064,0.411,0.2998,0.223,11.3,0.0837,0.05512,0.1468,0.0637,0.216,0.06046,0.02332,0.1986,120,3.156,1728.4,11.88,0.0012244,1,203.8,61.54,141.6,161.2,162,64.56,7.754e-06,1.996e-06,12.3,2.206e-06,140.996,660000.8,220000.2,9.31,1,1,0.004674,73,1,19360,0.00129
81.86,4330,0.3826,0.0443,0.01428,0.74484,62600,0.0232,0.516,0.4356,0.00462,0.374,0.5064,0.411,0.2998,0.223,11.3,0.0837,0.05512,0.1468,0.0637,0.216,0.06046,0.02332,0.1986,120,3.156,1728.4,11.88,0.0012244,1,203.8,69.1,141.6,161.2,162,64.56,7.754e-06,1.996e-06,12.3,2.206e-06,140.996,660000.8,220000.2,9.31,1,1,0.004674,73,1,19360,0.00129
81.86,4330,0.3826,0.0443,0.01428,0.74484,62600,0.0232,0.516,0.4356,0.00462,0.374,0.5064,0.411,0.2998,0.223,11.3,0.0837,0.05512,0.13,0.0637,0.216,0.06046,0.02332,0.1986,120,3.156,1728.4,11.88,0.0012244,1,203.8,69.1,141.6,161.2,162,64.56,7.754e-06,1.996e-06,12.3,2.206e-06,140.996,660000.8,220000.2,9.31,1,1,0.004674,73,1,19360,0.00129
81.86,4330,0.3826,0.0443,0.01428,0.74484,62600,0.0232,0.516,0.4356,0.00462,0.374,0.5064,0.411,0.2998,0.223,11.3,0.0837,0.05512,0.13,0.0637,0.216,0.06046,0.02332,0.1986,120,3.156,1728.4,11.88,0.0012244,1,203.8,69.1,141.6,161.2,162,64.56,7.754e-06,1.996e-06,12.3,2.206e-06,140.996,660000.8,220000.2,9.31,1,1,0.00363,73,1,19360,0.00129
81.86,4330,0.3826,0.0443,0.01428,0.74484,62600,0.0232,0.516,0.4356,0.00462,0.374,0.5064,0.411,0.2662,0.223,11.3,0.0837,0.05512,0.13,0.0637,0.216,0.06046,0.02332,0.1986,120,3.156,1728.4,11.88,0.0012244,1,203.8,69.1,141.6,161.2,162,64.56,7.754e-06,1.996e-06,12.3,2.206e-06,140.996,660000.8,220000.2,9.31,1,1,0.00363,73,1,19360,0.00129
81.86,4330,0.3826,0.0443,0.01428,0.74484,62600,0.0232,0.516,0.4356,0.00462,0.374,0.5064,0.411,0.2662,0.223,11.3,0.0837,0.05512,0.13,0.0637,0.216,0.06046,0.02332,0.1986,120,3.156,1728.4,11.88,0.0012244,1,203.8,69.1,141.6,161.2,162,64.56,7.754e-06,1.996e-06,12.3,2.206e-06,140.996,660000.8,220000.2,9.31,1,8.08,0.00363,73,1,19360,0.00129
81.86,4330,0.3826,0.0443,0.01428,0.74484,62600,0.0232,0.516,0.4356,0.00462,0.374,0.5064,0.411,0.2662,0.223,11.3,0.07458,0.05512,0.13,0.0637,0.216,0.06046,0.02332,0.1986,120,3.156,1728.4,11.88,0.0012244,1,203.8,69.1,141.6,161.2,162,64.56,7.754e-06,1.996e-06,12.3,2.206e-06,140.996,660000.8,220000.2,9.31,1,8.08,0.00363,73,1,19360,0.00129
81.86,4330,0.3826,0.0443,0.01428,0.74484,62600,0.0232,0.516,0.4356,0.00462,0.374,0.5064,0.411,0.2662,0.223,11.3,0.07458,0.05512,0.13,0.0637,0.216,0.06046,0.02332,0.1986,120,3.156,1728.4,11.88,0.0012244,1,203.8,69.1,141.6,161.2,162,64.56,7.754e-06,1.996e-06,12.3,2.206e-06,140.996,660000.8,220000.2,9.31,1,8.08,0.00363,73,1,17140,0.00129
81.86,4330,0.3826,0.0443,0.01428,0.74484,50000,0.0232,0.516,0.4356,0.00462,0.374,0.5064,0.411,0.2662,0.223,11.3,0.07458,0.05512,0.13,0.0637,0.216,0.06046,0.02332,0.1986,120,3.156,1728.4,11.88,0.0012244,1,203.8,69.1,141.6,161.2,162,64.56,7.754e-06,1.996e-06,12.3,2.206e-06,140.996,660000.8,220000.2,9.31,1,8.08,0.00363,73,1,17140,0.00129
81.86,4330,0.4714,0.0443,0.01428,0.74484,50000,0.0232,0.516,0.4356,0.00462,0.374,0.5064,0.411,0.2662,0.223,11.3,0.07458,0.05512,0.13,0.0637,0.216,0.06046,0.02332,0.1986,120,3.156,1728.4,11.88,0.0012244,1,203.8,69.1,141.6,161.2,162,64.56,7.754e-06,1.996e-06,12.3,2.206e-06,140.996,660000.8,220000.2,9.31,1,8.08,0.00363,73,1,17140,0.00129
81.86,4330,0.4714,0.0443,0.01428,0.74484,50000,0.0232,0.516,0.4356,0.00462,0.374,0.5064,0.411,0.2662,0.223,11.3,0.07458,0.05512,0.13,0.0637,0.216,0.06046,0.02332,0.1986,120,3.156,1728.4,11.88,0.0012244,1,203.8,69.1,125.4,161.2,162,64.56,7.754e-06,1.996e-06,12.3,2.206e-06,140.996,660000.8,220000.2,9.31,1,8.08,0.00363,73,1,17140,0.00129
81.86,4330,0.4714,0.0443,0.01428,0.74484,50000,0.0232,0.516,0.4356,0.00462,0.374,0.5064,0.411,0.2662,0.2524,11.3,0.07458,0.05512,0.13,0.0637,0.216,0.06046,0.02332,0.1986,120,3.156,1728.4,11.88,0.0012244,1,203.8,69.1,125.4,161.2,162,64.56,7.754e-06,1.996e-06,12.3,2.206e-06,140.996,660000.8,220000.2,9.31,1,8.08,0.00363,73,1,17140,0.00129
81.86,4330,0.4714,0.0443,0.01428,0.74484,50000,0.0232,0.516,0.4356,0.00462,0.374,0.5064,0.411,0.2662,0.2524,11.3,0.07458,0.05512,0.13,0.0637,0.216,0.06046,0.02332,0.1986,120,3.564,1728.4,11.88,0.0012244,1,203.8,69.1,125.4,161.2,162,64.56,7.754e-06,1.996e-06,12.3,2.206e-06,140.996,660000.8,220000.2,9.31,1,8.08,0.00363,73,1,17140,0.00129
81.86,4330,0.4714,0.0443,0.01428,0.74484,50000,0.0232,0.516,0.384,0.00462,0.374,0.5064,0.411,0.2662,0.2524,11.3,0.07458,0.05512,0.13,0.0637,0.216,0.06046,0.02332,0.1986,120,3.564,1728.4,11.88,0.0012244,1,203.8,69.1,125.4,161.2,162,64.56,7.754e-06,1.996e-06,12.3,2.206e-06,140.996,660000.8,220000.2,9.31,1,8.08,0.00363,73,1,17140,0.00129
81.86,4330,0.4714,0.0443,0.01428,0.74484,50000,0.0232,0.516,0.384,0.00462,0.374,0.5064,0.411,0.2662,0.2524,11.3,0.07458,0.05512,0.13,0.0637,0.216,0.06046,0.02332,0.1986,120,3.564,1728.4,11.88,0.0012244,1,203.8,69.1,125.4,161.2,162,64.56,6.866e-06,1.996e-06,12.3,2.206e-06,140.996,660000.8,220000.2,9.31,1,8.08,0.00363,73,1,17140,0.00129
81.86,4330,0.4714,0.0443,0.01428,0.74484,50000,0.0232,0.516,0.384,0.00462,0.374,0.5064,0.411,0.2662,0.2524,11.3,0.07458,0.05512,0.13,0.0637,0.216,0.06046,0.02332,0.1986,120,3.564,1728.4,11.88,0.0012244,2.74,203.8,69.1,125.4,161.2,162,64.56,6.866e-06,1.996e-06,12.3,2.206e-06,140.996,660000.8,220000.2,9.31,1,8.08,0.00363,73,1,17140,0.00129
81.86,4330,0.4714,0.0443,0.01428,0.74484,50000,0.0232,0.516,0.384,0.00462,0.374,0.5064,0.411,0.2662,0.2524,11.3,0.07458,0.05512,0.13,0.0637,0.216,0.06046,0.02332,0.1986,120,3.564,1728.4,11.88,0.0012244,2.74,203.8,69.1,125.4,161.2,162,64.56,6.866e-06,1.996e-06,12.3,2.206e-06,140.996,660000.8,220000.2,9.31,1,8.08,0.00363,73,1,17140,0.137916
81.86,4330,0.4714,0.0443,0.01428,0.74484,50000,0.0232,0.516,0.384,0.00462,0.374,0.5064,0.411,0.2662,0.2524,11.3,0.07458,0.05512,0.13,0.0637,0.216,0.06046,0.02332,0.1986,120,3.564,1728.4,11.88,0.0012244,2.74,203.8,69.1,125.4,161.2,183.6,64.56,6.866e-06,1.996e-06,12.3,2.206e-06,140.996,660000.8,220000.2,9.31,1,8.08,0.00363,73,1,17140,0.137916
81.86,4330,0.4714,0.0443,0.01428,1.83,50000,0.0232,0.516,0.384,0.00462,0.374,0.5064,0.411,0.2662,0.2524,11.3,0.07458,0.05512,0.13,0.0637,0.216,0.06046,0.02332,0.1986,120,3.564,1728.4,11.88,0.0012244,2.74,203.8,69.1,125.4,161.2,183.6,64.56,6.866e-06,1.996e-06,12.3,2.206e-06,140.996,660000.8,220000.2,9.31,1,8.08,0.00363,73,1,17140,0.137916
81.86,4330,0.4714,0.0443,0.01428,1.83,50000,0.0232,0.516,0.384,0.00462,0.374,0.5064,0.411,0.2662,0.2524,11.3,0.07458,0.05512,0.13,0.0637,0.216,0.06814,0.02332,0.1986,120,3.564,1728.4,11.88,0.0012244,2.74,203.8,69.1,125.4,161.2,183.6,64.56,6.866e-06,1.996e-06,12.3,2.206e-06,140.996,660000.8,220000.2,9.31,1,8.08,0.00363,73,1,17140,0.137916
81.86,4330,0.4714,0.0443,0.0126,1.83,50000,0.0232,0.516,0.384,0.00462,0.374,0.5064,0.411,0.2662,0.2524,11.3,0.07458,0.05512,0.13,0.0637,0.216,0.06814,0.02332,0.1986,120,3.564,1728.4,11.88,0.0012244,2.74,203.8,69.1,125.4,161.2,183.6,64.56,6.866e-06,1.996e-06,12.3,2.206e-06,140.996,660000.8,220000.2,9.31,1,8.08,0.00363,73,1,17140,0.137916
81.86,4330,0.4714,0.0443,0.0126,1.83,50000,0.0232,0.516,0.384,0.004116,0.374,0.5064,0.411,0.2662,0.2524,11.3,0.07458,0.05512,0.13,0.0637,0.216,0.06814,0.02332,0.1986,120,3.564,1728.4,11.88,0.0012244,2.74,203.8,69.1,125.4,161.2,183.6,64.56,6.866e-06,1.996e-06,12.3,2.206e-06,140.996,660000.8,220000.2,9.31,1,8.08,0.00363,73,1,17140,0.137916
81.86,4330,0.4714,0.0443,0.0126,1.83,50000,0.0232,0.516,0.384,0.004116,0.374,0.5064,0.411,0.2662,0.2524,11.3,0.07458,0.05512,0.13,0.0637,0.216,0.06814,0.02332,0.1986,120,3.564,1728.4,11.88,0.0012244,2.74,203.8,69.1,125.4,161.2,183.6,64.56,6.866e-06,1.996e-06,12.3,3.184e-06,140.996,660000.8,220000.2,9.31,1,8.08,0.00363,73,1,17140,0.137916
81.86,4330,0.4714,0.0443,0.0126,1.83,50000,0.0232,0.516,0.384,0.004116,0.374,0.5064,0.411,0.2662,0.2524,11.3,0.07458,0.05512,0.13,0.0637,0.216,0.06814,0.02332,0.1986,120,3.564,1728.4,11.88,0.0012244,2.74,230.2,69.1,125.4,161.2,183.6,64.56,6.866e-06,1.996e-06,12.3,3.184e-06,140.996,660000.8,220000.2,9.31,1,8.08,0.00363,73,1,17140,0.137916
81.86,4330,0.4714,0.0443,0.0126,1.83,50000,0.0232,0.516,0.384,0.004116,0.374,0.5064,0.411,0.2662,0.2524,11.3,0.07458,0.05512,0.13,0.0637,0.216,0.06814,0.02332,0.1986,120,3.564,1728.4,11.88,0.0012244,2.74,230.2,69.1,125.4,161.2,183.6,64.56,6.866e-06,1.996e-06,60.72,3.184e-06,140.996,660000.8,220000.2,9.31,1,8.08,0.00363,73,1,17140,0.137916
81.86,4330,0.4714,0.0443,0.0126,1.83,50000,0.0232,0.516,0.384,0.004116,0.374,0.5706,0.411,0.2662,0.2524,11.3,0.07458,0.05512,0.13,0.0637,0.216,0.06814,0.02332,0.1986,120,3.564,1728.4,11.88,0.0012244,2.74,230.2,69.1,125.4,161.2,183.6,64.56,6.866e-06,1.996e-06,60.72,3.184e-06,140.996,660000.8,220000.2,9.31,1,8.08,0.00363,73,1,17140,0.137916
81.86,4330,0.4714,0.0443,0.0126,1.83,50000,0.0232,0.516,0.384,0.004116,0.374,0.5706,0.411,0.2662,0.2524,11.3,0.07458,0.05512,0.13,0.0637,0.216,0.06814,0.02332,0.1986,120,3.564,1728.4,11.88,0.0012244,2.74,230.2,69.1,125.4,161.2,183.6,64.56,6.866e-06,1.996e-06,60.72,3.184e-06,140.996,660000.8,220000.2,9.31,1,8.08,0.00363,41.8,1,17140,0.137916
81.86,4330,0.4714,0.0443,0.0126,1.83,50000,0.0232,0.516,0.384,0.004116,0.374,0.5706,0.411,0.2662,0.2524,11.3,0.07458,0.05512,0.13,0.0637,0.216,0.06814,0.02332,0.1986,73.92,3.564,1728.4,11.88,0.0012244,2.74,230.2,69.1,125.4,161.2,183.6,64.56,6.866e-06,1.996e-06,60.72,3.184e-06,140.996,660000.8,220000.2,9.31,1,8.08,0.00363,41.8,1,17140,0.137916
81.86,4330,0.4714,0.0443,0.0126,1.83,50000,0.0232,0.516,0.384,0.004116,0.374,0.5706,0.411,0.2662,0.2524,10.058,0.07458,0.05512,0.13,0.0637,0.216,0.06814,0.02332,0.1986,73.92,3.564,1728.4,11.88,0.0012244,2.74,230.2,69.1,125.4,161.2,183.6,64.56,6.866e-06,1.996e-06,60.72,3.184e-06,140.996,660000.8,220000.2,9.31,1,8.08,0.00363,41.8,1,17140,0.137916
81.86,4330,0.4714,0.0443,0.0126,1.83,50000,0.0232,0.516,0.384,0.004116,0.374,0.5706,0.411,0.2662,0.2524,10.058,0.07458,0.05512,0.13,0.0637,0.216,0.06814,0.02332,0.1986,73.92,3.564,1728.4,11.88,0.0012244,2.74,230.2,69.1,125.4,161.2,183.6,64.56,6.866e-06,2.614e-06,60.72,3.184e-06,140.996,660000.8,220000.2,9.31,1,8.08,0.00363,41.8,1,17140,0.137916
81.86,4330,0.4714,0.0443,0.0126,1.83,50000,0.0232,0.516,0.384,0.004116,0.374,0.5706,0.411,0.2662,0.2524,10.058,0.07458,0.05512,0.13,0.0637,0.216,0.06814,0.02332,0.1986,73.92,3.564,1728.4,11.88,0.0012244,2.74,230.2,69.1,125.4,161.2,183.6,64.56,6.866e-06,2.614e-06,60.72,3.184e-06,41.984,660000.8,220000.2,9.31,1,8.08,0.00363,41.8,1,17140,0.137916
81.86,5054,0.4714,0.0407,0.0154,1.10656,66800,0.0232,0.516,0.4356,0.004116,0.406,0.5706,0.427,0.311,0.2328,10.886,0.07458,0.0572,0.1524,0.0611,0.176,0.0707,0.0198,0.1862,89.28,3.156,1152.6,10.76,0.0004488,2.74,230.2,56.5,120,167.6,162,62.12,8.05e-06,1.996e-06,60.72,2.532e-06,174,1980000.4,1,7.542,21.7,8.08,0.004326,31.4,1,19360,0.183458
81.86,5054,0.4714,0.0407,0.0154,1.10656,66800,0.0232,0.516,0.4356,0.004116,0.406,0.5706,0.427,0.311,0.2622,10.886,0.07458,0.0572,0.1524,0.0611,0.176,0.0707,0.0198,0.1862,89.28,3.156,1152.6,10.76,0.0004488,2.74,230.2,56.5,120,167.6,162,62.12,8.05e-06,1.996e-06,60.72,2.532e-06,174,1980000.4,1,7.542,21.7,8.08,0.004326,31.4,1,19360,0.183458
81.86,5054,0.4714,0.0407,0.0154,1.10656,66800,0.0232,0.516,0.4356,0.00462,0.406,0.5706,0.427,0.311,0.2622,10.886,0.07458,0.0572,0.1524,0.0611,0.176,0.0707,0.0198,0.1862,89.28,3.156,1152.6,10.76,0.0004488,2.74,230.2,56.5,120,167.6,162,62.12,8.05e-06,1.996e-06,60.72,2.532e-06,174,1980000.4,1,7.542,21.7,8.08,0.004326,31.4,1,19360,0.183458
81.86,5054,0.4714,0.0407,0.0154,1.10656,54200,0.0232,0.516,0.4356,0.00462,0.406,0.5706,0.427,0.311,0.2622,10.886,0.07458,0.0572,0.1524,0.0611,0.176,0.0707,0.0198,0.1862,89.28,3.156,1152.6,10.76,0.0004488,2.74,230.2,56.5,120,167.6,162,62.12,8.05e-06,1.996e-06,60.72,2.532e-06,174,1980000.4,1,7.542,21.7,8.08,0.004326,31.4,1,19360,0.183458
81.86,5054,0.4714,0.0407,0.0154,1.10656,54200,0.0232,0.516,0.4356,0.00462,0.406,0.5706,0.427,0.311,0.2622,10.886,0.07458,0.0572,0.1524,0.0611,0.176,0.0707,0.0198,0.1862,89.28,3.156,1152.6,10.76,0.0004488,2.74,230.2,56.5,120,167.6,162,62.12,8.05e-06,1.996e-06,12.3,2.532e-06,174,1980000.4,1,7.542,21.7,8.08,0.004326,31.4,1,19360,0.183458
81.86,5054,0.4714,0.0407,0.0154,1.10656,54200,0.0232,0.516,0.4356,0.00462,0.406,0.5706,0.427,0.311,0.2622,10.886,0.07458,0.0572,0.1524,0.0611,0.176,0.0707,0.0198,0.1862,89.28,3.156,1152.6,10.76,0.0004488,2.74,230.2,56.5,120,167.6,162,62.12,7.162e-06,1.996e-06,12.3,2.532e-06,174,1980000.4,1,7.542,21.7,8.08,0.004326,31.4,1,19360,0.183458
81.86,5054,0.4714,0.0407,0.0154,1.10656,54200,0.0232,0.516,0.4356,0.00462,0.406,0.5706,0.427,0.311,0.2622,10.886,0.07458,0.0572,0.1524,0.0611,0.176,0.06302,0.0198,0.1862,89.28,3.156,1152.6,10.76,0.0004488,2.74,230.2,56.5,120,167.6,162,62.12,7.162e-06,1.996e-06,12.3,2.532e-06,174,1980000.4,1,7.542,21.7,8.08,0.004326,31.4,1,19360,0.183458
81.86,5054,0.4714,0.0407,0.0154,1.10656,54200,0.0232,0.516,0.4356,0.00462,0.406,0.5706,0.427,0.311,0.2622,10.886,0.07458,0.0572,0.1524,0.0611,0.176,0.06302,0.0198,0.1862,89.28,3.156,1152.6,10.76,0.0004488,2.74,230.2,56.5,120,167.6,162,54.8,7.162e-06,1.996e-06,12.3,2.532e-06,174,1980000.4,1,7.542,21.7,8.08,0.004326,31.4,1,19360,0.183458
81.86,5054,0.4714,0.0407,0.0154,1.10656,54200,0.0232,0.516,0.4356,0.00462,0.406,0.5706,0.427,0.311,0.2622,10.886,0.07458,0.0572,0.1524,0.0611,0.176,0.06302,0.0198,0.1862,89.28,3.156,1152.6,10.76,0.0004488,2.74,230.2,56.5,120,167.6,162,54.8,7.162e-06,1.996e-06,12.3,2.532e-06,174,1980000.4,1,7.542,1,8.08,0.004326,31.4,1,19360,0.183458
81.86,5054,0.4714,0.0407,0.0154,1.10656,54200,0.0232,0.516,0.4356,0.00462,0.406,0.5706,0.427,0.311,0.2622,10.886,0.07458,0.0572,0.1524,0.0689,0.176,0.06302,0.0198,0.1862,89.28,3.156,1152.6,10.76,0.0004488,2.74,230.2,56.5,120,167.6,162,54.8,7.162e-06,1.996e-06,12.3,2.532e-06,174,1980000.4,1,7.542,1,8.08,0.004326,31.4,1,19360,0.183458
81.86,5054,0.4714,0.0407,0.0154,1.10656,54200,0.0232,0.516,0.4356,0.00462,0.406,0.5706,0.427,0.311,0.2622,10.886,0.07458,0.0572,0.1524,0.0689,0.176,0.06302,0.0198,0.1862,89.28,3.156,1152.6,10.76,0.0004488,2.74,230.2,56.5,120,167.6,162,54.8,7.162e-06,1.996e-06,12.3,2.532e-06,174,1980000.4,165000.4,7.542,1,8.08,0.004326,31.4,1,19360,0.183458
81.86,5054,0.4714,0.0407,0.0154,1.10656,54200,0.0232,0.516,0.4356,0.00462,0.406,0.5706,0.427,0.311,0.2622,10.886,0.07458,0.0572,0.1524,0.0689,0.176,0.06302,0.0198,0.1862,89.28,3.156,1152.6,10.76,0.0004488,2.74,230.2,56.5,120,167.6,162,54.8,7.162e-06,1.996e-06,12.3,2.532e-06,174,1980000.4,165000.4,7.542,1,1,0.004326,31.4,1,19360,0.183458
81.86,5054,0.4714,0.0407,0.0154,1.10656,54200,0.0232,0.516,0.4356,0.00462,0.406,0.5064,0.427,0.311,0.2622,10.886,0.07458,0.0572,0.1524,0.0689,0.176,0.06302,0.0198,0.1862,89.28,3.156,1152.6,10.76,0.0004488,2.74,230.2,56.5,120,167.6,162,54.8,7.162e-06,1.996e-06,12.3,2.532e-06,174,1980000.4,165000.4,7.542,1,1,0.004326,31.4,1,19360,0.183458
81.86,5054,0.4714,0.0407,0.0154,1.10656,54200,0.0232,0.516,0.4356,0.00462,0.406,0.5064,0.427,0.311,0.2622,10.886,0.07458,0.0572,0.1524,0.0689,0.176,0.06302,0.0198,0.1862,89.28,3.156,1152.6,10.76,0.0004488,2.74,230.2,56.5,120,167.6,162,54.8,7.162e-06,1.996e-06,12.3,2.532e-06,174,1980000.4,165000.4,7.542,1,1,0.004326,31.4,1,17140,0.183458
81.86,5054,0.4714,0.0407,0.0154,1.10656,54200,0.0232,0.516,0.4356,0.00462,0.406,0.5064,0.427,0.311,0.2622,10.886,0.07458,0.0572,0.1356,0.0689,0.176,0.06302,0.0198,0.1862,89.28,3.156,1152.6,10.76,0.0004488,2.74,230.2,56.5,120,167.6,162,54.8,7.162e-06,1.996e-06,12.3,2.532e-06,174,1980000.4,165000.4,7.542,1,1,0.004326,31.4,1,17140,0.183458
81.86,5054,0.4714,0.0407,0.0154,1.10656,54200,0.0232,0.516,0.4356,0.00462,0.406,0.5064,0.427,0.2774,0.2622,10.886,0.07458,0.0572,0.1356,0.0689,0.176,0.06302,0.0198,0.1862,89.28,3.156,1152.6,10.76,0.0004488,2.74,230.2,56.5,120,167.6,162,54.8,7.162e-06,1.996e-06,12.3,2.532e-06,174,1980000.4,165000.4,7.542,1,1,0.004326,31.4,1,17140,0.183458
81.86,5054,0.4714,0.0407,0.0154,1.10656,54200,0.0232,0.516,0.4356,0.00462,0.406,0.5064,0.427,0.2774,0.2622,10.886,0.07458,0.0572,0.1356,0.0689,0.176,0.06302,0.0198,0.1862,89.28,3.564,1152.6,10.76,0.0004488,2.74,230.2,56.5,120,167.6,162,54.8,7.162e-06,1.996e-06,12.3,2.532e-06,174,1980000.4,165000.4,7.542,1,1,0.004326,31.4,1,17140,0.183458
81.86,5054,0.4714,0.0407,0.0154,1.10656,54200,0.0232,0.516,0.4356,0.00462,0.406,0.5064,0.427,0.2774,0.2622,10.886,0.07458,0.0572,0.1356,0.0689,0.176,0.06302,0.0198,0.1862,43.2,3.564,1152.6,10.76,0.0004488,2.74,230.2,56.5,120,167.6,162,54.8,7.162e-06,1.996e-06,12.3,2.532e-06,174,1980000.4,165000.4,7.542,1,1,0.004326,31.4,1,17140,0.183458
81.86,5054,0.4714,0.0407,0.0154,1.10656,54200,0.0232,0.516,0.4356,0.00462,0.406,0.5064,0.427,0.2774,0.2622,10.886,0.07458,0.0572,0.1356,0.0689,0.176,0.06302,0.0198,0.1862,43.2,3.564,1152.6,10.76,0.0004488,2.74,230.2,56.5,120,167.6,162,54.8,7.162e-06,2.614e-06,12.3,2.532e-06,174,1980000.4,165000.4,7.542,1,1,0.004326,31.4,1,17140,0.183458
81.86,5054,0.4714,0.0407,0.0154,1.10656,54200,0.0232,0.516,0.4356,0.00462,0.406,0.5064,0.427,0.2774,0.2622,10.886,0.07458,0.0572,0.1356,0.0689,0.176,0.06302,0.0198,0.1862,43.2,3.564,1152.6,10.76,0.0004488,2.74,230.2,56.5,120,167.6,162,54.8,7.162e-06,2.614e-06,12.3,3.51e-06,174,1980000.4,165000.4,7.542,1,1,0.004326,31.4,1,17140,0.183458
81.86,5054,0.4714,0.0407,0.0154,1.10656,54200,0.0232,0.516,0.4356,0.00462,0.406,0.5064,0.427,0.2774,0.2622,10.886,0.07458,0.0572,0.1356,0.0689,0.176,0.06302,0.0198,0.1862,43.2,3.564,2880,10.76,0.0004488,2.74,230.2,56.5,120,167.6,162,54.8,7.162e-06,2.614e-06,12.3,3.51e-06,174,1980000.4,165000.4,7.542,1,1,0.004326,31.4,1,17140,0.183458
81.86,5054,0.4714,0.0407,0.0154,1.10656,54200,0.0232,0.516,0.4356,0.00462,0.406,0.5064,0.379,0.2774,0.2622,10.886,0.07458,0.0572,0.1356,0.0689,0.176,0.06302,0.0198,0.1862,43.2,3.564,2880,10.76,0.0004488,2.74,230.2,56.5,120,167.6,162,54.8,7.162e-06,2.614e-06,12.3,3.51e-06,174,1980000.4,165000.4,7.542,1,1,0.004326,31.4,1,17140,0.183458
81.86,5054,0.4714,0.0407,0.0154,1.10656,54200,0.0232,0.516,0.4356,0.00462,0.406,0.5064,0.379,0.2774,0.2622,10.886,0.07458,0.0572,0.1356,0.0689,0.176,0.06302,0.0198,0.1862,43.2,3.564,2880,10.76,0.0004488,2.74,230.2,56.5,120,167.6,183.6,54.8,7.162e-06,2.614e-06,12.3,3.51e-06,174,1980000.4,165000.4,7.542,1,1,0.004326,31.4,1,17140,0.183458
81.86,5054,0.4714,0.0407,0.0154,1.10656,54200,0.0262,0.516,0.4356,0.00462,0.406,0.5064,0.379,0.2774,0.2622,10.886,0.07458,0.0572,0.1356,0.0689,0.176,0.06302,0.0198,0.1862,43.2,3.564,2880,10.76,0.0004488,2.74,230.2,56.5,120,167.6,183.6,54.8,7.162e-06,2.614e-06,12.3,3.51e-06,174,1980000.4,165000.4,7.542,1,1,0.004326,31.4,1,17140,0.183458
81.86,5054,0.4714,0.0407,0.0154,1.10656,54200,0.0262,0.516,0.4356,0.00462,0.406,0.5064,0.379,0.2774,0.2622,10.886,0.07458,0.0572,0.1356,0.0689,0.176,0.06302,0.0198,0.1862,43.2,3.564,2880,10.76,0.0004488,2.74,203.8,56.5,120,167.6,183.6,54.8,7.162e-06,2.614e-06,12.3,3.51e-06,174,1980000.4,165000.4,7.542,1,1,0.004326,31.4,1,17140,0.183458
81.86,5054,0.4714,0.0407,0.0154,1.10656,54200,0.0262,0.516,0.384,0.00462,0.406,0.5064,0.379,0.2774,0.2622,10.886,0.07458,0.0572,0.1356,0.0689,0.176,0.06302,0.0198,0.1862,43.2,3.564,2880,10.76,0.0004488,2.74,203.8,56.5,120,167.6,183.6,54.8,7.162e-06,2.614e-06,12.3,3.51e-06,174,1980000.4,165000.4,7.542,1,1,0.004326,31.4,1,17140,0.183458
81.86,5054,0.4714,0.0407,0.0154,1.10656,54200,0.0262,0.516,0.384,0.00462,0.406,0.5064,0.379,0.2774,0.2622,9.644,0.07458,0.0572,0.1356,0.0689,0.176,0.06302,0.0198,0.1862,43.2,3.564,2880,10.76,0.0004488,2.74,203.8,56.5,120,167.6,183.6,54.8,7.162e-06,2.614e-06,12.3,3.51e-06,174,1980000.4,165000.4,7.542,1,1,0.004326,31.4,1,17140,0.183458
81.86,6140,0.4714,0.0407,0.0154,1.10656,54200,0.0262,0.516,0.384,0.00462,0.406,0.5064,0.379,0.2774,0.2622,9.644,0.07458,0.0572,0.1356,0.0689,0.176,0.06302,0.0198,0.1862,43.2,3.564,2880,10.76,0.0004488,2.74,203.8,56.5,120,167.6,183.6,54.8,7.162e-06,2.614e-06,12.3,3.51e-06,174,1980000.4,165000.4,7.542,1,1,0.004326,31.4,1,17140,0.183458
81.86,6140,0.4714,0.0407,0.0154,1.10656,54200,0.0262,0.516,0.384,0.00462,0.406,0.5064,0.379,0.2774,0.2622,9.644,0.07458,0.0572,0.1356,0.0689,0.176,0.06302,0.0198,0.1862,43.2,3.564,2880,10.76,0.0004488,2.74,203.8,56.5,120,167.6,183.6,54.8,7.162e-06,2.614e-06,12.3,3.51e-06,174,1,165000.4,7.542,1,1,0.004326,31.4,1,17140,0.183458
81.86,6140,0.4714,0.0407,0.0154,1.10656,54200,0.0262,0.516,0.384,0.00462,0.406,0.5064,0.379,0.2774,0.2622,9.644,0.07458,0.0572,0.1356,0.0689,0.176,0.06302,0.0198,0.1862,43.2,3.564,2880,10.76,0.0004488,2.74,203.8,56.5,120,167.6,183.6,54.8,7.162e-06,2.614e-06,12.3,3.51e-06,174,1,165000.4,7.542,1,1,0.004326,31.4,63000.4,17140,0.183458
81.86,6140,0.4714,0.0407,0.0154,1.10656,54200,0.0262,0.516,0.384,0.00462,0.406,0.5064,0.379,0.2774,0.2622,9.644,0.07458,0.0572,0.1356,0.0689,0.176,0.06302,0.0198,0.1862,43.2,3.564,2880,12.44,0.0004488,2.74,203.8,56.5,120,167.6,183.6,54.8,7.162e-06,2.614e-06,12.3,3.51e-06,174,1,165000.4,7.542,1,1,0.004326,31.4,63000.4,17140,0.183458
81.86,6140,0.4714,0.0407,0.0154,1.10656,54200,0.0262,0.516,0.384,0.00462,0.406,0.5064,0.379,0.2774,0.2622,9.644,0.07458,0.0572,0.1356,0.0689,0.2,0.06302,0.0198,0.1862,43.2,3.564,2880,12.44,0.0004488,2.74,203.8,56.5,120,167.6,183.6,54.8,7.162e-06,2.614e-06,12.3,3.51e-06,174,1,165000.4,7.542,1,1,0.004326,31.4,63000.4,17140,0.183458
81.86,6140,0.4714,0.0407,0.0154,1.10656,54200,0.0262,0.516,0.384,0.00462,0.406,0.5064,0.379,0.2774,0.2622,9.644,0.07458,0.0572,0.1356,0.0689,0.2,0.06302,0.0198,0.1862,43.2,3.564,2880,12.44,0.0016122,2.74,203.8,56.5,120,167.6,183.6,54.8,7.162e-06,2.614e-06,12.3,3.51e-06,174,1,165000.4,7.542,1,1,0.004326,31.4,63000.4,17140,0.183458
81.86,6140,0.4714,0.0407,0.0154,1.10656,54200,0.0262,0.516,0.384,0.00462,0.406,0.5064,0.379,0.2774,0.2622,9.644,0.07458,0.0572,0.1356,0.0689,0.2,0.06302,0.0198,0.1862,43.2,3.564,2880,12.44,0.0016122,2.74,203.8,56.5,120,148.4,183.6,54.8,7.162e-06,2.614e-06,12.3,3.51e-06,174,1,165000.4,7.542,1,1,0.004326,31.4,63000.4,17140,0.183458
66.44,6140,0.4714,0.0407,0.0154,1.10656,54200,0.0262,0.516,0.384,0.00462,0.406,0.5064,0.379,0.2774,0.2622,9.644,0.07458,0.0572,0.1356,0.0689,0.2,0.06302,0.0198,0.1862,43.2,3.564,2880,12.44,0.0016122,2.74,203.8,56.5,120,148.4,183.6,54.8,7.162e-06,2.614e-06,12.3,3.51e-06,174,1,165000.4,7.542,1,1,0.004326,31.4,63000.4,17140,0.183458
66.44,6140,0.4714,0.0407,0.0154,0.0214,54200,0.0262,0.516,0.384,0.00462,0.406,0.5064,0.379,0.2774,0.2622,9.644,0.07458,0.0572,0.1356,0.0689,0.2,0.06302,0.0198,0.1862,43.2,3.564,2880,12.44,0.0016122,2.74,203.8,56.5,120,148.4,183.6,54.8,7.162e-06,2.614e-06,12.3,3.51e-06,174,1,165000.4,7.542,1,1,0.004326,31.4,63000.4,17140,0.183458
66.44,6140,0.4714,0.0407,0.0154,0.0214,54200,0.0262,0.516,0.384,0.00462,0.406,0.5064,0.379,0.2774,0.2622,9.644,0.07458,0.0572,0.1356,0.0689,0.2,0.06302,0.0198,0.1862,43.2,3.564,2880,12.44,0.0016122,2.74,203.8,56.5,120,148.4,183.6,54.8,7.162e-06,2.614e-06,12.3,3.51e-06,174,1,165000.4,7.542,1,1,0.004326,31.4,63000.4,17140,0.046832
66.44,6140,0.4714,0.0407,0.0154,0.0214,54200,0.0262,0.516,0.384,0.00462,0.406,0.5064,0.379,0.2774,0.2622,9.644,0.07458,0.0572,0.1356,0.0689,0.2,0.06302,0.0198,0.1862,43.2,3.564,2880,12.44,0.0016122,1,203.8,56.5,120,148.4,183.6,54.8,7.162e-06,2.614e-06,12.3,3.51e-06,174,1,165000.4,7.542,1,1,0.004326,31.4,63000.4,17140,0.046832
66.44,6140,0.4714,0.0407,0.0154,0.0214,54200,0.0262,0.516,0.384,0.00462,0.358,0.5064,0.379,0.2774,0.2622,9.644,0.07458,0.0572,0.1356,0.0689,0.2,0.06302,0.0198,0.1862,43.2,3.564,2880,12.44,0.0016122,1,203.8,56.5,120,148.4,183.6,54.8,7.162e-06,2.614e-06,12.3,3.51e-06,174,1,165000.4,7.542,1,1,0.004326,31.4,63000.4,17140,0.046832
66.44,6140,0.4714,0.0407,0.0154,0.0214,54200,0.0262,0.516,0.384,0.00462,0.358,0.5064,0.379,0.2774,0.2622,9.644,0.07458,0.0572,0.1356,0.0689,0.2,0.06302,0.0198,0.149,43.2,3.564,2880,12.44,0.0016122,1,203.8,56.5,120,148.4,183.6,54.8,7.162e-06,2.614e-06,12.3,3.51e-06,174,1,165000.4,7.542,1,1,0.004326,31.4,63000.4,17140,0.046832
66.44,6140,0.4714,0.0407,0.0154,0.0214,54200,0.0262,0.516,0.384,0.00462,0.358,0.5064,0.379,0.2774,0.2622,9.644,0.07458,0.0572,0.1356,0.0689,0.2,0.06302,0.0198,0.149,43.2,3.564,2880,12.44,0.0016122,1,203.8,64.06,120,148.4,183.6,54.8,7.162e-06,2.614e-06,12.3,3.51e-06,174,1,165000.4,7.542,1,1,0.004326,31.4,63000.4,17140,0.046832
66.44,6140,0.4714,0.0407,0.0154,0.0214,54200,0.0262,0.516,0.384,0.00462,0.358,0.5064,0.379,0.2774,0.2622,9.644,0.07458,0.0572,0.1356,0.0689,0.2,0.06302,0.0198,0.149,43.2,3.564,2880,12.44,0.0016122,1,203.8,64.06,120,148.4,183.6,54.8,7.162e-06,2.614e-06,12.3,3.51e-06,174,1,165000.4,4.89,1,1,0.004326,31.4,63000.4,17140,0.046832
66.44,6140,0.4714,0.0407,0.0154,0.0214,54200,0.0262,0.516,0.384,0.00462,0.358,0.5064,0.379,0.2774,0.2622,9.644,0.07458,0.0572,0.1356,0.0689,0.2,0.06302,0.0198,0.149,43.2,3.564,2880,12.44,0.0016122,1,203.8,64.06,120,148.4,183.6,54.8,7.162e-06,2.614e-06,12.3,3.51e-06,74.988,1,165000.4,4.89,1,1,0.004326,31.4,63000.4,17140,0.046832
66.44,6140,0.3826,0.0407,0.0154,0.0214,54200,0.0262,0.516,0.384,0.00462,0.358,0.5064,0.379,0.2774,0.2622,9.644,0.07458,0.0572,0.1356,0.0689,0.2,0.06302,0.0198,0.149,43.2,3.564,2880,12.44,0.0016122,1,203.8,64.06,120,148.4,183.6,54.8,7.162e-06,2.614e-06,12.3,3.51e-06,74.988,1,165000.4,4.89,1,1,0.004326,31.4,63000.4,17140,0.046832
66.44,6140,0.3826,0.0407,0.0154,0.0214,54200,0.0262,0.516,0.384,0.00462,0.358,0.5064,0.379,0.2774,0.2622,9.644,0.07458,0.0572,0.1356,0.0689,0.2,0.06302,0.0198,0.149,43.2,3.564,2880,12.44,0.0016122,1,203.8,64.06,120,148.4,183.6,54.8,7.162e-06,2.614e-06,12.3,3.51e-06,74.988,1,165000.4,4.89,1,1,0.00537,31.4,63000.4,17140,0.046832
66.44,6140,0.3826,0.0407,0.0154,0.0214,54200,0.0262,0.5844,0.384,0.00462,0.358,0.5064,0.379,0.2774,0.2622,9.644,0.07458,0.0572,0.1356,0.0689,0.2,0.06302,0.0198,0.149,43.2,3.564,2880,12.44,0.0016122,1,203.8,64.06,120,148.4,183.6,54.8,7.162e-06,2.614e-06,12.3,3.51e-06,74.988,1,165000.4,4.89,1,1,0.00537,31.4,63000.4,17140,0.046832
66.44,6140,0.3826,0.0461,0.0154,0.0214,54200,0.0262,0.5844,0.384,0.00462,0.358,0.5064,0.379,0.2774,0.2622,9.644,0.07458,0.0572,0.1356,0.0689,0.2,0.06302,0.0198,0.149,43.2,3.564,2880,12.44,0.0016122,1,203.8,64.06,120,148.4,183.6,54.8,7.162e-06,2.614e-06,12.3,3.51e-06,74.988,1,165000.4,4.89,1,1,0.00537,31.4,63000.4,17140,0.046832
66.44,6140,0.3826,0.0461,0.0154,0.0214,54200,0.0262,0.5844,0.384,0.00462,0.358,0.5064,0.379,0.2774,0.2622,9.644,0.07458,0.0572,0.1356,0.0689,0.2,0.06302,0.02244,0.149,43.2,3.564,2880,12.44,0.0016122,1,203.8,64.06,120,148.4,183.6,54.8,7.162e-06,2.614e-06,12.3,3.51e-06,74.988,1,165000.4,4.89,1,1,0.00537,31.4,63000.4,17140,0.046832
66.44,6140,0.3826,0.0461,0.01372,0.0214,54200,0.0262,0.5844,0.384,0.00462,0.358,0.5064,0.379,0.2774,0.2622,9.644,0.07458,0.0572,0.1356,0.0689,0.2,0.06302,0.02244,0.149,43.2,3.564,2880,12.44,0.0016122,1,203.8,64.06,120,148.4,183.6,54.8,7.162e-06,2.614e-06,12.3,3.51e-06,74.988,1,165000.4,4.89,1,1,0.00537,31.4,63000.4,17140,0.046832
66.44,6140,0.3826,0.0461,0.01372,0.0214,54200,0.0262,0.5844,0.384,0.00462,0.358,0.5064,0.379,0.2774,0.2622,9.644,0.07458,0.05096,0.1356,0.0689,0.2,0.06302,0.02244,0.149,43.2,3.564,2880,12.44,0.0016122,1,203.8,64.06,120,148.4,183.6,54.8,7.162e-06,2.614e-06,12.3,3.51e-06,74.988,1,165000.4,4.89,1,1,0.00537,31.4,63000.4,17140,0.046832
66.44,6140,0.3826,0.0461,0.01372,0.0214,54200,0.0262,0.5844,0.384,0.00462,0.358,0.5064,0.379,0.2774,0.2622,9.644,0.07458,0.05096,0.1356,0.0689,0.2,0.06302,0.02244,0.149,43.2,3.564,2880,12.44,0.0016122,1,203.8,64.06,120,148.4,183.6,54.8,7.162e-06,2.614e-06,12.3,3.51e-06,74.988,1,165000.4,4.89,1,1,0.00537,62.6,63000.4,17140,0.046832
66.44,6140,0.3826,0.0461,0.01372,0.0214,54200,0.0262,0.5844,0.384,0.00462,0.358,0.5064,0.379,0.2774,0.2622,9.644,0.07458,0.05096,0.1356,0.0689,0.2,0.06302,0.02244,0.149,43.2,3.564,2880,12.44,0.0016122,1,203.8,64.06,136.2,148.4,183.6,54.8,7.162e-06,2.614e-06,12.3,3.51e-06,74.988,1,165000.4,4.89,1,1,0.00537,62.6,63000.4,17140,0.046832
66.44,6140,0.3826,0.0461,0.01372,0.0214,54200,0.0262,0.5844,0.384,0.00462,0.358,0.5064,0.379,0.2774,0.2622,9.644,0.0837,0.05096,0.1356,0.0689,0.2,0.06302,0.02244,0.149,43.2,3.564,2880,12.44,0.0016122,1,203.8,64.06,136.2,148.4,183.6,54.8,7.162e-06,2.614e-06,12.3,3.51e-06,74.988,1,165000.4,4.89,1,1,0.00537,62.6,63000.4,17140,0.046832
71.58,4692,0.501,0.0479,0.0154,0.74484,54200,0.0232,0.63,0.4012,0.004452,0.422,0.5278,0.411,0.2662,0.2426,9.23,0.07154,0.05304,0.1468,0.0585,0.216,0.06046,0.02244,0.149,120,3.428,1728.4,12.44,6.1e-05,3.9,239,66.58,141.6,167.6,162,59.68,8.05e-06,2.614e-06,76.86,2.532e-06,140.996,2640000.2,1,7.542,21.7,8.08,0.004674,62.6,42000.6,17880,0.137916
71.58,4692,0.501,0.0479,0.0154,0.74484,54200,0.0232,0.63,0.4012,0.004452,0.422,0.5278,0.411,0.2662,0.2426,9.23,0.07154,0.05304,0.1468,0.0585,0.216,0.06046,0.02244,0.149,120,3.428,1728.4,12.44,6.1e-05,3.9,239,66.58,141.6,167.6,162,59.68,8.05e-06,2.614e-06,76.86,2.532e-06,140.996,2640000.2,1,7.542,21.7,8.08,0.004674,62.6,105000,17880,0.137916
71.58,4692,0.501,0.0479,0.0154,0.74484,54200,0.0232,0.63,0.4012,0.004452,0.422,0.5278,0.411,0.2662,0.2426,9.23,0.07154,0.05304,0.1468,0.0585,0.216,0.06046,0.02244,0.149,120,3.428,1728.4,12.44,6.1e-05,3.9,239,66.58,141.6,167.6,162,59.68,8.05e-06,2.614e-06,76.86,2.532e-06,140.996,2640000.2,1,7.542,21.7,8.08,0.004674,62.6,105000,20100,0.137916
71.58,4692,0.501,0.0479,0.0154,0.74484,54200,0.0232,0.63,0.4012,0.004452,0.422,0.5278,0.411,0.2662,0.2426,9.23,0.07154,0.05304,0.1468,0.0585,0.216,0.06046,0.02244,0.149,120,3.428,1728.4,12.44,6.1e-05,3.9,239,66.58,141.6,167.6,162,59.68,8.05e-06,2.614e-06,76.86,2.532e-06,140.996,2640000.2,1,7.542,1,8.08,0.004674,62.6,105000,20100,0.137916
71.58,4692,0.501,0.0479,0.0154,0.74484,54200,0.0232,0.63,0.4012,0.004452,0.422,0.5278,0.411,0.2662,0.2426,10.472,0.07154,0.05304,0.1468,0.0585,0.216,0.06046,0.02244,0.149,120,3.428,1728.4,12.44,6.1e-05,3.9,239,66.58,141.6,167.6,162,59.68,8.05e-06,2.614e-06,76.86,2.532e-06,140.996,2640000.2,1,7.542,1,8.08,0.004674,62.6,105000,20100,0.137916
71.58,4692,0.501,0.0479,0.0154,0.74484,54200,0.0232,0.63,0.4012,0.004452,0.422,0.5278,0.411,0.2662,0.2426,10.472,0.07154,0.05304,0.1468,0.0585,0.192,0.06046,0.02244,0.149,120,3.428,1728.4,12.44,6.1e-05,3.9,239,66.58,141.6,167.6,162,59.68,8.05e-06,2.614e-06,76.86,2.532e-06,140.996,2640000.2,1,7.542,1,8.08,0.004674,62.6,105000,20100,0.137916
71.58,4692,0.501,0.0479,0.0154,0.74484,54200,0.0232,0.63,0.4012,0.004452,0.422,0.5278,0.411,0.2662,0.2426,10.472,0.07154,0.05304,0.1468,0.0585,0.192,0.06046,0.02244,0.149,120,3.428,1728.4,12.44,6.1e-05,3.9,212.6,66.58,141.6,167.6,162,59.68,8.05e-06,2.614e-06,76.86,2.532e-06,140.996,2640000.2,1,7.542,1,8.08,0.004674,62.6,105000,20100,0.137916
71.58,4692,0.501,0.0479,0.0154,0.74484,54200,0.0232,0.63,0.4012,0.004452,0.422,0.5278,0.411,0.2662,0.2426,10.472,0.07154,0.05304,0.1468,0.0585,0.192,0.06046,0.02244,0.149,120,3.428,1728.4,10.76,6.1e-05,3.9,212.6,66.58,141.6,167.6,162,59.68,8.05e-06,2.614e-06,76.86,2.532e-06,140.996,2640000.2,1,7.542,1,8.08,0.004674,62.6,105000,20100,0.137916
71.58,4692,0.501,0.0479,0.0154,0.74484,54200,0.0232,0.63,0.4012,0.004452,0.422,0.5278,0.411,0.2662,0.2426,10.472,0.07154,0.05304,0.1468,0.0585,0.192,0.06046,0.02244,0.149,120,3.428,1728.4,10.76,6.1e-05,3.9,212.6,66.58,141.6,148.4,162,59.68,8.05e-06,2.614e-06,76.86,2.532e-06,140.996,2640000.2,1,7.542,1,8.08,0.004674,62.6,105000,20100,0.137916
71.58,4692,0.501,0.0479,0.0154,0.74484,54200,0.0232,0.63,0.4528,0.004452,0.422,0.5278,0.411,0.2662,0.2426,10.472,0.07154,0.05304,0.1468,0.0585,0.192,0.06046,0.02244,0.149,120,3.428,1728.4,10.76,6.1e-05,3.9,212.6,66.58,141.6,148.4,162,59.68,8.05e-06,2.614e-06,76.86,2.532e-06,140.996,2640000.2,1,7.542,1,8.08,0.004674,62.6,105000,20100,0.137916
71.58,4692,0.501,0.0479,0.0154,0.74484,54200,0.0232,0.63,0.4528,0.004452,0.422,0.592,0.411,0.2662,0.2426,10.472,0.07154,0.05304,0.1468,0.0585,0.192,0.06046,0.02244,0.149,120,3.428,1728.4,10.76,6.1e-05,3.9,212.6,66.58,141.6,148.4,162,59.68,8.05e-06,2.614e-06,76.86,2.532e-06,140.996,2640000.2,1,7.542,1,8.08,0.004674,62.6,105000,20100,0.137916
87,4692,0.501,0.0479,0.0154,0.74484,54200,0.0232,0.63,0.4528,0.004452,0.422,0.592,0.411,0.2662,0.2426,10.472,0.07154,0.05304,0.1468,0.0585,0.192,0.06046,0.02244,0.149,120,3.428,1728.4,10.76,6.1e-05,3.9,212.6,66.58,141.6,148.4,162,59.68,8.05e-06,2.614e-06,76.86,2.532e-06,140.996,2640000.2,1,7.542,1,8.08,0.004674,62.6,105000,20100,0.137916
87,4692,0.501,0.0479,0.0154,0.74484,54200,0.0232,0.63,0.4528,0.004452,0.422,0.592,0.411,0.2662,0.2426,10.472,0.07154,0.05304,0.1468,0.0585,0.192,0.06046,0.02244,0.149,120,3.428,1728.4,10.76,6.1e-05,3.9,212.6,66.58,141.6,148.4,162,59.68,8.05e-06,2.614e-06,28.44,2.532e-06,140.996,2640000.2,1,7.542,1,8.08,0.004674,62.6,105000,20100,0.137916
87,4692,0.501,0.0479,0.0154,0.74484,54200,0.0232,0.63,0.4528,0.004452,0.422,0.592,0.411,0.2662,0.2426,10.472,0.07154,0.05304,0.1468,0.0585,0.192,0.06046,0.02244,0.149,120,3.428,1728.4,10.76,6.1e-05,3.9,212.6,59.02,141.6,148.4,162,59.68,8.05e-06,2.614e-06,28.44,2.532e-06,140.996,2640000.2,1,7.542,1,8.08,0.004674,62.6,105000,20100,0.137916
87,4692,0.501,0.0479,0.0154,0.74484,54200,0.0232,0.63,0.4528,0.004452,0.422,0.592,0.411,0.2662,0.2426,10.472,0.07154,0.05304,0.1468,0.0585,0.192,0.06046,0.02244,0.149,120,3.428,1728.4,10.76,6.1e-05,3.9,212.6,59.02,141.6,148.4,162,59.68,8.05e-06,2.614e-06,28.44,2.532e-06,140.996,2640000.2,1,7.542,1,8.08,0.00363,62.6,105000,20100,0.137916
87,4692,0.501,0.0479,0.0154,0.74484,54200,0.0232,0.63,0.4528,0.004452,0.422,0.592,0.411,0.2662,0.2426,10.472,0.07154,0.05304,0.1468,0.0585,0.192,0.06046,0.02244,0.149,120,3.428,1728.4,10.76,6.1e-05,3.9,212.6,59.02,141.6,148.4,162,59.68,8.05e-06,2.614e-06,28.44,2.532e-06,140.996,2640000.2,1,4.89,1,8.08,0.00363,62.6,105000,20100,0.137916
87,4692,0.501,0.0479,0.0154,0.74484,54200,0.0232,0.63,0.4528,0.004452,0.422,0.592,0.411,0.2662,0.2426,10.472,0.07154,0.05304,0.1468,0.0585,0.192,0.06046,0.02244,0.149,120,3.428,1728.4,10.76,6.1e-05,3.9,212.6,59.02,141.6,148.4,162,59.68,8.05e-06,2.614e-06,28.44,2.532e-06,140.996,2640000.2,165000.4,4.89,1,8.08,0.00363,62.6,105000,20100,0.137916
87,4692,0.501,0.0479,0.0154,0.74484,54200,0.0232,0.63,0.4528,0.004452,0.422,0.592,0.411,0.2662,0.2426,10.472,0.07154,0.05304,0.1468,0.0585,0.192,0.06046,0.02244,0.149,120,3.428,1728.4,10.76,6.1e-05,3.9,212.6,59.02,141.6,148.4,162,59.68,8.05e-06,2.614e-06,28.44,2.532e-06,41.984,2640000.2,165000.4,4.89,1,8.08,0.00363,62.6,105000,20100,0.137916
87,4692,0.501,0.0479,0.0154,0.74484,54200,0.0232,0.5616,0.4528,0.004452,0.422,0.592,0.411,0.2662,0.2426,10.472,0.07154,0.05304,0.1468,0.0585,0.192,0.06046,0.02244,0.149,120,3.428,1728.4,10.76,6.1e-05,3.9,212.6,59.02,141.6,148.4,162,59.68,8.05e-06,2.614e-06,28.44,2.532e-06,41.984,2640000.2,165000.4,4.89,1,8.08,0.00363,62.6,105000,20100,0.137916
87,4692,0.501,0.0479,0.0154,0.74484,54200,0.0232,0.5616,0.4528,0.004452,0.422,0.592,0.411,0.2662,0.2426,10.472,0.08066,0.05304,0.1468,0.0585,0.192,0.06046,0.02244,0.149,120,3.428,1728.4,10.76,6.1e-05,3.9,212.6,59.02,141.6,148.4,162,59.68,8.05e-06,2.614e-06,28.44,2.532e-06,41.984,2640000.2,165000.4,4.89,1,8.08,0.00363,62.6,105000,20100,0.137916
87,5778,0.501,0.0479,0.0154,0.74484,54200,0.0232,0.5616,0.4528,0.004452,0.422,0.592,0.411,0.2662,0.2426,10.472,0.08066,0.05304,0.1468,0.0585,0.192,0.06046,0.02244,0.149,120,3.428,1728.4,10.76,6.1e-05,3.9,212.6,59.02,141.6,148.4,162,59.68,8.05e-06,2.614e-06,28.44,2.532e-06,41.984,2640000.2,165000.4,4.89,1,8.08,0.00363,62.6,105000,20100,0.137916
87,5778,0.501,0.0479,0.0154,0.74484,54200,0.0262,0.5616,0.4528,0.004452,0.422,0.592,0.411,0.2662,0.2426,10.472,0.08066,0.05304,0.1468,0.0585,0.192,0.06046,0.02244,0.149,120,3.428,1728.4,10.76,6.1e-05,3.9,212.6,59.02,141.6,148.4,162,59.68,8.05e-06,2.614e-06,28.44,2.532e-06,41.984,2640000.2,165000.4,4.89,1,8.08,0.00363,62.6,105000,20100,0.137916
87,5778,0.501,0.0479,0.0154,0.74484,54200,0.0262,0.5616,0.4528,0.004452,0.422,0.592,0.411,0.2662,0.2426,10.472,0.08066,0.05304,0.1468,0.0585,0.192,0.06046,0.02244,0.1862,120,3.428,1728.4,10.76,6.1e-05,3.9,212.6,59.02,141.6,148.4,162,59.68,8.05e-06,2.614e-06,28.44,2.532e-06,41.984,2640000.2,165000.4,4.89,1,8.08,0.00363,62.6,105000,20100,0.137916
87,5778,0.501,0.0479,0.0154,0.74484,54200,0.0262,0.5616,0.4528,0.004452,0.422,0.592,0.411,0.2662,0.2426,10.472,0.08066,0.0468,0.1468,0.0585,0.192,0.06046,0.02244,0.1862,120,3.428,1728.4,10.76,6.1e-05,3.9,212.6,59.02,141.6,148.4,162,59.68,8.05e-06,2.614e-06,28.44,2.532e-06,41.984,2640000.2,165000.4,4.89,1,8.08,0.00363,62.6,105000,20100,0.137916
87,5778,0.501,0.0479,0.0154,0.74484,54200,0.0262,0.5616,0.4528,0.004452,0.422,0.592,0.411,0.2662,0.2426,10.472,0.08066,0.0468,0.13,0.0585,0.192,0.06046,0.02244,0.1862,120,3.428,1728.4,10.76,6.1e-05,3.9,212.6,59.02,141.6,148.4,162,59.68,8.05e-06,2.614e-06,28.44,2.532e-06,41.984,2640000.2,165000.4,4.89,1,8.08,0.00363,62.6,105000,20100,0.137916
87,5778,0.501,0.0479,0.0154,0.74484,54200,0.0262,0.5616,0.4528,0.004452,0.374,0.592,0.411,0.2662,0.2426,10.472,0.08066,0.0468,0.13,0.0585,0.192,0.06046,0.02244,0.1862,120,3.428,1728.4,10.76,6.1e-05,3.9,212.6,59.02,141.6,148.4,162,59.68,8.05e-06,2.614e-06,28.44,2.532e-06,41.984,2640000.2,165000.4,4.89,1,8.08,0.00363,62.6,105000,20100,0.137916
87,5778,0.501,0.0479,0.0154,0.74484,54200,0.0262,0.5616,0.4528,0.004452,0.374,0.592,0.411,0.2662,0.2426,10.472,0.08066,0.0468,0.13,0.0585,0.192,0.06046,0.02244,0.1862,73.92,3.428,1728.4,10.76,6.1e-05,3.9,212.6,59.02,141.6,148.4,162,59.68,8.05e-06,2.614e-06,28.44,2.532e-06,41.984,2640000.2,165000.4,4.89,1,8.08,0.00363,62.6,105000,20100,0.137916
87,5778,0.501,0.0479,0.0154,0.74484,54200,0.0262,0.5616,0.4528,0.004452,0.374,0.592,0.411,0.2662,0.2426,10.472,0.08066,0.0468,0.13,0.0585,0.192,0.06046,0.02244,0.1862,73.92,3.428,1728.4,10.76,6.1e-05,3.9,212.6,59.02,141.6,148.4,162,59.68,8.05e-06,1.996e-06,28.44,2.532e-06,41.984,2640000.2,165000.4,4.89,1,8.08,0.00363,62.6,105000,20100,0.137916
87,5778,0.501,0.0479,0.0154,0.74484,54200,0.0262,0.5616,0.4528,0.003948,0.374,0.592,0.411,0.2662,0.2426,10.472,0.08066,0.0468,0.13,0.0585,0.192,0.06046,0.02244,0.1862,73.92,3.428,1728.4,10.76,6.1e-05,3.9,212.6,59.02,141.6,148.4,162,59.68,8.05e-06,1.996e-06,28.44,2.532e-06,41.984,2640000.2,165000.4,4.89,1,8.08,0.00363,62.6,105000,20100,0.137916
87,5778,0.501,0.0479,0.0154,0.74484,54200,0.0262,0.5616,0.4528,0.003948,0.374,0.592,0.411,0.2662,0.2426,10.472,0.08066,0.0468,0.13,0.0585,0.192,0.06046,0.02244,0.1862,73.92,3.428,1728.4,10.76,6.1e-05,3.9,212.6,59.02,141.6,148.4,162,59.68,8.05e-06,1.996e-06,28.44,2.532e-06,41.984,2640000.2,165000.4,4.89,1,8.08,0.00363,31.4,105000,20100,0.137916
87,5778,0.4122,0.0479,0.0154,0.74484,54200,0.0262,0.5616,0.4528,0.003948,0.374,0.592,0.411,0.2662,0.2426,10.472,0.08066,0.0468,0.13,0.0585,0.192,0.06046,0.02244,0.1862,73.92,3.428,1728.4,10.76,6.1e-05,3.9,212.6,59.02,141.6,148.4,162,59.68,8.05e-06,1.996e-06,28.44,2.532e-06,41.984,2640000.2,165000.4,4.89,1,8.08,0.00363,31.4,105000,20100,0.137916
87,5778,0.4122,0.0479,0.0154,0.74484,54200,0.0262,0.5616,0.4528,0.003948,0.374,0.592,0.411,0.2662,0.2426,10.472,0.08066,0.0468,0.13,0.0585,0.192,0.06046,0.02244,0.1862,73.92,3.428,1728.4,10.76,0.0012244,3.9,212.6,59.02,141.6,148.4,162,59.68,8.05e-06,1.996e-06,28.44,2.532e-06,41.984,2640000.2,165000.4,4.89,1,8.08,0.00363,31.4,105000,20100,0.137916
87,5778,0.4122,0.0479,0.0154,0.74484,54200,0.0262,0.5616,0.4528,0.003948,0.374,0.592,0.411,0.2662,0.2426,10.472,0.08066,0.0468,0.13,0.0585,0.192,0.06046,0.02244,0.1862,73.92,3.428,1,10.76,0.0012244,3.9,212.6,59.02,141.6,148.4,162,59.68,8.05e-06,1.996e-06,28.44,2.532e-06,41.984,2640000.2,165000.4,4.89,1,8.08,0.00363,31.4,105000,20100,0.137916
87,5778,0.4122,0.0479,0.0154,0.74484,54200,0.0262,0.5616,0.4528,0.003948,0.374,0.592,0.411,0.2662,0.272,10.472,0.08066,0.0468,0.13,0.0585,0.192,0.06046,0.02244,0.1862,73.92,3.428,1,10.76,0.0012244,3.9,212.6,59.02,141.6,148.4,162,59.68,8.05e-06,1.996e-06,28.44,2.532e-06,41.984,2640000.2,165000.4,4.89,1,8.08,0.00363,31.4,105000,20100,0.137916
87,5778,0.4122,0.0479,0.0154,0.74484,54200,0.0262,0.5616,0.4528,0.003948,0.374,0.592,0.411,0.2662,0.272,10.472,0.08066,0.0468,0.13,0.0585,0.192,0.06046,0.02244,0.1862,73.92,3.428,1,10.76,0.0012244,3.9,212.6,59.02,141.6,148.4,162,59.68,8.05e-06,1.996e-06,28.44,2.532e-06,41.984,2640000.2,165000.4,4.89,1,1,0.00363,31.4,105000,20100,0.137916
87,5778,0.4122,0.0479,0.0154,0.74484,66800,0.0262,0.5616,0.4528,0.003948,0.374,0.592,0.411,0.2662,0.272,10.472,0.08066,0.0468,0.13,0.0585,0.192,0.06046,0.02244,0.1862,73.92,3.428,1,10.76,0.0012244,3.9,212.6,59.02,141.6,148.4,162,59.68,8.05e-06,1.996e-06,28.44,2.532e-06,41.984,2640000.2,165000.4,4.89,1,1,0.00363,31.4,105000,20100,0.137916
87,5778,0.4122,0.0479,0.0154,0.74484,66800,0.0262,0.5616,0.4528,0.003948,0.374,0.592,0.411,0.2662,0.272,10.472,0.08066,0.0468,0.13,0.0585,0.192,0.06046,0.02244,0.1862,73.92,3.428,1,10.76,0.0012244,3.9,212.6,59.02,141.6,148.4,183.6,59.68,8.05e-06,1.996e-06,28.44,2.532e-06,41.984,2640000.2,165000.4,4.89,1,1,0.00363,31.4,105000,20100,0.137916
87,5778,0.4122,0.0479,0.0154,0.74484,66800,0.0262,0.5616,0.4528,0.003948,0.374,0.592,0.411,0.2662,0.272,10.472,0.08066,0.0468,0.13,0.0585,0.192,0.06046,0.02244,0.1862,73.92,3.428,1,10.76,0.0012244,3.9,212.6,59.02,141.6,148.4,183.6,67,8.05e-06,1.996e-06,28.44,2.532e-06,41.984,2640000.2,165000.4,4.89,1,1,0.00363,31.4,105000,20100,0.137916
87,5778,0.4122,0.0479,0.0154,0.74484,66800,0.0262,0.5616,0.4528,0.003948,0.374,0.592,0.411,0.2662,0.272,10.472,0.08066,0.0468,0.13,0.0585,0.192,0.06046,0.02244,0.1862,73.92,3.428,1,10.76,0.0012244,3.9,212.6,59.02,141.6,148.4,183.6,67,7.162e-06,1.996e-06,28.44,2.532e-06,41.984,2640000.2,165000.4,4.89,1,1,0.00363,31.4,105000,20100,0.137916
87,5778,0.4122,0.0479,0.0154,1.83,66800,0.0262,0.5616,0.4528,0.003948,0.374,0.592,0.411,0.2662,0.272,10.472,0.08066,0.0468,0.13,0.0585,0.192,0.06046,0.02244,0.1862,73.92,3.428,1,10.76,0.0012244,3.9,212.6,59.02,141.6,148.4,183.6,67,7.162e-06,1.996e-06,28.44,2.532e-06,41.984,2640000.2,165000.4,4.89,1,1,0.00363,31.4,105000,20100,0.137916
87,5778,0.4122,0.0479,0.0154,1.83,66800,0.0262,0.5616,0.4528,0.003948,0.374,0.592,0.411,0.2662,0.272,10.472,0.08066,0.0468,0.13,0.0585,0.192,0.06046,0.02244,0.1862,73.92,3.428,1,10.76,0.0012244,3.9,212.6,59.02,141.6,148.4,183.6,67,7.162e-06,1.996e-06,28.44,2.532e-06,41.984,2640000.2,165000.4,4.89,1,1,0.00363,31.4,105000,20100,0.00129
87,5778,0.4122,0.0479,0.0154,1.83,66800,0.0262,0.5616,0.4528,0.003948,0.374,0.592,0.411,0.2662,0.272,10.472,0.08066,0.0468,0.13,0.0585,0.192,0.06046,0.02244,0.1862,73.92,3.428,1,10.76,0.0012244,3.9,212.6,59.02,141.6,148.4,183.6,67,7.162e-06,1.996e-06,28.44,3.51e-06,41.984,2640000.2,165000.4,4.89,1,1,0.00363,31.4,105000,20100,0.00129
87,5778,0.4122,0.0479,0.0154,1.83,66800,0.0262,0.5616,0.4528,0.003948,0.374,0.592,0.411,0.2662,0.272,10.472,0.08066,0.0468,0.13,0.0585,0.192,0.06046,0.02244,0.1862,73.92,3.428,1,10.76,0.0012244,2.16,212.6,59.02,141.6,148.4,183.6,67,7.162e-06,1.996e-06,28.44,3.51e-06,41.984,2640000.2,165000.4,4.89,1,1,0.00363,31.4,105000,20100,0.00129
87,5778,0.4122,0.0479,0.0154,1.83,66800,0.0262,0.5616,0.4528,0.003948,0.374,0.592,0.411,0.2662,0.272,10.472,0.08066,0.0468,0.13,0.0585,0.192,0.06046,0.02244,0.1862,73.92,3.428,1,10.76,0.0012244,2.16,212.6,59.02,125.4,148.4,183.6,67,7.162e-06,1.996e-06,28.44,3.51e-06,41.984,2640000.2,165000.4,4.89,1,1,0.00363,31.4,105000,20100,0.00129
87,5778,0.4122,0.0479,0.0154,1.83,66800,0.0262,0.5616,0.4528,0.003948,0.374,0.592,0.411,0.2662,0.272,10.472,0.08066,0.0468,0.13,0.0585,0.192,0.06046,0.02244,0.1862,73.92,3.428,1,10.76,0.0012244,2.16,212.6,59.02,125.4,148.4,183.6,67,7.162e-06,1.996e-06,28.44,3.51e-06,41.984,660000.8,165000.4,4.89,1,1,0.00363,31.4,105000,20100,0.00129
87,5778,0.4122,0.0479,0.0154,1.83,66800,0.0262,0.5616,0.4528,0.003948,0.374,0.592,0.411,0.2662,0.272,10.472,0.08066,0.0468,0.13,0.0585,0.192,0.06814,0.02244,0.1862,73.92,3.428,1,10.76,0.0012244,2.16,212.6,59.02,125.4,148.4,183.6,67,7.162e-06,1.996e-06,28.44,3.51e-06,41.984,660000.8,165000.4,4.89,1,1,0.00363,31.4,105000,20100,0.00129
87,5778,0.4122,0.0479,0.0154,1.83,66800,0.0262,0.5616,0.4528,0.003948,0.374,0.592,0.411,0.2662,0.272,10.472,0.08066,0.0468,0.13,0.0663,0.192,0.06814,0.02244,0.1862,73.92,3.428,1,10.76,0.0012244,2.16,212.6,59.02,125.4,148.4,183.6,67,7.162e-06,1.996e-06,28.44,3.51e-06,41.984,660000.8,165000.4,4.89,1,1,0.00363,31.4,105000,20100,0.00129
87,5778,0.4122,0.0479,0.0154,1.83,66800,0.0262,0.5616,0.4528,0.003948,0.374,0.592,0.363,0.2662,0.272,10.472,0.08066,0.0468,0.13,0.0663,0.192,0.06814,0.02244,0.1862,73.92,3.428,1,10.76,0.0012244,2.16,212.6,59.02,125.4,148.4,183.6,67,7.162e-06,1.996e-06,28.44,3.51e-06,41.984,660000.8,165000.4,4.89,1,1,0.00363,31.4,105000,20100,0.00129
87,5778,0.4122,0.0479,0.0154,1.83,66800,0.0262,0.5616,0.4528,0.003948,0.374,0.592,0.363,0.2662,0.272,10.472,0.08066,0.0468,0.13,0.0663,0.192,0.06814,0.02244,0.1862,73.92,3.02,1,10.76,0.0012244,2.16,212.6,59.02,125.4,148.4,183.6,67,7.162e-06,1.996e-06,28.44,3.51e-06,41.984,660000.8,165000.4,4.89,1,1,0.00363,31.4,105000,20100,0.00129
87,5778,0.4122,0.0425,0.0154,1.83,66800,0.0262,0.5616,0.4528,0.003948,0.374,0.592,0.363,0.2662,0.272,10.472,0.08066,0.0468,0.13,0.0663,0.192,0.06814,0.02244,0.1862,73.92,3.02,1,10.76,0.0012244,2.16,212.6,59.02,125.4,148.4,183.6,67,7.162e-06,1.996e-06,28.44,3.51e-06,41.984,660000.8,165000.4,4.89,1,1,0.00363,31.4,105000,20100,0.00129
87,5778,0.4122,0.0425,0.0154,1.83,66800,0.0262,0.5616,0.4528,0.003948,0.374,0.592,0.363,0.2998,0.272,10.472,0.08066,0.0468,0.13,0.0663,0.192,0.06814,0.02244,0.1862,73.92,3.02,1,10.76,0.0012244,2.16,212.6,59.02,125.4,148.4,183.6,67,7.162e-06,1.996e-06,28.44,3.51e-06,41.984,660000.8,165000.4,4.89,1,1,0.00363,31.4,105000,20100,0.00129
87,5778,0.4122,0.0425,0.01372,1.83,66800,0.0262,0.5616,0.4528,0.003948,0.374,0.592,0.363,0.2998,0.272,10.472,0.08066,0.0468,0.13,0.0663,0.192,0.06814,0.02244,0.1862,73.92,3.02,1,10.76,0.0012244,2.16,212.6,59.02,125.4,148.4,183.6,67,7.162e-06,1.996e-06,28.44,3.51e-06,41.984,660000.8,165000.4,4.89,1,1,0.00363,31.4,105000,20100,0.00129
87,5778,0.4122,0.0425,0.01372,1.83,66800,0.0262,0.5616,0.4528,0.003948,0.374,0.592,0.363,0.2998,0.272,10.472,0.08066,0.0468,0.13,0.0663,0.192,0.06814,0.0198,0.1862,73.92,3.02,1,10.76,0.0012244,2.16,212.6,59.02,125.4,148.4,183.6,67,7.162e-06,1.996e-06,28.44,3.51e-06,41.984,660000.8,165000.4,4.89,1,1,0.00363,31.4,105000,20100,0.00129
66.44,4692,0.353,0.0407,0.0154,0.74484,50000,0.0252,0.6072,0.4356,0.00378,0.438,0.5064,0.363,0.2886,0.2328,9.23,0.07154,0.05512,0.158,0.0637,0.208,0.06302,0.02068,0.1862,43.2,3.156,576.8,12.44,0.0008366,2.74,221.4,61.54,136.2,167.6,169.2,64.56,6.57e-06,2.82e-06,60.72,2.206e-06,41.984,2640000.2,165000.4,7.542,14.8,8.08,0.005022,62.6,1,16400,0.00129
66.44,4692,0.353,0.0407,0.0154,0.74484,50000,0.0252,0.6072,0.4356,0.00378,0.438,0.5064,0.363,0.2886,0.2328,9.23,0.07154,0.05512,0.158,0.0637,0.208,0.06302,0.02068,0.1862,43.2,3.156,576.8,12.44,0.002,2.74,221.4,61.54,136.2,167.6,169.2,64.56,6.57e-06,2.82e-06,60.72,2.206e-06,41.984,2640000.2,165000.4,7.542,14.8,8.08,0.005022,62.6,1,16400,0.00129
66.44,4692,0.353,0.0407,0.0154,0.74484,50000,0.0252,0.6072,0.4356,0.00378,0.438,0.5064,0.363,0.2886,0.2328,9.23,0.07154,0.05512,0.158,0.0637,0.208,0.06302,0.02068,0.1862,43.2,3.156,576.8,12.44,0.002,2.74,221.4,61.54,136.2,167.6,169.2,64.56,6.57e-06,2.82e-06,60.72,2.206e-06,41.984,2640000.2,165000.4,7.542,14.8,8.08,0.005022,62.6,63000.4,16400,0.00129
66.44,4692,0.353,0.0407,0.0154,0.74484,50000,0.0252,0.6072,0.4356,0.00378,0.39,0.5064,0.363,0.2886,0.2328,9.23,0.07154,0.05512,0.158,0.0637,0.208,0.06302,0.02068,0.1862,43.2,3.156,576.8,12.44,0.002,2.74,221.4,61.54,136.2,167.6,169.2,64.56,6.57e-06,2.82e-06,60.72,2.206e-06,41.984,2640000.2,165000.4,7.542,14.8,8.08,0.005022,62.6,63000.4,16400,0.00129
66.44,4692,0.353,0.0407,0.0154,0.74484,50000,0.0252,0.6072,0.4356,0.00378,0.39,0.5064,0.363,0.2886,0.2328,9.23,0.07154,0.05512,0.158,0.0637,0.208,0.06302,0.02068,0.1862,43.2,3.156,576.8,12.44,0.002,2.74,221.4,61.54,136.2,167.6,169.2,64.56,6.57e-06,2.82e-06,60.72,2.206e-06,41.984,2640000.2,165000.4,7.542,14.8,8.08,0.005022,31.4,63000.4,16400,0.00129
66.44,4692,0.353,0.0407,0.0154,0.74484,50000,0.0252,0.6072,0.4356,0.00378,0.39,0.5064,0.363,0.2886,0.2328,9.23,0.07154,0.05512,0.158,0.0637,0.208,0.06302,0.02068,0.1862,43.2,3.156,576.8,12.44,0.002,2.74,221.4,61.54,136.2,167.6,169.2,64.56,6.57e-06,2.82e-06,12.3,2.206e-06,41.984,2640000.2,165000.4,7.542,14.8,8.08,0.005022,31.4,63000.4,16400,0.00129
66.44,4692,0.353,0.0407,0.0154,0.74484,50000,0.0252,0.6072,0.4356,0.00378,0.39,0.5064,0.363,0.2886,0.2328,9.23,0.07154,0.05512,0.158,0.0637,0.208,0.06302,0.02068,0.1862,43.2,3.156,576.8,12.44,0.002,2.74,221.4,61.54,136.2,167.6,190.8,64.56,6.57e-06,2.82e-06,12.3,2.206e-06,41.984,2640000.2,165000.4,7.542,14.8,8.08,0.005022,31.4,63000.4,16400,0.00129
66.44,4692,0.353,0.0407,0.0154,0.74484,50000,0.0252,0.6072,0.4356,0.00378,0.39,0.5064,0.363,0.2886,0.2328,9.23,0.07154,0.05512,0.158,0.0637,0.208,0.06302,0.02068,0.1862,43.2,3.156,576.8,12.44,0.002,2.74,221.4,61.54,136.2,167.6,190.8,64.56,6.57e-06,2.202e-06,12.3,2.206e-06,41.984,2640000.2,165000.4,7.542,14.8,8.08,0.005022,31.4,63000.4,16400,0.00129
66.44,4692,0.353,0.0407,0.0154,0.74484,50000,0.0252,0.6072,0.4356,0.00378,0.39,0.5064,0.363,0.2886,0.2328,9.23,0.07154,0.05512,0.158,0.0637,0.208,0.06302,0.02068,0.1862,43.2,3.156,576.8,12.44,0.002,2.74,221.4,61.54,136.2,167.6,190.8,64.56,6.57e-06,2.202e-06,12.3,2.206e-06,41.984,2640000.2,1,7.542,14.8,8.08,0.005022,31.4,63000.4,16400,0.00129
66.44,4692,0.353,0.0407,0.0154,0.74484,50000,0.0252,0.6072,0.4356,0.00378,0.39,0.5064,0.363,0.2886,0.2328,9.23,0.07154,0.05512,0.158,0.0637,0.208,0.06302,0.02068,0.1862,43.2,3.156,576.8,12.44,0.002,2.74,221.4,61.54,136.2,167.6,190.8,64.56,6.57e-06,2.202e-06,12.3,2.206e-06,140.996,2640000.2,1,7.542,14.8,8.08,0.005022,31.4,63000.4,16400,0.00129
66.44,4692,0.353,0.0407,0.0154,0.74484,50000,0.0252,0.6072,0.4356,0.00378,0.39,0.5064,0.363,0.255,0.2328,9.23,0.07154,0.05512,0.158,0.0637,0.208,0.06302,0.02068,0.1862,43.2,3.156,576.8,12.44,0.002,2.74,221.4,61.54,136.2,167.6,190.8,64.56,6.57e-06,2.202e-06,12.3,2.206e-06,140.996,2640000.2,1,7.542,14.8,8.08,0.005022,31.4,63000.4,16400,0.00129
66.44,4692,0.353,0.0407,0.0154,0.74484,50000,0.0252,0.6072,0.4356,0.00378,0.39,0.5064,0.363,0.255,0.2328,9.23,0.07154,0.05512,0.158,0.0637,0.208,0.06302,0.02068,0.149,43.2,3.156,576.8,12.44,0.002,2.74,221.4,61.54,136.2,167.6,190.8,64.56,6.57e-06,2.202e-06,12.3,2.206e-06,140.996,2640000.2,1,7.542,14.8,8.08,0.005022,31.4,63000.4,16400,0.00129
81.86,4692,0.353,0.0407,0.0154,0.74484,50000,0.0252,0.6072,0.4356,0.00378,0.39,0.5064,0.363,0.255,0.2328,9.23,0.07154,0.05512,0.158,0.0637,0.208,0.06302,0.02068,0.149,43.2,3.156,576.8,12.44,0.002,2.74,221.4,61.54,136.2,167.6,190.8,64.56,6.57e-06,2.202e-06,12.3,2.206e-06,140.996,2640000.2,1,7.542,14.8,8.08,0.005022,31.4,63000.4,16400,0.00129
81.86,4692,0.353,0.0407,0.0154,1.83,50000,0.0252,0.6072,0.4356,0.00378,0.39,0.5064,0.363,0.255,0.2328,9.23,0.07154,0.05512,0.158,0.0637,0.208,0.06302,0.02068,0.149,43.2,3.156,576.8,12.44,0.002,2.74,221.4,61.54,136.2,167.6,190.8,64.56,6.57e-06,2.202e-06,12.3,2.206e-06,140.996,2640000.2,1,7.542,14.8,8.08,0.005022,31.4,63000.4,16400,0.00129
81.86,4692,0.353,0.0407,0.0154,1.83,50000,0.0252,0.6072,0.4356,0.00378,0.39,0.5064,0.363,0.255,0.2328,9.23,0.07154,0.05512,0.158,0.0637,0.208,0.06302,0.02068,0.149,43.2,3.156,576.8,12.44,0.002,2.74,221.4,61.54,136.2,167.6,190.8,57.24,6.57e-06,2.202e-06,12.3,2.206e-06,140.996,2640000.2,1,7.542,14.8,8.08,0.005022,31.4,63000.4,16400,0.00129
81.86,4692,0.353,0.0407,0.0154,1.83,50000,0.0252,0.6072,0.4356,0.00378,0.39,0.5064,0.363,0.255,0.2328,9.23,0.07154,0.05512,0.158,0.0637,0.208,0.06302,0.02068,0.149,43.2,3.156,576.8,12.44,0.002,2.74,221.4,61.54,136.2,167.6,190.8,57.24,6.57e-06,2.202e-06,12.3,2.206e-06,140.996,2640000.2,1,7.542,14.8,8.08,0.005022,31.4,63000.4,18620,0.00129
81.86,4692,0.353,0.0407,0.0154,1.83,50000,0.0252,0.6072,0.4356,0.00378,0.39,0.5706,0.363,0.255,0.2328,9.23,0.07154,0.05512,0.158,0.0637,0.208,0.06302,0.02068,0.149,43.2,3.156,576.8,12.44,0.002,2.74,221.4,61.54,136.2,167.6,190.8,57.24,6.57e-06,2.202e-06,12.3,2.206e-06,140.996,2640000.2,1,7.542,14.8,8.08,0.005022,31.4,63000.4,18620,0.00129
81.86,4692,0.353,0.0407,0.0154,1.83,50000,0.0222,0.6072,0.4356,0.00378,0.39,0.5706,0.363,0.255,0.2328,9.23,0.07154,0.05512,0.158,0.0637,0.208,0.06302,0.02068,0.149,43.2,3.156,576.8,12.44,0.002,2.74,221.4,61.54,136.2,167.6,190.8,57.24,6.57e-06,2.202e-06,12.3,2.206e-06,140.996,2640000.2,1,7.542,14.8,8.08,0.005022,31.4,63000.4,18620,0.00129
81.86,4692,0.353,0.0407,0.0154,1.83,50000,0.0222,0.6072,0.4356,0.00378,0.39,0.5706,0.363,0.255,0.2622,9.23,0.07154,0.05512,0.158,0.0637,0.208,0.06302,0.02068,0.149,43.2,3.156,576.8,12.44,0.002,2.74,221.4,61.54,136.2,167.6,190.8,57.24,6.57e-06,2.202e-06,12.3,2.206e-06,140.996,2640000.2,1,7.542,14.8,8.08,0.005022,31.4,63000.4,18620,0.00129
81.86,4692,0.4418,0.0407,0.0154,1.83,50000,0.0222,0.6072,0.4356,0.00378,0.39,0.5706,0.363,0.255,0.2622,9.23,0.07154,0.05512,0.158,0.0637,0.208,0.06302,0.02068,0.149,43.2,3.156,576.8,12.44,0.002,2.74,221.4,61.54,136.2,167.6,190.8,57.24,6.57e-06,2.202e-06,12.3,2.206e-06,140.996,2640000.2,1,7.542,14.8,8.08,0.005022,31.4,63000.4,18620,0.00129
81.86,4692,0.4418,0.0407,0.0154,1.83,50000,0.0222,0.6072,0.4356,0.00378,0.39,0.5706,0.363,0.255,0.2622,9.23,0.07154,0.05512,0.158,0.0637,0.208,0.06302,0.02068,0.149,89.28,3.156,576.8,12.44,0.002,2.74,221.4,61.54,136.2,167.6,190.8,57.24,6.57e-06,2.202e-06,12.3,2.206e-06,140.996,2640000.2,1,7.542,14.8,8.08,0.005022,31.4,63000.4,18620,0.00129
81.86,4692,0.4418,0.0407,0.0154,1.83,50000,0.0222,0.6072,0.4356,0.00378,0.39,0.5706,0.363,0.255,0.2622,9.23,0.07154,0.05512,0.158,0.0637,0.208,0.06302,0.02068,0.149,89.28,3.156,576.8,12.44,0.002,2.74,221.4,61.54,136.2,167.6,190.8,57.24,6.57e-06,2.202e-06,12.3,2.206e-06,140.996,2640000.2,1,7.542,14.8,1,0.005022,31.4,63000.4,18620,0.00129
81.86,4692,0.4418,0.0407,0.0154,1.83,62600,0.0222,0.6072,0.4356,0.00378,0.39,0.5706,0.363,0.255,0.2622,9.23,0.07154,0.05512,0.158,0.0637,0.208,0.06302,0.02068,0.149,89.28,3.156,576.8,12.44,0.002,2.74,221.4,61.54,136.2,167.6,190.8,57.24,6.57e-06,2.202e-06,12.3,2.206e-06,140.996,2640000.2,1,7.542,14.8,1,0.005022,31.4,63000.4,18620,0.00129
81.86,4692,0.4418,0.0407,0.0154,1.83,62600,0.0222,0.6072,0.4356,0.00378,0.39,0.5706,0.363,0.255,0.2622,9.23,0.07154,0.05512,0.158,0.0637,0.208,0.06302,0.02068,0.149,89.28,3.564,576.8,12.44,0.002,2.74,221.4,61.54,136.2,167.6,190.8,57.24,6.57e-06,2.202e-06,12.3,2.206e-06,140.996,2640000.2,1,7.542,14.8,1,0.005022,31.4,63000.4,18620,0.00129
81.86,4692,0.4418,0.0407,0.01372,1.83,62600,0.0222,0.6072,0.4356,0.00378,0.39,0.5706,0.363,0.255,0.2622,9.23,0.07154,0.05512,0.158,0.0637,0.208,0.06302,0.02068,0.149,89.28,3.564,576.8,12.44,0.002,2.74,221.4,61.54,136.2,167.6,190.8,57.24,6.57e-06,2.202e-06,12.3,2.206e-06,140.996,2640000.2,1,7.542,14.8,1,0.005022,31.4,63000.4,18620,0.00129
81.86,4692,0.4418,0.0407,0.01372,1.83,62600,0.0222,0.6072,0.4356,0.00378,0.39,0.5706,0.363,0.255,0.2622,9.23,0.07154,0.05512,0.158,0.0637,0.208,0.06302,0.02068,0.149,89.28,3.564,576.8,12.44,0.002,2.74,221.4,61.54,136.2,148.4,190.8,57.24,6.57e-06,2.202e-06,12.3,2.206e-06,140.996,2640000.2,1,7.542,14.8,1,0.005022,31.4,63000.4,18620,0.00129
81.86,4692,0.4418,0.0407,0.01372,1.83,62600,0.0222,0.6072,0.4356,0.00378,0.39,0.5706,0.363,0.255,0.2622,9.23,0.07154,0.04888,0.158,0.0637,0.208,0.06302,0.02068,0.149,89.28,3.564,576.8,12.44,0.002,2.74,221.4,61.54,136.2,148.4,190.8,57.24,6.57e-06,2.202e-06,12.3,2.206e-06,140.996,2640000.2,1,7.542,14.8,1,0.005022,31.4,63000.4,18620,0.00129
81.86,4692,0.4418,0.0407,0.01372,1.83,62600,0.0222,0.6072,0.4356,0.00378,0.39,0.5706,0.363,0.255,0.2622,10.472,0.07154,0.04888,0.158,0.0637,0.208,0.06302,0.02068,0.149,89.28,3.564,576.8,12.44,0.002,2.74,221.4,61.54,136.2,148.4,190.8,57.24,6.57e-06,2.202e-06,12.3,2.206e-06,140.996,2640000.2,1,7.542,14.8,1,0.005022,31.4,63000.4,18620,0.00129
81.86,4692,0.4418,0.0407,0.01372,1.83,62600,0.0222,0.5388,0.4356,0.00378,0.39,0.5706,0.363,0.255,0.2622,10.472,0.07154,0.04888,0.158,0.0637,0.208,0.06302,0.02068,0.149,89.28,3.564,576.8,12.44,0.002,2.74,221.4,61.54,136.2,148.4,190.8,57.24,6.57e-06,2.202e-06,12.3,2.206e-06,140.996,2640000.2,1,7.542,14.8,1,0.005022,31.4,63000.4,18620,0.00129
81.86,4692,0.4418,0.0407,0.01372,1.83,62600,0.0222,0.5388,0.4356,0.00378,0.39,0.5706,0.363,0.255,0.2622,10.472,0.07154,0.04888,0.158,0.0715,0.208,0.06302,0.02068,0.149,89.28,3.564,576.8,12.44,0.002,2.74,221.4,61.54,136.2,148.4,190.8,57.24,6.57e-06,2.202e-06,12.3,2.206e-06,140.996,2640000.2,1,7.542,14.8,1,0.005022,31.4,63000.4,18620,0.00129
81.86,4692,0.4418,0.0461,0.01372,1.83,62600,0.0222,0.5388,0.4356,0.00378,0.39,0.5706,0.363,0.255,0.2622,10.472,0.07154,0.04888,0.158,0.0715,0.208,0.06302,0.02068,0.149,89.28,3.564,576.8,12.44,0.002,2.74,221.4,61.54,136.2,148.4,190.8,57.24,6.57e-06,2.202e-06,12.3,2.206e-06,140.996,2640000.2,1,7.542,14.8,1,0.005022,31.4,63000.4,18620,0.00129
81.86,4692,0.4418,0.0461,0.01372,1.83,62600,0.0222,0.5388,0.4356,0.00378,0.39,0.5706,0.363,0.255,0.2622,10.472,0.07154,0.04888,0.158,0.0715,0.208,0.06302,0.02068,0.149,89.28,3.564,576.8,12.44,0.002,2.74,221.4,69.1,136.2,148.4,190.8,57.24,6.57e-06,2.202e-06,12.3,2.206e-06,140.996,2640000.2,1,7.542,14.8,1,0.005022,31.4,63000.4,18620,0.00129
81.86,4692,0.4418,0.0461,0.01372,1.83,62600,0.0222,0.5388,0.4356,0.00378,0.39,0.5706,0.363,0.255,0.2622,10.472,0.07154,0.04888,0.158,0.0715,0.208,0.06302,0.02068,0.149,89.28,3.564,576.8,12.44,0.002,2.74,221.4,69.1,136.2,148.4,190.8,57.24,6.57e-06,2.202e-06,12.3,2.206e-06,140.996,2640000.2,1,7.542,14.8,1,0.005022,31.4,63000.4,18620,0.137916
81.86,5778,0.4418,0.0461,0.01372,1.83,62600,0.0222,0.5388,0.4356,0.00378,0.39,0.5706,0.363,0.255,0.2622,10.472,0.07154,0.04888,0.158,0.0715,0.208,0.06302,0.02068,0.149,89.28,3.564,576.8,12.44,0.002,2.74,221.4,69.1,136.2,148.4,190.8,57.24,6.57e-06,2.202e-06,12.3,2.206e-06,140.996,2640000.2,1,7.542,14.8,1,0.005022,31.4,63000.4,18620,0.137916
81.86,5778,0.4418,0.0461,0.01372,1.83,62600,0.0222,0.5388,0.4356,0.00378,0.39,0.5706,0.363,0.255,0.2622,10.472,0.07154,0.04888,0.158,0.0715,0.208,0.06302,0.02068,0.149,89.28,3.564,576.8,12.44,0.002,2.74,195,69.1,136.2,148.4,190.8,57.24,6.57e-06,2.202e-06,12.3,2.206e-06,140.996,2640000.2,1,7.542,14.8,1,0.005022,31.4,63000.4,18620,0.137916
81.86,5778,0.4418,0.0461,0.01372,1.83,62600,0.0222,0.5388,0.4356,0.00378,0.39,0.5706,0.363,0.255,0.2622,10.472,0.07154,0.04888,0.158,0.0715,0.208,0.06302,0.02068,0.149,89.28,3.564,576.8,10.76,0.002,2.74,195,69.1,136.2,148.4,190.8,57.24,6.57e-06,2.202e-06,12.3,2.206e-06,140.996,2640000.2,1,7.542,14.8,1,0.005022,31.4,63000.4,18620,0.137916
81.86,5778,0.4418,0.0461,0.01372,1.83,62600,0.0222,0.5388,0.4356,0.00378,0.39,0.5706,0.363,0.255,0.2622,10.472,0.07154,0.04888,0.158,0.0715,0.208,0.06302,0.02068,0.149,89.28,3.564,576.8,10.76,0.002,2.74,195,69.1,136.2,148.4,190.8,57.24,6.57e-06,2.202e-06,12.3,2.206e-06,140.996,660000.8,1,7.542,14.8,1,0.005022,31.4,63000.4,18620,0.137916
81.86,5778,0.4418,0.0461,0.01372,1.83,62600,0.0222,0.5388,0.4356,0.00378,0.39,0.5706,0.363,0.255,0.2622,10.472,0.07154,0.04888,0.158,0.0715,0.208,0.0707,0.02068,0.149,89.28,3.564,576.8,10.76,0.002,2.74,195,69.1,136.2,148.4,190.8,57.24,6.57e-06,2.202e-06,12.3,2.206e-06,140.996,660000.8,1,7.542,14.8,1,0.005022,31.4,63000.4,18620,0.137916
81.86,5778,0.4418,0.0461,0.01372,1.83,62600,0.0222,0.5388,0.4356,0.00378,0.39,0.5706,0.363,0.255,0.2622,10.472,0.07154,0.04888,0.158,0.0715,0.208,0.0707,0.02068,0.149,89.28,3.564,576.8,10.76,0.002,2.74,195,69.1,136.2,148.4,190.8,57.24,7.458e-06,2.202e-06,12.3,2.206e-06,140.996,660000.8,1,7.542,14.8,1,0.005022,31.4,63000.4,18620,0.137916
81.86,5778,0.4418,0.0461,0.01372,1.83,62600,0.0222,0.5388,0.4356,0.00378,0.39,0.5706,0.363,0.255,0.2622,10.472,0.07154,0.04888,0.158,0.0715,0.208,0.0707,0.02068,0.149,89.28,3.564,576.8,10.76,0.002,2.74,195,69.1,120,148.4,190.8,57.24,7.458e-06,2.202e-06,12.3,2.206e-06,140.996,660000.8,1,7.542,14.8,1,0.005022,31.4,63000.4,18620,0.137916
81.86,5778,0.4418,0.0461,0.01372,1.83,62600,0.0222,0.5388,0.4356,0.00378,0.39,0.5706,0.363,0.255,0.2622,10.472,0.07154,0.04888,0.158,0.0715,0.208,0.0707,0.02068,0.149,89.28,3.564,576.8,10.76,0.002,2.74,195,69.1,120,148.4,190.8,57.24,7.458e-06,2.202e-06,12.3,2.206e-06,140.996,660000.8,1,7.542,35.5,1,0.005022,31.4,63000.4,18620,0.137916
81.86,5778,0.4418,0.0461,0.01372,1.83,62600,0.0222,0.5388,0.4356,0.00378,0.39,0.5706,0.363,0.255,0.2622,10.472,0.07154,0.04888,0.158,0.0715,0.208,0.0707,0.02068,0.149,89.28,3.564,576.8,10.76,0.002,2.74,195,69.1,120,148.4,190.8,57.24,7.458e-06,2.202e-06,12.3,3.184e-06,140.996,660000.8,1,7.542,35.5,1,0.005022,31.4,63000.4,18620,0.137916
81.86,5778,0.4418,0.0461,0.01372,1.83,62600,0.0222,0.5388,0.4356,0.00378,0.39,0.5706,0.363,0.255,0.2622,10.472,0.07154,0.04888,0.1412,0.0715,0.208,0.0707,0.02068,0.149,89.28,3.564,576.8,10.76,0.002,2.74,195,69.1,120,148.4,190.8,57.24,7.458e-06,2.202e-06,12.3,3.184e-06,140.996,660000.8,1,7.542,35.5,1,0.005022,31.4,63000.4,18620,0.137916
81.86,5778,0.4418,0.0461,0.01372,1.83,62600,0.0222,0.5388,0.4356,0.004284,0.39,0.5706,0.363,0.255,0.2622,10.472,0.07154,0.04888,0.1412,0.0715,0.208,0.0707,0.02068,0.149,89.28,3.564,576.8,10.76,0.002,2.74,195,69.1,120,148.4,190.8,57.24,7.458e-06,2.202e-06,12.3,3.184e-06,140.996,660000.8,1,7.542,35.5,1,0.005022,31.4,63000.4,18620,0.137916
81.86,5778,0.4418,0.0461,0.01372,1.83,62600,0.0222,0.5388,0.384,0.004284,0.39,0.5706,0.363,0.255,0.2622,10.472,0.07154,0.04888,0.1412,0.0715,0.208,0.0707,0.02068,0.149,89.28,3.564,576.8,10.76,0.002,2.74,195,69.1,120,148.4,190.8,57.24,7.458e-06,2.202e-06,12.3,3.184e-06,140.996,660000.8,1,7.542,35.5,1,0.005022,31.4,63000.4,18620,0.137916
81.86,5778,0.4418,0.0461,0.01372,1.83,62600,0.0222,0.5388,0.384,0.004284,0.39,0.5706,0.363,0.255,0.2622,10.472,0.08066,0.04888,0.1412,0.0715,0.208,0.0707,0.02068,0.149,89.28,3.564,576.8,10.76,0.002,2.74,195,69.1,120,148.4,190.8,57.24,7.458e-06,2.202e-06,12.3,3.184e-06,140.996,660000.8,1,7.542,35.5,1,0.005022,31.4,63000.4,18620,0.137916
81.86,5778,0.4418,0.0461,0.01372,1.83,62600,0.0222,0.5388,0.384,0.004284,0.39,0.5706,0.363,0.255,0.2622,10.472,0.08066,0.04888,0.1412,0.0715,0.208,0.0707,0.02332,0.149,89.28,3.564,576.8,10.76,0.002,2.74,195,69.1,120,148.4,190.8,57.24,7.458e-06,2.202e-06,12.3,3.184e-06,140.996,660000.8,1,7.542,35.5,1,0.005022,31.4,63000.4,18620,0.137916
81.86,5778,0.4418,0.0461,0.01372,1.83,62600,0.0222,0.5388,0.384,0.004284,0.39,0.5706,0.411,0.255,0.2622,10.472,0.08066,0.04888,0.1412,0.0715,0.208,0.0707,0.02332,0.149,89.28,3.564,576.8,10.76,0.002,2.74,195,69.1,120,148.4,190.8,57.24,7.458e-06,2.202e-06,12.3,3.184e-06,140.996,660000.8,1,7.542,35.5,1,0.005022,31.4,63000.4,18620,0.137916
81.86,5778,0.4418,0.0461,0.01372,1.83,62600,0.0222,0.5388,0.384,0.004284,0.39,0.5706,0.411,0.255,0.2622,10.472,0.08066,0.04888,0.1412,0.0715,0.208,0.0707,0.02332,0.149,89.28,3.564,2304.2,10.76,0.002,2.74,195,69.1,120,148.4,190.8,57.24,7.458e-06,2.202e-06,12.3,3.184e-06,140.996,660000.8,1,7.542,35.5,1,0.005022,31.4,63000.4,18620,0.137916
81.86,5778,0.4418,0.0461,0.01372,1.83,62600,0.0222,0.5388,0.384,0.004284,0.39,0.5706,0.411,0.255,0.2622,10.472,0.08066,0.04888,0.1412,0.0715,0.208,0.0707,0.02332,0.149,89.28,3.564,2304.2,10.76,0.002,2.74,195,69.1,120,148.4,190.8,57.24,7.458e-06,2.202e-06,12.3,3.184e-06,140.996,660000.8,1,4.89,35.5,1,0.005022,31.4,63000.4,18620,0.137916
81.86,5778,0.4418,0.0461,0.01372,1.83,62600,0.0222,0.5388,0.384,0.004284,0.39,0.5706,0.411,0.255,0.2622,10.472,0.08066,0.04888,0.1412,0.0715,0.208,0.0707,0.02332,0.149,89.28,3.564,2304.2,10.76,0.002,1,195,69.1,120,148.4,190.8,57.24,7.458e-06,2.202e-06,12.3,3.184e-06,140.996,660000.8,1,4.89,35.5,1,0.005022,31.4,63000.4,18620,0.137916
81.86,5778,0.4418,0.0461,0.01372,1.83,62600,0.0222,0.5388,0.384,0.004284,0.39,0.5706,0.411,0.255,0.2622,10.472,0.08066,0.04888,0.1412,0.0715,0.184,0.0707,0.02332,0.149,89.28,3.564,2304.2,10.76,0.002,1,195,69.1,120,148.4,190.8,57.24,7.458e-06,2.202e-06,12.3,3.184e-06,140.996,660000.8,1,4.89,35.5,1,0.005022,31.4,63000.4,18620,0.137916
81.86,5778,0.4418,0.0461,0.01372,1.83,62600,0.0222,0.5388,0.384,0.004284,0.39,0.5706,0.411,0.255,0.2622,10.472,0.08066,0.04888,0.1412,0.0715,0.184,0.0707,0.02332,0.149,89.28,3.564,2304.2,10.76,0.002,1,195,69.1,120,148.4,190.8,57.24,7.458e-06,2.202e-06,12.3,3.184e-06,140.996,660000.8,1,4.89,35.5,1,0.003978,31.4,63000.4,18620,0.137916
81.86,4692,0.4418,0.0443,0.01484,1.46828,71000,0.0242,0.6072,0.384,0.004452,0.422,0.592,0.363,0.2662,0.2426,10.472,0.07458,0.05512,0.1412,0.0637,0.208,0.06302,0.02156,0.211,104.64,3.564,1728.4,12.44,0.0008366,3.32,203.8,61.54,136.2,161.2,176.4,59.68,7.458e-06,1.996e-06,93,3.184e-06,74.988,1,275000,5.774,21.7,10.44,0.004674,31.4,21000.8,18620,0.092374
81.86,4692,0.4418,0.0443,0.01484,1.46828,71000,0.0242,0.6072,0.384,0.004452,0.422,0.592,0.363,0.2662,0.2426,10.472,0.07458,0.05512,0.1412,0.0637,0.208,0.06302,0.02156,0.211,104.64,3.564,1728.4,12.44,0.0008366,3.32,203.8,61.54,136.2,161.2,176.4,59.68,7.458e-06,1.996e-06,93,3.184e-06,74.988,1,275000,5.774,21.7,10.44,0.004674,31.4,21000.8,18620,0.229
81.86,4692,0.4418,0.0443,0.01484,1.46828,71000,0.0242,0.6072,0.384,0.004452,0.374,0.592,0.363,0.2662,0.2426,10.472,0.07458,0.05512,0.1412,0.0637,0.208,0.06302,0.02156,0.211,104.64,3.564,1728.4,12.44,0.0008366,3.32,203.8,61.54,136.2,161.2,176.4,59.68,7.458e-06,1.996e-06,93,3.184e-06,74.988,1,275000,5.774,21.7,10.44,0.004674,31.4,21000.8,18620,0.229
81.86,4692,0.4418,0.0443,0.01484,1.46828,71000,0.0242,0.6072,0.384,0.004452,0.374,0.592,0.411,0.2662,0.2426,10.472,0.07458,0.05512,0.1412,0.0637,0.208,0.06302,0.02156,0.211,104.64,3.564,1728.4,12.44,0.0008366,3.32,203.8,61.54,136.2,161.2,176.4,59.68,7.458e-06,1.996e-06,93,3.184e-06,74.988,1,275000,5.774,21.7,10.44,0.004674,31.4,21000.8,18620,0.229
81.86,4692,0.4418,0.0443,0.01484,1.46828,71000,0.0242,0.6072,0.384,0.004452,0.374,0.592,0.411,0.2662,0.2426,10.472,0.07458,0.05512,0.1412,0.0637,0.208,0.06302,0.02156,0.211,104.64,3.564,1728.4,12.44,0.0008366,3.32,203.8,61.54,136.2,161.2,176.4,59.68,7.458e-06,1.996e-06,93,3.184e-06,74.988,1,275000,5.774,21.7,3.36,0.004674,31.4,21000.8,18620,0.229
81.86,4692,0.4418,0.0443,0.01484,1.46828,71000,0.0242,0.6072,0.384,0.004452,0.374,0.592,0.411,0.2662,0.2426,10.472,0.07458,0.05512,0.1412,0.0637,0.208,0.06302,0.02156,0.211,104.64,3.564,1728.4,12.44,0.0008366,3.32,203.8,61.54,136.2,161.2,176.4,59.68,7.458e-06,1.996e-06,93,3.184e-06,74.988,1,275000,5.774,21.7,3.36,0.004674,62.6,21000.8,18620,0.229
81.86,4692,0.4418,0.0443,0.01484,1.46828,71000,0.0242,0.6072,0.384,0.004452,0.374,0.592,0.411,0.2662,0.2426,10.472,0.07458,0.05512,0.1412,0.0637,0.208,0.06302,0.02156,0.211,104.64,3.564,1728.4,12.44,0.002,3.32,203.8,61.54,136.2,161.2,176.4,59.68,7.458e-06,1.996e-06,93,3.184e-06,74.988,1,275000,5.774,21.7,3.36,0.004674,62.6,21000.8,18620,0.229
81.86,4692,0.4418,0.0497,0.01484,1.46828,71000,0.0242,0.6072,0.384,0.004452,0.374,0.592,0.411,0.2662,0.2426,10.472,0.07458,0.05512,0.1412,0.0637,0.208,0.06302,0.02156,0.211,104.64,3.564,1728.4,12.44,0.002,3.32,203.8,61.54,136.2,161.2,176.4,59.68,7.458e-06,1.996e-06,93,3.184e-06,74.988,1,275000,5.774,21.7,3.36,0.004674,62.6,21000.8,18620,0.229
81.86,4692,0.4418,0.0497,0.01484,1.46828,71000,0.0242,0.6072,0.384,0.004452,0.374,0.592,0.411,0.2662,0.2426,10.472,0.07458,0.05512,0.1412,0.0637,0.208,0.06302,0.02156,0.211,104.64,3.564,1728.4,12.44,0.002,3.32,203.8,61.54,136.2,161.2,176.4,59.68,7.458e-06,1.996e-06,93,3.184e-06,74.988,1,275000,5.774,21.7,3.36,0.004674,62.6,84000.2,18620,0.229
81.86,4692,0.4418,0.0497,0.01484,1.46828,71000,0.0242,0.6072,0.384,0.004452,0.374,0.592,0.411,0.2662,0.2426,10.472,0.07458,0.05512,0.1412,0.0637,0.208,0.06302,0.02156,0.211,104.64,3.564,1728.4,12.44,0.002,3.32,203.8,61.54,136.2,161.2,176.4,59.68,7.458e-06,1.996e-06,93,3.184e-06,74.988,1,275000,5.774,21.7,3.36,0.004674,62.6,84000.2,16400,0.229
81.86,4692,0.4418,0.0497,0.01484,1.46828,71000,0.0242,0.6072,0.384,0.004452,0.374,0.592,0.411,0.2662,0.2426,10.472,0.07458,0.05512,0.1412,0.0637,0.208,0.06302,0.02156,0.211,104.64,3.564,1728.4,12.44,0.002,3.32,203.8,61.54,136.2,161.2,176.4,59.68,7.458e-06,2.614e-06,93,3.184e-06,74.988,1,275000,5.774,21.7,3.36,0.004674,62.6,84000.2,16400,0.229
81.86,4692,0.4418,0.0497,0.01484,1.46828,71000,0.0242,0.6072,0.4356,0.004452,0.374,0.592,0.411,0.2662,0.2426,10.472,0.07458,0.05512,0.1412,0.0637,0.208,0.06302,0.02156,0.211,104.64,3.564,1728.4,12.44,0.002,3.32,203.8,61.54,136.2,161.2,176.4,59.68,7.458e-06,2.614e-06,93,3.184e-06,74.988,1,275000,5.774,21.7,3.36,0.004674,62.6,84000.2,16400,0.229
66.44,4692,0.4418,0.0497,0.01484,1.46828,71000,0.0242,0.6072,0.4356,0.004452,0.374,0.592,0.411,0.2662,0.2426,10.472,0.07458,0.05512,0.1412,0.0637,0.208,0.06302,0.02156,0.211,104.64,3.564,1728.4,12.44,0.002,3.32,203.8,61.54,136.2,161.2,176.4,59.68,7.458e-06,2.614e-06,93,3.184e-06,74.988,1,275000,5.774,21.7,3.36,0.004674,62.6,84000.2,16400,0.229
66.44,4692,0.4418,0.0497,0.01484,1.46828,71000,0.0242,0.6072,0.4356,0.004452,0.374,0.592,0.411,0.2662,0.2426,10.472,0.07458,0.05512,0.1412,0.0637,0.208,0.06302,0.02156,0.211,104.64,3.564,1728.4,12.44,0.002,3.32,203.8,61.54,136.2,161.2,176.4,59.68,7.458e-06,2.614e-06,93,2.206e-06,74.988,1,275000,5.774,21.7,3.36,0.004674,62.6,84000.2,16400,0.229
66.44,4692,0.4418,0.0497,0.01484,1.46828,71000,0.0242,0.6072,0.4356,0.004452,0.374,0.592,0.411,0.2662,0.2426,10.472,0.07458,0.05512,0.1412,0.0637,0.208,0.06302,0.02156,0.211,104.64,3.564,1728.4,12.44,0.002,3.32,203.8,61.54,136.2,161.2,176.4,59.68,7.458e-06,2.614e-06,93,2.206e-06,74.988,1,110000.6,5.774,21.7,3.36,0.004674,62.6,84000.2,16400,0.229
66.44,4692,0.4418,0.0497,0.01484,1.46828,71000,0.0242,0.6072,0.4356,0.004452,0.374,0.592,0.411,0.2662,0.2426,10.472,0.07458,0.05512,0.1412,0.0637,0.184,0.06302,0.02156,0.211,104.64,3.564,1728.4,12.44,0.002,3.32,203.8,61.54,136.2,161.2,176.4,59.68,7.458e-06,2.614e-06,93,2.206e-06,74.988,1,110000.6,5.774,21.7,3.36,0.004674,62.6,84000.2,16400,0.229
66.44,4692,0.4418,0.0497,0.01484,1.46828,71000,0.0242,0.6072,0.4356,0.004452,0.374,0.592,0.411,0.2662,0.2426,10.472,0.07458,0.05512,0.1412,0.0637,0.184,0.0707,0.02156,0.211,104.64,3.564,1728.4,12.44,0.002,3.32,203.8,61.54,136.2,161.2,176.4,59.68,7.458e-06,2.614e-06,93,2.206e-06,74.988,1,110000.6,5.774,21.7,3.36,0.004674,62.6,84000.2,16400,0.229
66.44,4692,0.4418,0.0497,0.01484,1.46828,71000,0.0242,0.6072,0.4356,0.004452,0.374,0.592,0.411,0.2662,0.2426,10.472,0.07458,0.05512,0.158,0.0637,0.184,0.0707,0.02156,0.211,104.64,3.564,1728.4,12.44,0.002,3.32,203.8,61.54,136.2,161.2,176.4,59.68,7.458e-06,2.614e-06,93,2.206e-06,74.988,1,110000.6,5.774,21.7,3.36,0.004674,62.6,84000.2,16400,0.229
66.44,4692,0.4418,0.0497,0.01484,1.46828,71000,0.0272,0.6072,0.4356,0.004452,0.374,0.592,0.411,0.2662,0.2426,10.472,0.07458,0.05512,0.158,0.0637,0.184,0.0707,0.02156,0.211,104.64,3.564,1728.4,12.44,0.002,3.32,203.8,61.54,136.2,161.2,176.4,59.68,7.458e-06,2.614e-06,93,2.206e-06,74.988,1,110000.6,5.774,21.7,3.36,0.004674,62.6,84000.2,16400,0.229
66.44,4692,0.4418,0.0497,0.01484,1.46828,71000,0.0272,0.6072,0.4356,0.004452,0.374,0.592,0.411,0.2662,0.2426,10.472,0.07458,0.05512,0.158,0.0637,0.184,0.0707,0.02156,0.211,104.64,3.564,1728.4,12.44,0.002,3.32,203.8,61.54,136.2,161.2,176.4,59.68,7.458e-06,2.614e-06,93,2.206e-06,174,1,110000.6,5.774,21.7,3.36,0.004674,62.6,84000.2,16400,0.229
66.44,4692,0.4418,0.0497,0.01484,1.46828,71000,0.0272,0.6072,0.4356,0.004452,0.374,0.592,0.411,0.2662,0.2426,10.472,0.07458,0.05512,0.158,0.0637,0.184,0.0707,0.02156,0.211,104.64,3.564,1,12.44,0.002,3.32,203.8,61.54,136.2,161.2,176.4,59.68,7.458e-06,2.614e-06,93,2.206e-06,174,1,110000.6,5.774,21.7,3.36,0.004674,62.6,84000.2,16400,0.229
66.44,4692,0.4418,0.0497,0.01484,1.46828,71000,0.0272,0.6072,0.4356,0.004452,0.374,0.5278,0.411,0.2662,0.2426,10.472,0.07458,0.05512,0.158,0.0637,0.184,0.0707,0.02156,0.211,104.64,3.564,1,12.44,0.002,3.32,203.8,61.54,136.2,161.2,176.4,59.68,7.458e-06,2.614e-06,93,2.206e-06,174,1,110000.6,5.774,21.7,3.36,0.004674,62.6,84000.2,16400,0.229
66.44,5778,0.4418,0.0497,0.01484,1.46828,71000,0.0272,0.6072,0.4356,0.004452,0.374,0.5278,0.411,0.2662,0.2426,10.472,0.07458,0.05512,0.158,0.0637,0.184,0.0707,0.02156,0.211,104.64,3.564,1,12.44,0.002,3.32,203.8,61.54,136.2,161.2,176.4,59.68,7.458e-06,2.614e-06,93,2.206e-06,174,1,110000.6,5.774,21.7,3.36,0.004674,62.6,84000.2,16400,0.229
66.44,5778,0.4418,0.0497,0.01484,1.46828,71000,0.0272,0.6072,0.4356,0.004452,0.374,0.5278,0.411,0.2662,0.2426,10.472,0.07458,0.05512,0.158,0.0637,0.184,0.0707,0.02156,0.211,104.64,3.564,1,12.44,0.002,1.58,203.8,61.54,136.2,161.2,176.4,59.68,7.458e-06,2.614e-06,93,2.206e-06,174,1,110000.6,5.774,21.7,3.36,0.004674,62.6,84000.2,16400,0.229
66.44,5778,0.4418,0.0497,0.01484,1.46828,71000,0.0272,0.6072,0.4356,0.004452,0.374,0.5278,0.411,0.2662,0.2426,9.23,0.07458,0.05512,0.158,0.0637,0.184,0.0707,0.02156,0.211,104.64,3.564,1,12.44,0.002,1.58,203.8,61.54,136.2,161.2,176.4,59.68,7.458e-06,2.614e-06,93,2.206e-06,174,1,110000.6,5.774,21.7,3.36,0.004674,62.6,84000.2,16400,0.229
66.44,5778,0.4418,0.0497,0.01484,1.46828,71000,0.0272,0.6072,0.4356,0.004452,0.374,0.5278,0.411,0.2662,0.2426,9.23,0.07458,0.05512,0.158,0.0637,0.184,0.0707,0.02156,0.211,104.64,3.564,1,12.44,0.002,1.58,203.8,61.54,136.2,161.2,176.4,59.68,7.458e-06,2.614e-06,44.58,2.206e-06,174,1,110000.6,5.774,21.7,3.36,0.004674,62.6,84000.2,16400,0.229
66.44,5778,0.4418,0.0497,0.01484,1.46828,71000,0.0272,0.6072,0.4356,0.003948,0.374,0.5278,0.411,0.2662,0.2426,9.23,0.07458,0.05512,0.158,0.0637,0.184,0.0707,0.02156,0.211,104.64,3.564,1,12.44,0.002,1.58,203.8,61.54,136.2,161.2,176.4,59.68,7.458e-06,2.614e-06,44.58,2.206e-06,174,1,110000.6,5.774,21.7,3.36,0.004674,62.6,84000.2,16400,0.229
66.44,5778,0.353,0.0497,0.01484,1.46828,71000,0.0272,0.6072,0.4356,0.003948,0.374,0.5278,0.411,0.2662,0.2426,9.23,0.07458,0.05512,0.158,0.0637,0.184,0.0707,0.02156,0.211,104.64,3.564,1,12.44,0.002,1.58,203.8,61.54,136.2,161.2,176.4,59.68,7.458e-06,2.614e-06,44.58,2.206e-06,174,1,110000.6,5.774,21.7,3.36,0.004674,62.6,84000.2,16400,0.229
66.44,5778,0.353,0.0497,0.01484,1.46828,71000,0.0272,0.6072,0.4356,0.003948,0.374,0.5278,0.411,0.2662,0.2426,9.23,0.07458,0.05512,0.158,0.0637,0.184,0.0707,0.02156,0.211,104.64,3.564,1,12.44,0.002,1.58,203.8,69.1,136.2,161.2,176.4,59.68,7.458e-06,2.614e-06,44.58,2.206e-06,174,1,110000.6,5.774,21.7,3.36,0.004674,62.6,84000.2,16400,0.229
66.44,5778,0.353,0.0497,0.01484,0.38312,71000,0.0272,0.6072,0.4356,0.003948,0.374,0.5278,0.411,0.2662,0.2426,9.23,0.07458,0.05512,0.158,0.0637,0.184,0.0707,0.02156,0.211,104.64,3.564,1,12.44,0.002,1.58,203.8,69.1,136.2,161.2,176.4,59.68,7.458e-06,2.614e-06,44.58,2.206e-06,174,1,110000.6,5.774,21.7,3.36,0.004674,62.6,84000.2,16400,0.229
66.44,5778,0.353,0.0497,0.01484,0.38312,71000,0.0272,0.6072,0.4356,0.003948,0.374,0.5278,0.411,0.2998,0.2426,9.23,0.07458,0.05512,0.158,0.0637,0.184,0.0707,0.02156,0.211,104.64,3.564,1,12.44,0.002,1.58,203.8,69.1,136.2,161.2,176.4,59.68,7.458e-06,2.614e-06,44.58,2.206e-06,174,1,110000.6,5.774,21.7,3.36,0.004674,62.6,84000.2,16400,0.229
66.44,5778,0.353,0.0497,0.01484,0.38312,71000,0.0272,0.6072,0.4356,0.003948,0.374,0.5278,0.411,0.2998,0.2426,9.23,0.07458,0.05512,0.158,0.0637,0.184,0.0707,0.02156,0.211,104.64,3.564,1,12.44,0.002,1.58,203.8,69.1,136.2,161.2,176.4,59.68,7.458e-06,2.614e-06,44.58,2.206e-06,174,1980000.4,110000.6,5.774,21.7,3.36,0.004674,62.6,84000.2,16400,0.229
66.44,5778,0.353,0.0497,0.01484,0.38312,71000,0.0272,0.6072,0.4356,0.003948,0.374,0.5278,0.411,0.2998,0.2426,9.23,0.07458,0.05512,0.158,0.0715,0.184,0.0707,0.02156,0.211,104.64,3.564,1,12.44,0.002,1.58,203.8,69.1,136.2,161.2,176.4,59.68,7.458e-06,2.614e-06,44.58,2.206e-06,174,1980000.4,110000.6,5.774,21.7,3.36,0.004674,62.6,84000.2,16400,0.229
66.44,5778,0.353,0.0497,0.01484,0.38312,71000,0.0272,0.6072,0.4356,0.003948,0.374,0.5278,0.411,0.2998,0.2426,9.23,0.0837,0.05512,0.158,0.0715,0.184,0.0707,0.02156,0.211,104.64,3.564,1,12.44,0.002,1.58,203.8,69.1,136.2,161.2,176.4,59.68,7.458e-06,2.614e-06,44.58,2.206e-06,174,1980000.4,110000.6,5.774,21.7,3.36,0.004674,62.6,84000.2,16400,0.229
66.44,5778,0.353,0.0497,0.01484,0.38312,71000,0.0272,0.6072,0.4356,0.003948,0.374,0.5278,0.411,0.2998,0.2426,9.23,0.0837,0.04888,0.158,0.0715,0.184,0.0707,0.02156,0.211,104.64,3.564,1,12.44,0.002,1.58,203.8,69.1,136.2,161.2,176.4,59.68,7.458e-06,2.614e-06,44.58,2.206e-06,174,1980000.4,110000.6,5.774,21.7,3.36,0.004674,62.6,84000.2,16400,0.229
66.44,5778,0.353,0.0497,0.01484,0.38312,71000,0.0272,0.6072,0.4356,0.003948,0.374,0.5278,0.411,0.2998,0.2426,9.23,0.0837,0.04888,0.158,0.0715,0.184,0.0707,0.02156,0.211,104.64,3.564,1,12.44,0.002,1.58,203.8,69.1,136.2,142,176.4,59.68,7.458e-06,2.614e-06,44.58,2.206e-06,174,1980000.4,110000.6,5.774,21.7,3.36,0.004674,62.6,84000.2,16400,0.229
66.44,5778,0.353,0.0497,0.01484,0.38312,58400,0.0272,0.6072,0.4356,0.003948,0.374,0.5278,0.411,0.2998,0.2426,9.23,0.0837,0.04888,0.158,0.0715,0.184,0.0707,0.02156,0.211,104.64,3.564,1,12.44,0.002,1.58,203.8,69.1,136.2,142,176.4,59.68,7.458e-06,2.614e-06,44.58,2.206e-06,174,1980000.4,110000.6,5.774,21.7,3.36,0.004674,62.6,84000.2,16400,0.229
66.44,5778,0.353,0.0497,0.01484,0.38312,58400,0.0272,0.6072,0.4356,0.003948,0.374,0.5278,0.411,0.2998,0.2426,9.23,0.0837,0.04888,0.158,0.0715,0.184,0.0707,0.02156,0.1738,104.64,3.564,1,12.44,0.002,1.58,203.8,69.1,136.2,142,176.4,59.68,7.458e-06,2.614e-06,44.58,2.206e-06,174,1980000.4,110000.6,5.774,21.7,3.36,0.004674,62.6,84000.2,16400,0.229
66.44,5778,0.353,0.0497,0.01484,0.38312,58400,0.0272,0.6072,0.4356,0.003948,0.374,0.5278,0.411,0.2998,0.2426,9.23,0.0837,0.04888,0.158,0.0715,0.184,0.0707,0.02156,0.1738,104.64,3.156,1,12.44,0.002,1.58,203.8,69.1,136.2,142,176.4,59.68,7.458e-06,2.614e-06,44.58,2.206e-06,174,1980000.4,110000.6,5.774,21.7,3.36,0.004674,62.6,84000.2,16400,0.229
66.44,5778,0.353,0.0497,0.01316,0.38312,58400,0.0272,0.6072,0.4356,0.003948,0.374,0.5278,0.411,0.2998,0.2426,9.23,0.0837,0.04888,0.158,0.0715,0.184,0.0707,0.02156,0.1738,104.64,3.156,1,12.44,0.002,1.58,203.8,69.1,136.2,142,176.4,59.68,7.458e-06,2.614e-06,44.58,2.206e-06,174,1980000.4,110000.6,5.774,21.7,3.36,0.004674,62.6,84000.2,16400,0.229
66.44,5778,0.353,0.0497,0.01316,0.38312,58400,0.0272,0.6072,0.4356,0.003948,0.374,0.5278,0.411,0.2998,0.2426,9.23,0.0837,0.04888,0.158,0.0715,0.184,0.0707,0.02156,0.1738,104.64,3.156,1,10.76,0.002,1.58,203.8,69.1,136.2,142,176.4,59.68,7.458e-06,2.614e-06,44.58,2.206e-06,174,1980000.4,110000.6,5.774,21.7,3.36,0.004674,62.6,84000.2,16400,0.229
66.44,5778,0.353,0.0497,0.01316,0.38312,58400,0.0272,0.5388,0.4356,0.003948,0.374,0.5278,0.411,0.2998,0.2426,9.23,0.0837,0.04888,0.158,0.0715,0.184,0.0707,0.02156,0.1738,104.64,3.156,1,10.76,0.002,1.58,203.8,69.1,136.2,142,176.4,59.68,7.458e-06,2.614e-06,44.58,2.206e-06,174,1980000.4,110000.6,5.774,21.7,3.36,0.004674,62.6,84000.2,16400,0.229
66.44,5778,0.353,0.0497,0.01316,0.38312,58400,0.0272,0.5388,0.4356,0.003948,0.374,0.5278,0.411,0.2998,0.2426,9.23,0.0837,0.04888,0.158,0.0715,0.184,0.0707,0.02156,0.1738,104.64,3.156,1,10.76,0.002,1.58,203.8,69.1,136.2,142,176.4,59.68,7.458e-06,2.614e-06,44.58,2.206e-06,174,1980000.4,110000.6,5.774,21.7,3.36,0.00363,62.6,84000.2,16400,0.229
66.44,5778,0.353,0.0497,0.01316,0.38312,58400,0.0272,0.5388,0.4356,0.003948,0.374,0.5278,0.411,0.2998,0.2426,9.23,0.0837,0.04888,0.158,0.0715,0.184,0.0707,0.02156,0.1738,104.64,3.156,1,10.76,0.002,1.58,203.8,69.1,136.2,142,198,59.68,7.458e-06,2.614e-06,44.58,2.206e-06,174,1980000.4,110000.6,5.774,21.7,3.36,0.00363,62.6,84000.2,16400,0.229
66.44,5778,0.353,0.0497,0.01316,0.38312,58400,0.0272,0.5388,0.4356,0.003948,0.374,0.5278,0.411,0.2998,0.272,9.23,0.0837,0.04888,0.158,0.0715,0.184,0.0707,0.02156,0.1738,104.64,3.156,1,10.76,0.002,1.58,203.8,69.1,136.2,142,198,59.68,7.458e-06,2.614e-06,44.58,2.206e-06,174,1980000.4,110000.6,5.774,21.7,3.36,0.00363,62.6,84000.2,16400,0.229
66.44,5778,0.353,0.0497,0.01316,0.38312,58400,0.0272,0.5388,0.4356,0.003948,0.374,0.5278,0.411,0.2998,0.272,9.23,0.0837,0.04888,0.158,0.0715,0.184,0.0707,0.0242,0.1738,104.64,3.156,1,10.76,0.002,1.58,203.8,69.1,136.2,142,198,59.68,7.458e-06,2.614e-06,44.58,2.206e-06,174,1980000.4,110000.6,5.774,21.7,3.36,0.00363,62.6,84000.2,16400,0.229
66.44,5778,0.353,0.0497,0.01316,0.38312,58400,0.0272,0.5388,0.4356,0.003948,0.374,0.5278,0.411,0.2998,0.272,9.23,0.0837,0.04888,0.158,0.0715,0.184,0.0707,0.0242,0.1738,104.64,3.156,1,10.76,0.002,1.58,203.8,69.1,136.2,142,198,59.68,7.458e-06,2.614e-06,44.58,2.206e-06,174,1980000.4,110000.6,5.774,1,3.36,0.00363,62.6,84000.2,16400,0.229
66.44,5778,0.353,0.0497,0.01316,0.38312,58400,0.0272,0.5388,0.4356,0.003948,0.374,0.5278,0.411,0.2998,0.272,9.23,0.0837,0.04888,0.158,0.0715,0.184,0.0707,0.0242,0.1738,104.64,3.156,1,10.76,0.002,1.58,203.8,69.1,120,142,198,59.68,7.458e-06,2.614e-06,44.58,2.206e-06,174,1980000.4,110000.6,5.774,1,3.36,0.00363,62.6,84000.2,16400,0.229
66.44,5778,0.353,0.0497,0.01316,0.38312,58400,0.0272,0.5388,0.4356,0.003948,0.374,0.5278,0.411,0.2998,0.272,9.23,0.0837,0.04888,0.158,0.0715,0.184,0.0707,0.0242,0.1738,104.64,3.156,1,10.76,0.002,1.58,230.2,69.1,120,142,198,59.68,7.458e-06,2.614e-06,44.58,2.206e-06,174,1980000.4,110000.6,5.774,1,3.36,0.00363,62.6,84000.2,16400,0.229
66.44,5778,0.353,0.0497,0.01316,0.38312,58400,0.0272,0.5388,0.4356,0.003948,0.374,0.5278,0.411,0.2998,0.272,9.23,0.0837,0.04888,0.158,0.0715,0.184,0.0707,0.0242,0.1738,104.64,3.156,1,10.76,0.002,1.58,230.2,69.1,120,142,198,67,7.458e-06,2.614e-06,44.58,2.206e-06,174,1980000.4,110000.6,5.774,1,3.36,0.00363,62.6,84000.2,16400,0.229
66.44,5778,0.353,0.0497,0.01316,0.38312,58400,0.0272,0.5388,0.4356,0.003948,0.374,0.5278,0.411,0.2998,0.272,9.23,0.0837,0.04888,0.158,0.0715,0.184,0.0707,0.0242,0.1738,104.64,3.156,1,10.76,0.002,1.58,230.2,69.1,120,142,198,67,6.57e-06,2.614e-06,44.58,2.206e-06,174,1980000.4,110000.6,5.774,1,3.36,0.00363,62.6,84000.2,16400,0.229
66.44,5778,0.353,0.0497,0.01316,0.38312,58400,0.0272,0.5388,0.4356,0.003948,0.374,0.5278,0.411,0.2998,0.272,9.23,0.0837,0.04888,0.158,0.0715,0.184,0.0707,0.0242,0.1738,58.56,3.156,1,10.76,0.002,1.58,230.2,69.1,120,142,198,67,6.57e-06,2.614e-06,44.58,2.206e-06,174,1980000.4,110000.6,5.774,1,3.36,0.00363,62.6,84000.2,16400,0.229
66.44,5778,0.353,0.0497,0.01316,0.38312,58400,0.0272,0.5388,0.4356,0.003948,0.374,0.5278,0.411,0.2998,0.272,9.23,0.0837,0.04888,0.158,0.0715,0.184,0.0707,0.0242,0.1738,58.56,3.156,1,10.76,0.002,1.58,230.2,69.1,120,142,198,67,6.57e-06,2.614e-06,44.58,2.206e-06,174,1980000.4,110000.6,8.426,1,3.36,0.00363,62.6,84000.2,16400,0.229
61.3,5416,0.353,0.0443,0.01316,1.83,71000,0.0252,0.516,0.4012,0.004116,0.438,0.5492,0.363,0.2662,0.2328,9.644,0.07458,0.05096,0.1412,0.0689,0.2,0.06046,0.0198,0.1614,43.2,3.292,1728.4,11.32,0.0008366,3.9,212.6,56.5,125.4,148.4,176.4,54.8,7.458e-06,2.82e-06,12.3,2.858e-06,74.988,660000.8,165000.4,9.31,35.5,10.44,0.005022,52.2,42000.6,17880,0.229
61.3,5416,0.353,0.0443,0.01316,1.83,71000,0.0222,0.516,0.4012,0.004116,0.438,0.5492,0.363,0.2662,0.2328,9.644,0.07458,0.05096,0.1412,0.0689,0.2,0.06046,0.0198,0.1614,43.2,3.292,1728.4,11.32,0.0008366,3.9,212.6,56.5,125.4,148.4,176.4,54.8,7.458e-06,2.82e-06,12.3,2.858e-06,74.988,660000.8,165000.4,9.31,35.5,10.44,0.005022,52.2,42000.6,17880,0.229
61.3,5416,0.353,0.0443,0.01316,1.83,71000,0.0222,0.516,0.4012,0.004116,0.438,0.5492,0.363,0.2662,0.2328,9.644,0.07458,0.05096,0.1412,0.0689,0.2,0.06046,0.0198,0.1986,43.2,3.292,1728.4,11.32,0.0008366,3.9,212.6,56.5,125.4,148.4,176.4,54.8,7.458e-06,2.82e-06,12.3,2.858e-06,74.988,660000.8,165000.4,9.31,35.5,10.44,0.005022,52.2,42000.6,17880,0.229
61.3,5416,0.353,0.0443,0.01316,0.74484,71000,0.0222,0.516,0.4012,0.004116,0.438,0.5492,0.363,0.2662,0.2328,9.644,0.07458,0.05096,0.1412,0.0689,0.2,0.06046,0.0198,0.1986,43.2,3.292,1728.4,11.32,0.0008366,3.9,212.6,56.5,125.4,148.4,176.4,54.8,7.458e-06,2.82e-06,12.3,2.858e-06,74.988,660000.8,165000.4,9.31,35.5,10.44,0.005022,52.2,42000.6,17880,0.229
61.3,5416,0.353,0.0443,0.01316,0.74484,71000,0.0222,0.516,0.4012,0.004116,0.438,0.5492,0.363,0.2662,0.2328,9.644,0.0837,0.05096,0.1412,0.0689,0.2,0.06046,0.0198,0.1986,43.2,3.292,1728.4,11.32,0.0008366,3.9,212.6,56.5,125.4,148.4,176.4,54.8,7.458e-06,2.82e-06,12.3,2.858e-06,74.988,660000.8,165000.4,9.31,35.5,10.44,0.005022,52.2,42000.6,17880,0.229
61.3,5416,0.353,0.0443,0.01316,0.74484,71000,0.0222,0.516,0.4012,0.004116,0.438,0.5492,0.363,0.2662,0.2328,9.644,0.0837,0.05096,0.1412,0.0689,0.2,0.06046,0.0198,0.1986,43.2,3.292,1728.4,11.32,0.0008366,3.9,212.6,56.5,125.4,148.4,176.4,54.8,7.458e-06,2.82e-06,12.3,1.88e-06,74.988,660000.8,165000.4,9.31,35.5,10.44,0.005022,52.2,42000.6,17880,0.229
61.3,5416,0.353,0.0443,0.01316,0.74484,71000,0.0222,0.5844,0.4012,0.004116,0.438,0.5492,0.363,0.2662,0.2328,9.644,0.0837,0.05096,0.1412,0.0689,0.2,0.06046,0.0198,0.1986,43.2,3.292,1728.4,11.32,0.0008366,3.9,212.6,56.5,125.4,148.4,176.4,54.8,7.458e-06,2.82e-06,12.3,1.88e-06,74.988,660000.8,165000.4,9.31,35.5,10.44,0.005022,52.2,42000.6,17880,0.229
61.3,5416,0.353,0.0443,0.01316,0.74484,71000,0.0222,0.5844,0.4012,0.004116,0.438,0.5492,0.363,0.2662,0.2328,9.644,0.0837,0.05096,0.1412,0.0689,0.2,0.06046,0.0198,0.1986,43.2,3.292,1728.4,11.32,0.0008366,3.9,212.6,56.5,125.4,148.4,176.4,54.8,7.458e-06,2.82e-06,12.3,1.88e-06,74.988,660000.8,165000.4,9.31,14.8,10.44,0.005022,52.2,42000.6,17880,0.229
61.3,5416,0.353,0.0443,0.01316,0.74484,71000,0.0222,0.5844,0.4012,0.004116,0.438,0.5492,0.363,0.2662,0.2328,9.644,0.0837,0.05096,0.1412,0.0689,0.2,0.06046,0.0198,0.1986,43.2,3.292,1728.4,11.32,0.0008366,3.9,212.6,56.5,125.4,148.4,176.4,54.8,7.458e-06,2.82e-06,12.3,1.88e-06,74.988,660000.8,165000.4,6.658,14.8,10.44,0.005022,52.2,42000.6,17880,0.229
61.3,5416,0.353,0.0443,0.01316,0.74484,71000,0.0222,0.5844,0.4012,0.004116,0.438,0.5492,0.363,0.2662,0.2328,9.644,0.0837,0.05096,0.1412,0.0689,0.2,0.06046,0.0198,0.1986,43.2,3.292,1728.4,11.32,0.0008366,3.9,212.6,56.5,125.4,148.4,176.4,54.8,7.458e-06,2.82e-06,12.3,1.88e-06,74.988,660000.8,165000.4,6.658,14.8,10.44,0.005022,52.2,42000.6,17880,0.092374
76.72,5416,0.353,0.0443,0.01316,0.74484,71000,0.0222,0.5844,0.4012,0.004116,0.438,0.5492,0.363,0.2662,0.2328,9.644,0.0837,0.05096,0.1412,0.0689,0.2,0.06046,0.0198,0.1986,43.2,3.292,1728.4,11.32,0.0008366,3.9,212.6,56.5,125.4,148.4,176.4,54.8,7.458e-06,2.82e-06,12.3,1.88e-06,74.988,660000.8,165000.4,6.658,14.8,10.44,0.005022,52.2,42000.6,17880,0.092374
76.72,5416,0.353,0.0443,0.01316,0.74484,71000,0.0222,0.5844,0.4012,0.004116,0.438,0.5492,0.363,0.2662,0.2328,9.644,0.0837,0.05096,0.1412,0.0689,0.2,0.06046,0.0198,0.1986,43.2,3.292,1728.4,11.32,0.0008366,3.9,212.6,56.5,125.4,148.4,176.4,54.8,7.458e-06,2.82e-06,12.3,1.88e-06,174,660000.8,165000.4,6.658,14.8,10.44,0.005022,52.2,42000.6,17880,0.092374
76.72,5416,0.353,0.0443,0.01316,0.74484,71000,0.0222,0.5844,0.4012,0.004116,0.438,0.5492,0.411,0.2662,0.2328,9.644,0.0837,0.05096,0.1412,0.0689,0.2,0.06046,0.0198,0.1986,43.2,3.292,1728.4,11.32,0.0008366,3.9,212.6,56.5,125.4,148.4,176.4,54.8,7.458e-06,2.82e-06,12.3,1.88e-06,174,660000.8,165000.4,6.658,14.8,10.44,0.005022,52.2,42000.6,17880,0.092374
76.72,5416,0.353,0.0443,0.01316,0.74484,71000,0.0222,0.5844,0.4012,0.004116,0.438,0.5492,0.411,0.2662,0.2328,9.644,0.0837,0.05096,0.1412,0.0689,0.2,0.06814,0.0198,0.1986,43.2,3.292,1728.4,11.32,0.0008366,3.9,212.6,56.5,125.4,148.4,176.4,54.8,7.458e-06,2.82e-06,12.3,1.88e-06,174,660000.8,165000.4,6.658,14.8,10.44,0.005022,52.2,42000.6,17880,0.092374
76.72,5416,0.353,0.0497,0.01316,0.74484,71000,0.0222,0.5844,0.4012,0.004116,0.438,0.5492,0.411,0.2662,0.2328,9.644,0.0837,0.05096,0.1412,0.0689,0.2,0.06814,0.0198,0.1986,43.2,3.292,1728.4,11.32,0.0008366,3.9,212.6,56.5,125.4,148.4,176.4,54.8,7.458e-06,2.82e-06,12.3,1.88e-06,174,660000.8,165000.4,6.658,14.8,10.44,0.005022,52.2,42000.6,17880,0.092374
76.72,5416,0.353,0.0497,0.01316,0.74484,71000,0.0222,0.5844,0.4012,0.004116,0.438,0.5492,0.411,0.2662,0.2328,10.886,0.0837,0.05096,0.1412,0.0689,0.2,0.06814,0.0198,0.1986,43.2,3.292,1728.4,11.32,0.0008366,3.9,212.6,56.5,125.4,148.4,176.4,54.8,7.458e-06,2.82e-06,12.3,1.88e-06,174,660000.8,165000.4,6.658,14.8,10.44,0.005022,52.2,42000.6,17880,0.092374
76.72,5416,0.353,0.0497,0.01316,0.74484,71000,0.0222,0.5844,0.4012,0.004116,0.438,0.5492,0.411,0.2662,0.2328,10.886,0.0837,0.05096,0.158,0.0689,0.2,0.06814,0.0198,0.1986,43.2,3.292,1728.4,11.32,0.0008366,3.9,212.6,56.5,125.4,148.4,176.4,54.8,7.458e-06,2.82e-06,12.3,1.88e-06,174,660000.8,165000.4,6.658,14.8,10.44,0.005022,52.2,42000.6,17880,0.092374
76.72,5416,0.353,0.0497,0.01316,0.74484,71000,0.0222,0.5844,0.4012,0.004116,0.438,0.5492,0.411,0.2662,0.2328,10.886,0.0837,0.05096,0.158,0.0689,0.2,0.06814,0.0198,0.1986,43.2,3.292,1728.4,11.32,0.0008366,3.9,212.6,56.5,125.4,148.4,176.4,54.8,7.458e-06,2.82e-06,12.3,1.88e-06,174,2640000.2,165000.4,6.658,14.8,10.44,0.005022,52.2,42000.6,17880,0.092374
76.72,5416,0.353,0.0497,0.01316,0.74484,71000,0.0222,0.5844,0.4012,0.004116,0.438,0.5492,0.411,0.2662,0.2328,10.886,0.0837,0.05096,0.158,0.0689,0.2,0.06814,0.0198,0.1986,43.2,3.292,1728.4,11.32,0.0008366,3.9,212.6,56.5,141.6,148.4,176.4,54.8,7.458e-06,2.82e-06,12.3,1.88e-06,174,2640000.2,165000.4,6.658,14.8,10.44,0.005022,52.2,42000.6,17880,0.092374
76.72,4330,0.353,0.0497,0.01316,0.74484,71000,0.0222,0.5844,0.4012,0.004116,0.438,0.5492,0.411,0.2662,0.2328,10.886,0.0837,0.05096,0.158,0.0689,0.2,0.06814,0.0198,0.1986,43.2,3.292,1728.4,11.32,0.0008366,3.9,212.6,56.5,141.6,148.4,176.4,54.8,7.458e-06,2.82e-06,12.3,1.88e-06,174,2640000.2,165000.4,6.658,14.8,10.44,0.005022,52.2,42000.6,17880,0.092374
76.72,4330,0.353,0.0497,0.01316,0.74484,71000,0.0222,0.5844,0.4012,0.004116,0.39,0.5492,0.411,0.2662,0.2328,10.886,0.0837,0.05096,0.158,0.0689,0.2,0.06814,0.0198,0.1986,43.2,3.292,1728.4,11.32,0.0008366,3.9,212.6,56.5,141.6,148.4,176.4,54.8,7.458e-06,2.82e-06,12.3,1.88e-06,174,2640000.2,165000.4,6.658,14.8,10.44,0.005022,52.2,42000.6,17880,0.092374
76.72,4330,0.353,0.0497,0.01316,0.74484,71000,0.0222,0.5844,0.4012,0.004116,0.39,0.5492,0.411,0.2662,0.2328,10.886,0.0837,0.05096,0.158,0.0689,0.2,0.06814,0.0198,0.1986,43.2,3.292,1,11.32,0.0008366,3.9,212.6,56.5,141.6,148.4,176.4,54.8,7.458e-06,2.82e-06,12.3,1.88e-06,174,2640000.2,165000.4,6.658,14.8,10.44,0.005022,52.2,42000.6,17880,0.092374
76.72,4330,0.353,0.0497,0.01316,0.74484,71000,0.0222,0.5844,0.4012,0.004116,0.39,0.5492,0.411,0.2662,0.2622,10.886,0.0837,0.05096,0.158,0.0689,0.2,0.06814,0.0198,0.1986,43.2,3.292,1,11.32,0.0008366,3.9,212.6,56.5,141.6,148.4,176.4,54.8,7.458e-06,2.82e-06,12.3,1.88e-06,174,2640000.2,165000.4,6.658,14.8,10.44,0.005022,52.2,42000.6,17880,0.092374
76.72,4330,0.353,0.0497,0.01316,0.74484,71000,0.0222,0.5844,0.4012,0.004116,0.39,0.5492,0.411,0.2662,0.2622,10.886,0.0837,0.0572,0.158,0.0689,0.2,0.06814,0.0198,0.1986,43.2,3.292,1,11.32,0.0008366,3.9,212.6,56.5,141.6,148.4,176.4,54.8,7.458e-06,2.82e-06,12.3,1.88e-06,174,2640000.2,165000.4,6.658,14.8,10.44,0.005022,52.2,42000.6,17880,0.092374
76.72,4330,0.353,0.0497,0.01316,0.74484,71000,0.0222,0.5844,0.4012,0.004116,0.39,0.5492,0.411,0.2662,0.2622,10.886,0.0837,0.0572,0.158,0.0689,0.2,0.06814,0.0198,0.1986,43.2,3.292,1,11.32,0.0008366,2.16,212.6,56.5,141.6,148.4,176.4,54.8,7.458e-06,2.82e-06,12.3,1.88e-06,174,2640000.2,165000.4,6.658,14.8,10.44,0.005022,52.2,42000.6,17880,0.092374
76.72,4330,0.353,0.0497,0.01316,0.74484,71000,0.0222,0.5844,0.4012,0.004116,0.39,0.5492,0.411,0.2662,0.2622,10.886,0.0837,0.0572,0.158,0.0689,0.2,0.06814,0.0198,0.1986,43.2,3.292,1,11.32,0.0008366,2.16,212.6,56.5,141.6,148.4,176.4,54.8,7.458e-06,2.82e-06,12.3,1.88e-06,174,2640000.2,1,6.658,14.8,10.44,0.005022,52.2,42000.6,17880,0.092374
76.72,4330,0.353,0.0497,0.01316,0.74484,71000,0.0222,0.5844,0.4012,0.004116,0.39,0.5492,0.411,0.2662,0.2622,10.886,0.0837,0.0572,0.158,0.0689,0.2,0.06814,0.0198,0.1986,43.2,3.292,1,11.32,0.0008366,2.16,212.6,56.5,141.6,167.6,176.4,54.8,7.458e-06,2.82e-06,12.3,1.88e-06,174,2640000.2,1,6.658,14.8,10.44,0.005022,52.2,42000.6,17880,0.092374
76.72,4330,0.353,0.0497,0.01316,0.74484,71000,0.0222,0.5844,0.4012,0.004116,0.39,0.5492,0.411,0.2662,0.2622,10.886,0.0837,0.0572,0.158,0.0689,0.2,0.06814,0.0198,0.1986,43.2,3.292,1,11.32,0.0008366,2.16,212.6,64.06,141.6,167.6,176.4,54.8,7.458e-06,2.82e-06,12.3,1.88e-06,174,2640000.2,1,6.658,14.8,10.44,0.005022,52.2,42000.6,17880,0.092374
76.72,4330,0.353,0.0497,0.01316,0.74484,71000,0.0222,0.5844,0.4012,0.004116,0.39,0.5492,0.411,0.2662,0.2622,10.886,0.0837,0.0572,0.158,0.0689,0.2,0.06814,0.0198,0.1986,43.2,3.292,1,13,0.0008366,2.16,212.6,64.06,141.6,167.6,176.4,54.8,7.458e-06,2.82e-06,12.3,1.88e-06,174,2640000.2,1,6.658,14.8,10.44,0.005022,52.2,42000.6,17880,0.092374
76.72,4330,0.353,0.0497,0.01316,0.74484,71000,0.0222,0.5844,0.4012,0.004116,0.39,0.5492,0.411,0.2662,0.2622,10.886,0.0837,0.0572,0.158,0.0689,0.2,0.06814,0.0198,0.1986,43.2,3.292,1,13,0.0008366,2.16,212.6,64.06,141.6,167.6,176.4,54.8,7.458e-06,2.82e-06,12.3,1.88e-06,174,2640000.2,1,6.658,14.8,10.44,0.005022,52.2,105000,17880,0.092374
76.72,4330,0.353,0.0497,0.01316,0.74484,71000,0.0222,0.5844,0.4012,0.004116,0.39,0.5492,0.411,0.2662,0.2622,10.886,0.0837,0.0572,0.158,0.0689,0.2,0.06814,0.0198,0.1986,43.2,3.292,1,13,0.0008366,2.16,212.6,64.06,141.6,167.6,198,54.8,7.458e-06,2.82e-06,12.3,1.88e-06,174,2640000.2,1,6.658,14.8,10.44,0.005022,52.2,105000,17880,0.092374
76.72,4330,0.353,0.0497,0.01316,0.74484,71000,0.0222,0.5844,0.4012,0.004116,0.39,0.5492,0.411,0.2662,0.2622,10.886,0.0837,0.0572,0.158,0.0689,0.2,0.06814,0.0198,0.1986,43.2,3.292,1,13,0.0008366,2.16,212.6,64.06,141.6,167.6,198,54.8,7.458e-06,2.202e-06,12.3,1.88e-06,174,2640000.2,1,6.658,14.8,10.44,0.005022,52.2,105000,17880,0.092374
76.72,4330,0.353,0.0497,0.01316,0.74484,71000,0.0222,0.5844,0.4528,0.004116,0.39,0.5492,0.411,0.2662,0.2622,10.886,0.0837,0.0572,0.158,0.0689,0.2,0.06814,0.0198,0.1986,43.2,3.292,1,13,0.0008366,2.16,212.6,64.06,141.6,167.6,198,54.8,7.458e-06,2.202e-06,12.3,1.88e-06,174,2640000.2,1,6.658,14.8,10.44,0.005022,52.2,105000,17880,0.092374
76.72,4330,0.353,0.0497,0.01316,0.74484,71000,0.0222,0.5844,0.4528,0.004116,0.39,0.5492,0.411,0.2662,0.2622,10.886,0.0837,0.0572,0.158,0.0689,0.2,0.06814,0.0198,0.1986,43.2,3.292,1,13,0.0008366,2.16,212.6,64.06,141.6,167.6,198,54.8,7.458e-06,2.202e-06,12.3,1.88e-06,174,2640000.2,1,6.658,14.8,3.36,0.005022,52.2,105000,17880,0.092374
76.72,4330,0.353,0.0497,0.01316,0.74484,71000,0.0222,0.5844,0.4528,0.004116,0.39,0.485,0.411,0.2662,0.2622,10.886,0.0837,0.0572,0.158,0.0689,0.2,0.06814,0.0198,0.1986,43.2,3.292,1,13,0.0008366,2.16,212.6,64.06,141.6,167.6,198,54.8,7.458e-06,2.202e-06,12.3,1.88e-06,174,2640000.2,1,6.658,14.8,3.36,0.005022,52.2,105000,17880,0.092374
76.72,4330,0.353,0.0497,0.01316,0.74484,71000,0.0222,0.5844,0.4528,0.004116,0.39,0.485,0.411,0.2662,0.2622,10.886,0.0837,0.0572,0.158,0.0611,0.2,0.06814,0.0198,0.1986,43.2,3.292,1,13,0.0008366,2.16,212.6,64.06,141.6,167.6,198,54.8,7.458e-06,2.202e-06,12.3,1.88e-06,174,2640000.2,1,6.658,14.8,3.36,0.005022,52.2,105000,17880,0.092374
76.72,4330,0.353,0.0497,0.01316,0.74484,71000,0.0222,0.5844,0.4528,0.004116,0.39,0.485,0.411,0.2662,0.2622,10.886,0.0837,0.0572,0.158,0.0611,0.2,0.06814,0.0198,0.1986,43.2,3.292,1,13,0.0008366,2.16,239,64.06,141.6,167.6,198,54.8,7.458e-06,2.202e-06,12.3,1.88e-06,174,2640000.2,1,6.658,14.8,3.36,0.005022,52.2,105000,17880,0.092374
76.72,4330,0.353,0.0497,0.01316,0.74484,71000,0.0222,0.5844,0.4528,0.004116,0.39,0.485,0.411,0.2662,0.2622,10.886,0.0837,0.0572,0.158,0.0611,0.2,0.06814,0.0198,0.1986,43.2,3.7,1,13,0.0008366,2.16,239,64.06,141.6,167.6,198,54.8,7.458e-06,2.202e-06,12.3,1.88e-06,174,2640000.2,1,6.658,14.8,3.36,0.005022,52.2,105000,17880,0.092374
76.72,4330,0.353,0.0497,0.01316,0.74484,58400,0.0222,0.5844,0.4528,0.004116,0.39,0.485,0.411,0.2662,0.2622,10.886,0.0837,0.0572,0.158,0.0611,0.2,0.06814,0.0198,0.1986,43.2,3.7,1,13,0.0008366,2.16,239,64.06,141.6,167.6,198,54.8,7.458e-06,2.202e-06,12.3,1.88e-06,174,2640000.2,1,6.658,14.8,3.36,0.005022,52.2,105000,17880,0.092374
76.72,4330,0.353,0.0497,0.01316,0.74484,58400,0.0222,0.5844,0.4528,0.004116,0.39,0.485,0.411,0.2662,0.2622,10.886,0.0837,0.0572,0.158,0.0611,0.2,0.06814,0.0198,0.1986,43.2,3.7,1,13,0.0008366,2.16,239,64.06,141.6,167.6,198,54.8,6.57e-06,2.202e-06,12.3,1.88e-06,174,2640000.2,1,6.658,14.8,3.36,0.005022,52.2,105000,17880,0.092374
76.72,4330,0.353,0.0497,0.01316,0.74484,58400,0.0222,0.5844,0.4528,0.004116,0.39,0.485,0.411,0.2662,0.2622,10.886,0.0837,0.0572,0.158,0.0611,0.2,0.06814,0.0198,0.1986,43.2,3.7,1,13,0.0008366,2.16,239,64.06,141.6,167.6,198,54.8,6.57e-06,2.202e-06,12.3,1.88e-06,174,2640000.2,1,6.658,14.8,3.36,0.005022,21,105000,17880,0.092374
76.72,4330,0.353,0.0497,0.01316,0.74484,58400,0.0222,0.5844,0.4528,0.004116,0.39,0.485,0.411,0.2662,0.2622,10.886,0.0837,0.0572,0.158,0.0611,0.2,0.06814,0.0198,0.1986,43.2,3.7,1,13,0.0008366,2.16,239,64.06,141.6,167.6,198,62.12,6.57e-06,2.202e-06,12.3,1.88e-06,174,2640000.2,1,6.658,14.8,3.36,0.005022,21,105000,17880,0.092374
76.72,4330,0.353,0.0497,0.01316,0.74484,58400,0.0222,0.5844,0.4528,0.004116,0.39,0.485,0.411,0.2662,0.2622,10.886,0.0837,0.0572,0.158,0.0611,0.176,0.06814,0.0198,0.1986,43.2,3.7,1,13,0.0008366,2.16,239,64.06,141.6,167.6,198,62.12,6.57e-06,2.202e-06,12.3,1.88e-06,174,2640000.2,1,6.658,14.8,3.36,0.005022,21,105000,17880,0.092374
76.72,4330,0.353,0.0497,0.01316,0.74484,58400,0.0222,0.5844,0.4528,0.004116,0.39,0.485,0.411,0.2662,0.2622,10.886,0.0837,0.0572,0.158,0.0611,0.176,0.06814,0.0198,0.1986,43.2,3.7,1,13,0.002,2.16,239,64.06,141.6,167.6,198,62.12,6.57e-06,2.202e-06,12.3,1.88e-06,174,2640000.2,1,6.658,14.8,3.36,0.005022,21,105000,17880,0.092374
76.72,4330,0.353,0.0497,0.01316,0.74484,58400,0.0222,0.5844,0.4528,0.004116,0.39,0.485,0.411,0.2662,0.2622,10.886,0.0837,0.0572,0.158,0.0611,0.176,0.06814,0.0198,0.1986,43.2,3.7,1,13,0.002,2.16,239,64.06,141.6,167.6,198,62.12,6.57e-06,2.202e-06,60.72,1.88e-06,174,2640000.2,1,6.658,14.8,3.36,0.005022,21,105000,17880,0.092374
76.72,4330,0.353,0.0497,0.01484,0.74484,58400,0.0222,0.5844,0.4528,0.004116,0.39,0.485,0.411,0.2662,0.2622,10.886,0.0837,0.0572,0.158,0.0611,0.176,0.06814,0.0198,0.1986,43.2,3.7,1,13,0.002,2.16,239,64.06,141.6,167.6,198,62.12,6.57e-06,2.202e-06,60.72,1.88e-06,174,2640000.2,1,6.658,14.8,3.36,0.005022,21,105000,17880,0.092374
76.72,4330,0.353,0.0497,0.01484,0.74484,58400,0.0222,0.5844,0.4528,0.004116,0.39,0.485,0.411,0.2662,0.2622,10.886,0.0837,0.0572,0.158,0.0611,0.176,0.06814,0.0198,0.1986,89.28,3.7,1,13,0.002,2.16,239,64.06,141.6,167.6,198,62.12,6.57e-06,2.202e-06,60.72,1.88e-06,174,2640000.2,1,6.658,14.8,3.36,0.005022,21,105000,17880,0.092374
76.72,4330,0.353,0.0497,0.01484,0.74484,58400,0.0222,0.5844,0.4528,0.00462,0.39,0.485,0.411,0.2662,0.2622,10.886,0.0837,0.0572,0.158,0.0611,0.176,0.06814,0.0198,0.1986,89.28,3.7,1,13,0.002,2.16,239,64.06,141.6,167.6,198,62.12,6.57e-06,2.202e-06,60.72,1.88e-06,174,2640000.2,1,6.658,14.8,3.36,0.005022,21,105000,17880,0.092374
76.72,4330,0.353,0.0497,0.01484,0.74484,58400,0.0222,0.5844,0.4528,0.00462,0.39,0.485,0.411,0.2662,0.2622,10.886,0.0837,0.0572,0.158,0.0611,0.176,0.06814,0.02244,0.1986,89.28,3.7,1,13,0.002,2.16,239,64.06,141.6,167.6,198,62.12,6.57e-06,2.202e-06,60.72,1.88e-06,174,2640000.2,1,6.658,14.8,3.36,0.005022,21,105000,17880,0.092374
76.72,4330,0.353,0.0497,0.01484,0.74484,58400,0.0222,0.5844,0.4528,0.00462,0.39,0.485,0.411,0.2662,0.2622,10.886,0.0837,0.0572,0.158,0.0611,0.176,0.06814,0.02244,0.1986,89.28,3.7,1,13,0.002,2.16,239,64.06,141.6,167.6,198,62.12,6.57e-06,2.202e-06,60.72,1.88e-06,174,2640000.2,1,6.658,14.8,3.36,0.003978,21,105000,17880,0.092374
76.72,4330,0.353,0.0497,0.01484,0.74484,58400,0.0222,0.5844,0.4528,0.00462,0.39,0.485,0.411,0.2662,0.2622,10.886,0.0837,0.0572,0.158,0.0611,0.176,0.06814,0.02244,0.1986,89.28,3.7,1,13,0.002,2.16,239,64.06,141.6,167.6,198,62.12,6.57e-06,2.202e-06,60.72,1.88e-06,174,2640000.2,1,6.658,14.8,3.36,0.003978,21,105000,20100,0.092374
76.72,4330,0.353,0.0497,0.01484,0.74484,58400,0.0222,0.5844,0.4528,0.00462,0.39,0.485,0.411,0.2998,0.2622,10.886,0.0837,0.0572,0.158,0.0611,0.176,0.06814,0.02244,0.1986,89.28,3.7,1,13,0.002,2.16,239,64.06,141.6,167.6,198,62.12,6.57e-06,2.202e-06,60.72,1.88e-06,174,2640000.2,1,6.658,14.8,3.36,0.003978,21,105000,20100,0.092374
76.72,4330,0.4418,0.0497,0.01484,0.74484,58400,0.0222,0.5844,0.4528,0.00462,0.39,0.485,0.411,0.2998,0.2622,10.886,0.0837,0.0572,0.158,0.0611,0.176,0.06814,0.02244,0.1986,89.28,3.7,1,13,0.002,2.16,239,64.06,141.6,167.6,198,62.12,6.57e-06,2.202e-06,60.72,1.88e-06,174,2640000.2,1,6.658,14.8,3.36,0.003978,21,105000,20100,0.092374
61.3,4330,0.3826,0.0497,0.01372,1.46828,71000,0.0222,0.516,0.4184,0.004116,0.358,0.5278,0.363,0.2662,0.2524,9.23,0.07154,0.0572,0.1468,0.0715,0.192,0.0707,0.0242,0.1862,89.28,3.292,576.8,11.88,0.0016122,3.9,239,56.5,125.4,148.4,169.2,59.68,8.05e-06,1.996e-06,12.3,2.858e-06,41.984,3300000,275000,6.658,28.6,8.08,0.005022,52.2,84000.2,17880,0.00129
61.3,4330,0.3826,0.0497,0.01372,1.46828,71000,0.0222,0.516,0.4184,0.004116,0.358,0.5278,0.363,0.2662,0.2524,9.23,0.07154,0.0572,0.1468,0.0715,0.192,0.0707,0.0242,0.1862,89.28,3.292,576.8,11.88,0.0016122,3.9,239,56.5,125.4,148.4,169.2,59.68,8.05e-06,2.614e-06,12.3,2.858e-06,41.984,3300000,275000,6.658,28.6,8.08,0.005022,52.2,84000.2,17880,0.00129
61.3,4330,0.3826,0.0497,0.01372,1.46828,71000,0.0252,0.516,0.4184,0.004116,0.358,0.5278,0.363,0.2662,0.2524,9.23,0.07154,0.0572,0.1468,0.0715,0.192,0.0707,0.0242,0.1862,89.28,3.292,576.8,11.88,0.0016122,3.9,239,56.5,125.4,148.4,169.2,59.68,8.05e-06,2.614e-06,12.3,2.858e-06,41.984,3300000,275000,6.658,28.6,8.08,0.005022,52.2,84000.2,17880,0.00129
61.3,4330,0.4714,0.0497,0.01372,1.46828,71000,0.0252,0.516,0.4184,0.004116,0.358,0.5278,0.363,0.2662,0.2524,9.23,0.07154,0.0572,0.1468,0.0715,0.192,0.0707,0.0242,0.1862,89.28,3.292,576.8,11.88,0.0016122,3.9,239,56.5,125.4,148.4,169.2,59.68,8.05e-06,2.614e-06,12.3,2.858e-06,41.984,3300000,275000,6.658,28.6,8.08,0.005022,52.2,84000.2,17880,0.00129
61.3,4330,0.4714,0.0497,0.01372,1.46828,71000,0.0252,0.516,0.4184,0.004116,0.358,0.5278,0.363,0.2662,0.2524,9.23,0.07154,0.0572,0.1468,0.0715,0.192,0.06302,0.0242,0.1862,89.28,3.292,576.8,11.88,0.0016122,3.9,239,56.5,125.4,148.4,169.2,59.68,8.05e-06,2.614e-06,12.3,2.858e-06,41.984,3300000,275000,6.658,28.6,8.08,0.005022,52.2,84000.2,17880,0.00129
61.3,4330,0.4714,0.0497,0.01372,1.46828,71000,0.0252,0.516,0.4184,0.004116,0.358,0.5278,0.363,0.2662,0.2524,9.23,0.07154,0.0572,0.1468,0.0715,0.192,0.06302,0.0242,0.1862,89.28,3.292,576.8,11.88,0.0016122,3.9,239,56.5,125.4,148.4,169.2,59.68,8.05e-06,2.614e-06,12.3,2.858e-06,41.984,3300000,275000,6.658,7.9,8.08,0.005022,52.2,84000.2,17880,0.00129
61.3,4330,0.4714,0.0497,0.01372,1.46828,71000,0.0252,0.516,0.4184,0.004116,0.358,0.5278,0.363,0.2662,0.2524,9.23,0.07154,0.0572,0.1468,0.0715,0.192,0.06302,0.0242,0.1862,89.28,3.292,576.8,11.88,0.0016122,3.9,239,56.5,125.4,148.4,169.2,59.68,8.05e-06,2.614e-06,12.3,1.88e-06,41.984,3300000,275000,6.658,7.9,8.08,0.005022,52.2,84000.2,17880,0.00129
61.3,4330,0.4714,0.0497,0.01372,1.46828,71000,0.0252,0.516,0.4184,0.004116,0.358,0.5278,0.363,0.2662,0.2524,9.23,0.07154,0.0572,0.1468,0.0715,0.192,0.06302,0.0242,0.1862,89.28,3.292,576.8,11.88,0.0016122,3.9,239,56.5,125.4,148.4,169.2,59.68,8.05e-06,2.614e-06,12.3,1.88e-06,41.984,3300000,275000,6.658,7.9,8.08,0.005022,52.2,21000.8,17880,0.00129
61.3,4330,0.4714,0.0497,0.01372,1.46828,58400,0.0252,0.516,0.4184,0.004116,0.358,0.5278,0.363,0.2662,0.2524,9.23,0.07154,0.0572,0.1468,0.0715,0.192,0.06302,0.0242,0.1862,89.28,3.292,576.8,11.88,0.0016122,3.9,239,56.5,125.4,148.4,169.2,59.68,8.05e-06,2.614e-06,12.3,1.88e-06,41.984,3300000,275000,6.658,7.9,8.08,0.005022,52.2,21000.8,17880,0.00129
61.3,4330,0.4714,0.0497,0.01372,1.46828,58400,0.0252,0.516,0.4184,0.004116,0.358,0.5278,0.363,0.2662,0.2524,9.23,0.07154,0.0572,0.1468,0.0715,0.192,0.06302,0.0242,0.1862,89.28,3.292,576.8,11.88,0.0016122,3.9,239,64.06,125.4,148.4,169.2,59.68,8.05e-06,2.614e-06,12.3,1.88e-06,41.984,3300000,275000,6.658,7.9,8.08,0.005022,52.2,21000.8,17880,0.00129
61.3,4330,0.4714,0.0497,0.01372,1.46828,58400,0.0252,0.516,0.4184,0.004116,0.358,0.5278,0.363,0.2662,0.2524,9.23,0.07154,0.0572,0.1468,0.0715,0.192,0.06302,0.0242,0.1862,89.28,3.292,576.8,11.88,0.0016122,3.9,239,64.06,125.4,148.4,169.2,59.68,8.05e-06,2.614e-06,12.3,1.88e-06,140.996,3300000,275000,6.658,7.9,8.08,0.005022,52.2,21000.8,17880,0.00129
61.3,4330,0.4714,0.0497,0.01372,1.46828,58400,0.0252,0.516,0.4184,0.004116,0.358,0.5278,0.363,0.2662,0.2524,9.23,0.07154,0.0572,0.1468,0.0715,0.192,0.06302,0.0242,0.1862,89.28,3.292,576.8,11.88,0.0016122,3.9,239,64.06,125.4,148.4,169.2,67,8.05e-06,2.614e-06,12.3,1.88e-06,140.996,3300000,275000,6.658,7.9,8.08,0.005022,52.2,21000.8,17880,0.00129
61.3,4330,0.4714,0.0443,0.01372,1.46828,58400,0.0252,0.516,0.4184,0.004116,0.358,0.5278,0.363,0.2662,0.2524,9.23,0.07154,0.0572,0.1468,0.0715,0.192,0.06302,0.0242,0.1862,89.28,3.292,576.8,11.88,0.0016122,3.9,239,64.06,125.4,148.4,169.2,67,8.05e-06,2.614e-06,12.3,1.88e-06,140.996,3300000,275000,6.658,7.9,8.08,0.005022,52.2,21000.8,17880,0.00129
61.3,4330,0.4714,0.0443,0.01372,1.46828,58400,0.0252,0.516,0.4184,0.004116,0.358,0.5278,0.363,0.2662,0.2524,9.23,0.07154,0.05096,0.1468,0.0715,0.192,0.06302,0.0242,0.1862,89.28,3.292,576.8,11.88,0.0016122,3.9,239,64.06,125.4,148.4,169.2,67,8.05e-06,2.614e-06,12.3,1.88e-06,140.996,3300000,275000,6.658,7.9,8.08,0.005022,52.2,21000.8,17880,0.00129
61.3,4330,0.4714,0.0443,0.01372,1.46828,58400,0.0252,0.516,0.4184,0.004116,0.358,0.5278,0.363,0.2662,0.2524,9.23,0.07154,0.05096,0.1468,0.0715,0.192,0.06302,0.0242,0.1862,89.28,3.292,576.8,11.88,0.0004488,3.9,239,64.06,125.4,148.4,169.2,67,8.05e-06,2.614e-06,12.3,1.88e-06,140.996,3300000,275000,6.658,7.9,8.08,0.005022,52.2,21000.8,17880,0.00129
61.3,4330,0.4714,0.0443,0.01372,1.46828,58400,0.0252,0.516,0.4184,0.004116,0.358,0.5278,0.363,0.2662,0.2524,9.23,0.07154,0.05096,0.1468,0.0715,0.216,0.06302,0.0242,0.1862,89.28,3.292,576.8,11.88,0.0004488,3.9,239,64.06,125.4,148.4,169.2,67,8.05e-06,2.614e-06,12.3,1.88e-06,140.996,3300000,275000,6.658,7.9,8.08,0.005022,52.2,21000.8,17880,0.00129
61.3,4330,0.4714,0.0443,0.01372,1.46828,58400,0.0252,0.516,0.4184,0.004116,0.358,0.5278,0.363,0.2662,0.2524,9.23,0.07154,0.05096,0.1468,0.0715,0.216,0.06302,0.0242,0.1862,89.28,3.292,576.8,11.88,0.0004488,2.16,239,64.06,125.4,148.4,169.2,67,8.05e-06,2.614e-06,12.3,1.88e-06,140.996,3300000,275000,6.658,7.9,8.08,0.005022,52.2,21000.8,17880,0.00129
61.3,4330,0.4714,0.0443,0.01372,1.46828,58400,0.0252,0.516,0.4184,0.004116,0.358,0.5278,0.363,0.2662,0.2524,9.23,0.07154,0.05096,0.1468,0.0715,0.216,0.06302,0.0242,0.1862,89.28,3.292,576.8,11.88,0.0004488,2.16,239,64.06,125.4,148.4,190.8,67,8.05e-06,2.614e-06,12.3,1.88e-06,140.996,3300000,275000,6.658,7.9,8.08,0.005022,52.2,21000.8,17880,0.00129
61.3,4330,0.4714,0.0443,0.01372,1.46828,58400,0.0252,0.516,0.4184,0.004116,0.358,0.5278,0.363,0.2662,0.2524,9.23,0.07154,0.05096,0.1468,0.0715,0.216,0.06302,0.0242,0.1862,89.28,3.292,2304.2,11.88,0.0004488,2.16,239,64.06,125.4,148.4,190.8,67,8.05e-06,2.614e-06,12.3,1.88e-06,140.996,3300000,275000,6.658,7.9,8.08,0.005022,52.2,21000.8,17880,0.00129
61.3,4330,0.4714,0.0443,0.01372,1.46828,58400,0.0252,0.516,0.4184,0.004116,0.358,0.5278,0.363,0.2662,0.223,9.23,0.07154,0.05096,0.1468,0.0715,0.216,0.06302,0.0242,0.1862,89.28,3.292,2304.2,11.88,0.0004488,2.16,239,64.06,125.4,148.4,190.8,67,8.05e-06,2.614e-06,12.3,1.88e-06,140.996,3300000,275000,6.658,7.9,8.08,0.005022,52.2,21000.8,17880,0.00129
61.3,4330,0.4714,0.0443,0.01372,1.46828,58400,0.0252,0.516,0.4184,0.004116,0.358,0.592,0.363,0.2662,0.223,9.23,0.07154,0.05096,0.1468,0.0715,0.216,0.06302,0.0242,0.1862,89.28,3.292,2304.2,11.88,0.0004488,2.16,239,64.06,125.4,148.4,190.8,67,8.05e-06,2.614e-06,12.3,1.88e-06,140.996,3300000,275000,6.658,7.9,8.08,0.005022,52.2,21000.8,17880,0.00129
61.3,4330,0.4714,0.0443,0.01372,1.46828,58400,0.0252,0.516,0.4184,0.004116,0.358,0.592,0.363,0.2662,0.223,9.23,0.07154,0.05096,0.1468,0.0715,0.216,0.06302,0.0242,0.1862,89.28,3.292,2304.2,11.88,0.0004488,2.16,239,64.06,125.4,148.4,190.8,67,8.05e-06,2.614e-06,12.3,1.88e-06,140.996,3300000,110000.6,6.658,7.9,8.08,0.005022,52.2,21000.8,17880,0.00129
61.3,4330,0.4714,0.0443,0.01372,1.46828,58400,0.0252,0.516,0.4184,0.004116,0.358,0.592,0.363,0.2662,0.223,9.23,0.07154,0.05096,0.1468,0.0715,0.216,0.06302,0.0242,0.1862,89.28,3.292,2304.2,11.88,0.0004488,2.16,239,64.06,125.4,148.4,190.8,67,7.162e-06,2.614e-06,12.3,1.88e-06,140.996,3300000,110000.6,6.658,7.9,8.08,0.005022,52.2,21000.8,17880,0.00129
61.3,4330,0.4714,0.0443,0.01372,1.46828,58400,0.0252,0.516,0.4184,0.004116,0.358,0.592,0.363,0.2662,0.223,9.23,0.07154,0.05096,0.1468,0.0715,0.216,0.06302,0.02156,0.1862,89.28,3.292,2304.2,11.88,0.0004488,2.16,239,64.06,125.4,148.4,190.8,67,7.162e-06,2.614e-06,12.3,1.88e-06,140.996,3300000,110000.6,6.658,7.9,8.08,0.005022,52.2,21000.8,17880,0.00129
61.3,4330,0.4714,0.0443,0.01372,1.46828,58400,0.0252,0.516,0.4184,0.004116,0.358,0.592,0.363,0.2662,0.223,9.23,0.07154,0.05096,0.1468,0.0715,0.216,0.06302,0.02156,0.1862,89.28,3.292,2304.2,11.88,0.0004488,2.16,239,64.06,125.4,167.6,190.8,67,7.162e-06,2.614e-06,12.3,1.88e-06,140.996,3300000,110000.6,6.658,7.9,8.08,0.005022,52.2,21000.8,17880,0.00129
61.3,4330,0.4714,0.0443,0.01372,1.46828,58400,0.0252,0.516,0.4184,0.004116,0.358,0.592,0.363,0.2998,0.223,9.23,0.07154,0.05096,0.1468,0.0715,0.216,0.06302,0.02156,0.1862,89.28,3.292,2304.2,11.88,0.0004488,2.16,239,64.06,125.4,167.6,190.8,67,7.162e-06,2.614e-06,12.3,1.88e-06,140.996,3300000,110000.6,6.658,7.9,8.08,0.005022,52.2,21000.8,17880,0.00129
61.3,4330,0.4714,0.0443,0.01372,1.46828,58400,0.0252,0.516,0.47,0.004116,0.358,0.592,0.363,0.2998,0.223,9.23,0.07154,0.05096,0.1468,0.0715,0.216,0.06302,0.02156,0.1862,89.28,3.292,2304.2,11.88,0.0004488,2.16,239,64.06,125.4,167.6,190.8,67,7.162e-06,2.614e-06,12.3,1.88e-06,140.996,3300000,110000.6,6.658,7.9,8.08,0.005022,52.2,21000.8,17880,0.00129
61.3,5416,0.4714,0.0443,0.01372,1.46828,58400,0.0252,0.516,0.47,0.004116,0.358,0.592,0.363,0.2998,0.223,9.23,0.07154,0.05096,0.1468,0.0715,0.216,0.06302,0.02156,0.1862,89.28,3.292,2304.2,11.88,0.0004488,2.16,239,64.06,125.4,167.6,190.8,67,7.162e-06,2.614e-06,12.3,1.88e-06,140.996,3300000,110000.6,6.658,7.9,8.08,0.005022,52.2,21000.8,17880,0.00129
61.3,5416,0.4714,0.0443,0.01372,1.46828,58400,0.0252,0.516,0.47,0.004116,0.358,0.592,0.363,0.2998,0.223,9.23,0.07154,0.05096,0.1468,0.0715,0.216,0.06302,0.02156,0.1862,89.28,3.292,2304.2,11.88,0.0004488,2.16,239,64.06,125.4,167.6,190.8,67,7.162e-06,2.614e-06,12.3,1.88e-06,140.996,3300000,110000.6,6.658,7.9,8.08,0.005022,52.2,21000.8,20100,0.00129
61.3,5416,0.4714,0.0443,0.01372,1.46828,58400,0.0252,0.516,0.47,0.004116,0.358,0.592,0.363,0.2998,0.223,9.23,0.07154,0.05096,0.1468,0.0715,0.216,0.06302,0.02156,0.1862,89.28,3.292,2304.2,10.2,0.0004488,2.16,239,64.06,125.4,167.6,190.8,67,7.162e-06,2.614e-06,12.3,1.88e-06,140.996,3300000,110000.6,6.658,7.9,8.08,0.005022,52.2,21000.8,20100,0.00129
61.3,5416,0.4714,0.0443,0.01372,1.46828,58400,0.0252,0.516,0.47,0.004116,0.358,0.592,0.363,0.2998,0.223,9.23,0.07154,0.05096,0.1468,0.0715,0.216,0.06302,0.02156,0.1862,89.28,3.7,2304.2,10.2,0.0004488,2.16,239,64.06,125.4,167.6,190.8,67,7.162e-06,2.614e-06,12.3,1.88e-06,140.996,3300000,110000.6,6.658,7.9,8.08,0.005022,52.2,21000.8,20100,0.00129
61.3,5416,0.4714,0.0443,0.01372,1.46828,58400,0.0252,0.516,0.47,0.004116,0.358,0.592,0.363,0.2998,0.223,9.23,0.07154,0.05096,0.1468,0.0637,0.216,0.06302,0.02156,0.1862,89.28,3.7,2304.2,10.2,0.0004488,2.16,239,64.06,125.4,167.6,190.8,67,7.162e-06,2.614e-06,12.3,1.88e-06,140.996,3300000,110000.6,6.658,7.9,8.08,0.005022,52.2,21000.8,20100,0.00129
61.3,5416,0.4714,0.0443,0.01372,1.46828,58400,0.0252,0.516,0.47,0.004116,0.358,0.592,0.363,0.2998,0.223,9.23,0.07154,0.05096,0.13,0.0637,0.216,0.06302,0.02156,0.1862,89.28,3.7,2304.2,10.2,0.0004488,2.16,239,64.06,125.4,167.6,190.8,67,7.162e-06,2.614e-06,12.3,1.88e-06,140.996,3300000,110000.6,6.658,7.9,8.08,0.005022,52.2,21000.8,20100,0.00129
61.3,5416,0.4714,0.0443,0.01372,1.46828,58400,0.0252,0.516,0.47,0.004116,0.358,0.592,0.363,0.2998,0.223,9.23,0.07154,0.05096,0.13,0.0637,0.216,0.06302,0.02156,0.1862,89.28,3.7,2304.2,10.2,0.0004488,2.16,239,64.06,125.4,167.6,190.8,67,7.162e-06,2.614e-06,12.3,1.88e-06,140.996,1320000.6,110000.6,6.658,7.9,8.08,0.005022,52.2,21000.8,20100,0.00129
61.3,5416,0.4714,0.0443,0.01372,1.46828,58400,0.0252,0.516,0.47,0.004116,0.358,0.592,0.363,0.2998,0.223,9.23,0.07154,0.05096,0.13,0.0637,0.216,0.06302,0.02156,0.1862,89.28,3.7,2304.2,10.2,0.0004488,2.16,239,64.06,125.4,167.6,190.8,67,7.162e-06,2.614e-06,12.3,1.88e-06,140.996,1320000.6,110000.6,9.31,7.9,8.08,0.005022,52.2,21000.8,20100,0.00129
61.3,5416,0.4714,0.0443,0.01372,1.46828,58400,0.0252,0.516,0.47,0.004116,0.358,0.592,0.363,0.2998,0.223,9.23,0.07154,0.05096,0.13,0.0637,0.216,0.06302,0.02156,0.149,89.28,3.7,2304.2,10.2,0.0004488,2.16,239,64.06,125.4,167.6,190.8,67,7.162e-06,2.614e-06,12.3,1.88e-06,140.996,1320000.6,110000.6,9.31,7.9,8.08,0.005022,52.2,21000.8,20100,0.00129
61.3,5416,0.4714,0.0443,0.01372,1.46828,58400,0.0252,0.516,0.47,0.004116,0.358,0.592,0.411,0.2998,0.223,9.23,0.07154,0.05096,0.13,0.0637,0.216,0.06302,0.02156,0.149,89.28,3.7,2304.2,10.2,0.0004488,2.16,239,64.06,125.4,167.6,190.8,67,7.162e-06,2.614e-06,12.3,1.88e-06,140.996,1320000.6,110000.6,9.31,7.9,8.08,0.005022,52.2,21000.8,20100,0.00129
61.3,5416,0.4714,0.0443,0.01372,0.38312,58400,0.0252,0.516,0.47,0.004116,0.358,0.592,0.411,0.2998,0.223,9.23,0.07154,0.05096,0.13,0.0637,0.216,0.06302,0.02156,0.149,89.28,3.7,2304.2,10.2,0.0004488,2.16,239,64.06,125.4,167.6,190.8,67,7.162e-06,2.614e-06,12.3,1.88e-06,140.996,1320000.6,110000.6,9.31,7.9,8.08,0.005022,52.2,21000.8,20100,0.00129
61.3,5416,0.4714,0.0443,0.01372,0.38312,58400,0.0252,0.516,0.47,0.004116,0.406,0.592,0.411,0.2998,0.223,9.23,0.07154,0.05096,0.13,0.0637,0.216,0.06302,0.02156,0.149,89.28,3.7,2304.2,10.2,0.0004488,2.16,239,64.06,125.4,167.6,190.8,67,7.162e-06,2.614e-06,12.3,1.88e-06,140.996,1320000.6,110000.6,9.31,7.9,8.08,0.005022,52.2,21000.8,20100,0.00129
76.72,5416,0.4714,0.0443,0.01372,0.38312,58400,0.0252,0.516,0.47,0.004116,0.406,0.592,0.411,0.2998,0.223,9.23,0.07154,0.05096,0.13,0.0637,0.216,0.06302,0.02156,0.149,89.28,3.7,2304.2,10.2,0.0004488,2.16,239,64.06,125.4,167.6,190.8,67,7.162e-06,2.614e-06,12.3,1.88e-06,140.996,1320000.6,110000.6,9.31,7.9,8.08,0.005022,52.2,21000.8,20100,0.00129
76.72,5416,0.4714,0.0443,0.01372,0.38312,58400,0.0252,0.516,0.47,0.004116,0.406,0.592,0.411,0.2998,0.223,9.23,0.07154,0.05096,0.13,0.0637,0.216,0.06302,0.02156,0.149,89.28,3.7,2304.2,10.2,0.0004488,2.16,239,64.06,125.4,167.6,190.8,67,7.162e-06,2.614e-06,12.3,1.88e-06,140.996,1320000.6,110000.6,9.31,7.9,8.08,0.005022,52.2,21000.8,20100,0.137916
76.72,5416,0.4714,0.0443,0.01372,0.38312,58400,0.0252,0.516,0.47,0.004116,0.406,0.592,0.411,0.2998,0.223,9.23,0.08066,0.05096,0.13,0.0637,0.216,0.06302,0.02156,0.149,89.28,3.7,2304.2,10.2,0.0004488,2.16,239,64.06,125.4,167.6,190.8,67,7.162e-06,2.614e-06,12.3,1.88e-06,140.996,1320000.6,110000.6,9.31,7.9,8.08,0.005022,52.2,21000.8,20100,0.137916
76.72,5416,0.4714,0.0443,0.01372,0.38312,58400,0.0252,0.516,0.47,0.004116,0.406,0.592,0.411,0.2998,0.223,9.23,0.08066,0.05096,0.13,0.0637,0.216,0.06302,0.02156,0.149,43.2,3.7,2304.2,10.2,0.0004488,2.16,239,64.06,125.4,167.6,190.8,67,7.162e-06,2.614e-06,12.3,1.88e-06,140.996,1320000.6,110000.6,9.31,7.9,8.08,0.005022,52.2,21000.8,20100,0.137916
76.72,5416,0.4714,0.0443,0.01372,0.38312,58400,0.0252,0.5844,0.47,0.004116,0.406,0.592,0.411,0.2998,0.223,9.23,0.08066,0.05096,0.13,0.0637,0.216,0.06302,0.02156,0.149,43.2,3.7,2304.2,10.2,0.0004488,2.16,239,64.06,125.4,167.6,190.8,67,7.162e-06,2.614e-06,12.3,1.88e-06,140.996,1320000.6,110000.6,9.31,7.9,8.08,0.005022,52.2,21000.8,20100,0.137916
76.72,5416,0.4714,0.0443,0.01372,0.38312,58400,0.0252,0.5844,0.47,0.004116,0.406,0.592,0.411,0.2998,0.223,10.472,0.08066,0.05096,0.13,0.0637,0.216,0.06302,0.02156,0.149,43.2,3.7,2304.2,10.2,0.0004488,2.16,239,64.06,125.4,167.6,190.8,67,7.162e-06,2.614e-06,12.3,1.88e-06,140.996,1320000.6,110000.6,9.31,7.9,8.08,0.005022,52.2,21000.8,20100,0.137916
76.72,5416,0.4714,0.0443,0.01372,0.38312,58400,0.0252,0.5844,0.47,0.004116,0.406,0.592,0.411,0.2998,0.223,10.472,0.08066,0.05096,0.13,0.0637,0.216,0.06302,0.02156,0.149,43.2,3.7,2304.2,10.2,0.0004488,2.16,212.6,64.06,125.4,167.6,190.8,67,7.162e-06,2.614e-06,12.3,1.88e-06,140.996,1320000.6,110000.6,9.31,7.9,8.08,0.005022,52.2,21000.8,20100,0.137916
76.72,5416,0.4714,0.0443,0.01372,0.38312,58400,0.0252,0.5844,0.47,0.004116,0.406,0.592,0.411,0.2998,0.223,10.472,0.08066,0.05096,0.13,0.0637,0.216,0.06302,0.02156,0.149,43.2,3.7,2304.2,10.2,0.0004488,2.16,212.6,64.06,125.4,167.6,190.8,67,7.162e-06,2.614e-06,12.3,1.88e-06,140.996,1320000.6,110000.6,9.31,7.9,8.08,0.005022,21,21000.8,20100,0.137916
76.72,5416,0.4714,0.0443,0.01372,0.38312,58400,0.0252,0.5844,0.47,0.004116,0.406,0.592,0.411,0.2998,0.223,10.472,0.08066,0.05096,0.13,0.0637,0.216,0.06302,0.02156,0.149,43.2,3.7,2304.2,10.2,0.0004488,2.16,212.6,64.06,125.4,167.6,190.8,67,7.162e-06,2.614e-06,12.3,1.88e-06,140.996,1320000.6,110000.6,9.31,7.9,1,0.005022,21,21000.8,20100,0.137916
76.72,5416,0.4714,0.0443,0.01372,0.38312,58400,0.0252,0.5844,0.47,0.00462,0.406,0.592,0.411,0.2998,0.223,10.472,0.08066,0.05096,0.13,0.0637,0.216,0.06302,0.02156,0.149,43.2,3.7,2304.2,10.2,0.0004488,2.16,212.6,64.06,125.4,167.6,190.8,67,7.162e-06,2.614e-06,12.3,1.88e-06,140.996,1320000.6,110000.6,9.31,7.9,1,0.005022,21,21000.8,20100,0.137916
76.72,5416,0.4714,0.0443,0.01372,0.38312,58400,0.0252,0.5844,0.47,0.00462,0.406,0.592,0.411,0.2998,0.223,10.472,0.08066,0.05096,0.13,0.0637,0.216,0.06302,0.02156,0.149,43.2,3.7,2304.2,10.2,0.0004488,2.16,212.6,64.06,125.4,167.6,190.8,67,7.162e-06,2.614e-06,12.3,1.88e-06,140.996,1320000.6,110000.6,9.31,7.9,1,0.003978,21,21000.8,20100,0.137916
76.72,5416,0.4714,0.0443,0.01372,0.38312,58400,0.0252,0.5844,0.47,0.00462,0.406,0.592,0.411,0.2998,0.223,10.472,0.08066,0.05096,0.13,0.0637,0.216,0.06302,0.02156,0.149,43.2,3.7,2304.2,10.2,0.0004488,2.16,212.6,64.06,125.4,167.6,190.8,67,7.162e-06,2.614e-06,60.72,1.88e-06,140.996,1320000.6,110000.6,9.31,7.9,1,0.003978,21,21000.8,20100,0.137916
76.72,5416,0.4714,0.0443,0.0154,0.38312,58400,0.0252,0.5844,0.47,0.00462,0.406,0.592,0.411,0.2998,0.223,10.472,0.08066,0.05096,0.13,0.0637,0.216,0.06302,0.02156,0.149,43.2,3.7,2304.2,10.2,0.0004488,2.16,212.6,64.06,125.4,167.6,190.8,67,7.162e-06,2.614e-06,60.72,1.88e-06,140.996,1320000.6,110000.6,9.31,7.9,1,0.003978,21,21000.8,20100,0.137916
76.72,5416,0.4714,0.0443,0.0154,0.38312,58400,0.0252,0.5844,0.47,0.00462,0.406,0.592,0.411,0.2998,0.223,10.472,0.08066,0.05096,0.13,0.0637,0.216,0.06302,0.02156,0.149,43.2,3.7,2304.2,10.2,0.0004488,2.16,212.6,64.06,141.6,167.6,190.8,67,7.162e-06,2.614e-06,60.72,1.88e-06,140.996,1320000.6,110000.6,9.31,7.9,1,0.003978,21,21000.8,20100,0.137916
61.3,6140,0.3826,0.0497,0.01428,1.46828,66800,0.0272,0.5616,0.4012,0.004116,0.406,0.592,0.443,0.2662,0.272,10.058,0.07154,0.0468,0.1356,0.0715,0.2,0.06558,0.02068,0.1614,104.64,3.564,2880,10.76,0.0008366,2.74,195,61.54,125.4,148.4,183.6,57.24,8.05e-06,2.202e-06,12.3,2.858e-06,140.996,1980000.4,55000.8,5.774,7.9,1,0.003978,52.2,42000.6,17140,0.046832
61.3,6140,0.3826,0.0497,0.01428,1.46828,66800,0.0272,0.5616,0.4012,0.004116,0.406,0.592,0.443,0.2662,0.272,10.058,0.07154,0.0468,0.1356,0.0715,0.2,0.06558,0.02068,0.1614,104.64,3.564,2880,10.76,0.0008366,2.74,195,61.54,125.4,148.4,183.6,57.24,8.05e-06,2.202e-06,12.3,2.858e-06,140.996,1980000.4,55000.8,8.426,7.9,1,0.003978,52.2,42000.6,17140,0.046832
61.3,6140,0.3826,0.0497,0.01428,1.46828,66800,0.0272,0.5616,0.4012,0.00462,0.406,0.592,0.443,0.2662,0.272,10.058,0.07154,0.0468,0.1356,0.0715,0.2,0.06558,0.02068,0.1614,104.64,3.564,2880,10.76,0.0008366,2.74,195,61.54,125.4,148.4,183.6,57.24,8.05e-06,2.202e-06,12.3,2.858e-06,140.996,1980000.4,55000.8,8.426,7.9,1,0.003978,52.2,42000.6,17140,0.046832
61.3,6140,0.3826,0.0497,0.01428,1.46828,66800,0.0272,0.5616,0.4012,0.00462,0.406,0.592,0.443,0.2662,0.272,10.058,0.07154,0.0468,0.1356,0.0715,0.2,0.06558,0.02068,0.1614,104.64,3.564,2880,10.76,0.0008366,2.74,195,61.54,125.4,148.4,162,57.24,8.05e-06,2.202e-06,12.3,2.858e-06,140.996,1980000.4,55000.8,8.426,7.9,1,0.003978,52.2,42000.6,17140,0.046832
61.3,6140,0.3826,0.0497,0.01428,1.46828,66800,0.0272,0.5616,0.4012,0.00462,0.406,0.592,0.443,0.2662,0.272,10.058,0.07154,0.0468,0.1356,0.0637,0.2,0.06558,0.02068,0.1614,104.64,3.564,2880,10.76,0.0008366,2.74,195,61.54,125.4,148.4,162,57.24,8.05e-06,2.202e-06,12.3,2.858e-06,140.996,1980000.4,55000.8,8.426,7.9,1,0.003978,52.2,42000.6,17140,0.046832
61.3,6140,0.3826,0.0497,0.01428,1.46828,66800,0.0272,0.5616,0.4012,0.00462,0.406,0.592,0.443,0.2662,0.272,10.058,0.07154,0.0468,0.1356,0.0637,0.2,0.06558,0.02068,0.1614,104.64,3.564,2880,10.76,0.0008366,2.74,195,61.54,125.4,148.4,162,57.24,7.162e-06,2.202e-06,12.3,2.858e-06,140.996,1980000.4,55000.8,8.426,7.9,1,0.003978,52.2,42000.6,17140,0.046832
61.3,6140,0.3826,0.0497,0.01428,1.46828,66800,0.0272,0.5616,0.4012,0.00462,0.406,0.592,0.443,0.2662,0.272,10.058,0.07154,0.0468,0.1356,0.0637,0.2,0.06558,0.02068,0.1614,104.64,3.564,2880,10.76,0.0008366,2.74,195,61.54,125.4,148.4,162,57.24,7.162e-06,2.202e-06,12.3,2.858e-06,140.996,1,55000.8,8.426,7.9,1,0.003978,52.2,42000.6,17140,0.046832
61.3,6140,0.3826,0.0497,0.01428,1.46828,66800,0.0272,0.5616,0.4012,0.00462,0.406,0.592,0.443,0.2662,0.272,10.058,0.07154,0.0468,0.1356,0.0637,0.2,0.06558,0.02068,0.1986,104.64,3.564,2880,10.76,0.0008366,2.74,195,61.54,125.4,148.4,162,57.24,7.162e-06,2.202e-06,12.3,2.858e-06,140.996,1,55000.8,8.426,7.9,1,0.003978,52.2,42000.6,17140,0.046832
61.3,6140,0.3826,0.0497,0.01428,1.46828,66800,0.0272,0.5616,0.4012,0.00462,0.406,0.592,0.443,0.2662,0.272,10.058,0.07154,0.0468,0.1356,0.0637,0.2,0.06558,0.02068,0.1986,104.64,3.564,2880,10.76,0.0008366,2.74,195,69.1,125.4,148.4,162,57.24,7.162e-06,2.202e-06,12.3,2.858e-06,140.996,1,55000.8,8.426,7.9,1,0.003978,52.2,42000.6,17140,0.046832
61.3,6140,0.3826,0.0497,0.01428,1.46828,66800,0.0272,0.5616,0.4012,0.00462,0.406,0.592,0.443,0.2662,0.272,10.058,0.07154,0.0468,0.1356,0.0637,0.2,0.06558,0.02068,0.1986,104.64,3.564,2880,10.76,0.0008366,2.74,195,69.1,125.4,148.4,162,57.24,7.162e-06,2.202e-06,12.3,2.858e-06,140.996,1,55000.8,8.426,7.9,1,0.003978,52.2,105000,17140,0.046832
61.3,6140,0.3826,0.0497,0.01428,1.46828,66800,0.0272,0.5616,0.4012,0.00462,0.406,0.592,0.443,0.2662,0.272,10.058,0.08066,0.0468,0.1356,0.0637,0.2,0.06558,0.02068,0.1986,104.64,3.564,2880,10.76,0.0008366,2.74,195,69.1,125.4,148.4,162,57.24,7.162e-06,2.202e-06,12.3,2.858e-06,140.996,1,55000.8,8.426,7.9,1,0.003978,52.2,105000,17140,0.046832
61.3,5054,0.3826,0.0497,0.01428,1.46828,66800,0.0272,0.5616,0.4012,0.00462,0.406,0.592,0.443,0.2662,0.272,10.058,0.08066,0.0468,0.1356,0.0637,0.2,0.06558,0.02068,0.1986,104.64,3.564,2880,10.76,0.0008366,2.74,195,69.1,125.4,148.4,162,57.24,7.162e-06,2.202e-06,12.3,2.858e-06,140.996,1,55000.8,8.426,7.9,1,0.003978,52.2,105000,17140,0.046832
61.3,5054,0.3826,0.0497,0.01428,1.46828,66800,0.0272,0.5616,0.4012,0.00462,0.406,0.592,0.443,0.2662,0.272,10.058,0.08066,0.0468,0.1356,0.0637,0.2,0.06558,0.02068,0.1986,104.64,3.564,2880,10.76,0.0008366,2.74,195,69.1,125.4,148.4,162,57.24,7.162e-06,2.202e-06,12.3,2.858e-06,140.996,1,55000.8,8.426,28.6,1,0.003978,52.2,105000,17140,0.046832
61.3,5054,0.3826,0.0497,0.01428,1.46828,66800,0.0272,0.5616,0.4012,0.00462,0.406,0.592,0.443,0.2662,0.272,10.058,0.08066,0.0468,0.1356,0.0637,0.2,0.06558,0.02068,0.1986,104.64,3.564,2880,10.76,0.0008366,2.74,221.4,69.1,125.4,148.4,162,57.24,7.162e-06,2.202e-06,12.3,2.858e-06,140.996,1,55000.8,8.426,28.6,1,0.003978,52.2,105000,17140,0.046832
61.3,5054,0.3826,0.0497,0.01428,1.46828,66800,0.0272,0.5616,0.4012,0.00462,0.358,0.592,0.443,0.2662,0.272,10.058,0.08066,0.0468,0.1356,0.0637,0.2,0.06558,0.02068,0.1986,104.64,3.564,2880,10.76,0.0008366,2.74,221.4,69.1,125.4,148.4,162,57.24,7.162e-06,2.202e-06,12.3,2.858e-06,140.996,1,55000.8,8.426,28.6,1,0.003978,52.2,105000,17140,0.046832
61.3,5054,0.3826,0.0497,0.01428,1.46828,66800,0.0272,0.5616,0.4012,0.00462,0.358,0.592,0.443,0.2998,0.272,10.058,0.08066,0.0468,0.1356,0.0637,0.2,0.06558,0.02068,0.1986,104.64,3.564,2880,10.76,0.0008366,2.74,221.4,69.1,125.4,148.4,162,57.24,7.162e-06,2.202e-06,12.3,2.858e-06,140.996,1,55000.8,8.426,28.6,1,0.003978,52.2,105000,17140,0.046832
61.3,5054,0.3826,0.0497,0.01428,1.46828,66800,0.0272,0.5616,0.4012,0.00462,0.358,0.592,0.443,0.2998,0.272,10.058,0.08066,0.0468,0.1356,0.0637,0.2,0.06558,0.02068,0.1986,104.64,3.564,2880,10.76,0.0008366,1,221.4,69.1,125.4,148.4,162,57.24,7.162e-06,2.202e-06,12.3,2.858e-06,140.996,1,55000.8,8.426,28.6,1,0.003978,52.2,105000,17140,0.046832
61.3,5054,0.3826,0.0497,0.01428,1.46828,66800,0.0272,0.63,0.4012,0.00462,0.358,0.592,0.443,0.2998,0.272,10.058,0.08066,0.0468,0.1356,0.0637,0.2,0.06558,0.02068,0.1986,104.64,3.564,2880,10.76,0.0008366,1,221.4,69.1,125.4,148.4,162,57.24,7.162e-06,2.202e-06,12.3,2.858e-06,140.996,1,55000.8,8.426,28.6,1,0.003978,52.2,105000,17140,0.046832
61.3,5054,0.3826,0.0497,0.01428,1.46828,66800,0.0272,0.63,0.4012,0.00462,0.358,0.592,0.443,0.2998,0.272,10.058,0.08066,0.0468,0.1524,0.0637,0.2,0.06558,0.02068,0.1986,104.64,3.564,2880,10.76,0.0008366,1,221.4,69.1,125.4,148.4,162,57.24,7.162e-06,2.202e-06,12.3,2.858e-06,140.996,1,55000.8,8.426,28.6,1,0.003978,52.2,105000,17140,0.046832
61.3,5054,0.3826,0.0497,0.01428,1.46828,66800,0.0272,0.63,0.4012,0.00462,0.358,0.592,0.443,0.2998,0.272,10.058,0.08066,0.0468,0.1524,0.0637,0.2,0.0579,0.02068,0.1986,104.64,3.564,2880,10.76,0.0008366,1,221.4,69.1,125.4,148.4,162,57.24,7.162e-06,2.202e-06,12.3,2.858e-06,140.996,1,55000.8,8.426,28.6,1,0.003978,52.2,105000,17140,0.046832
61.3,5054,0.3826,0.0497,0.01428,1.46828,66800,0.0272,0.63,0.4012,0.00462,0.358,0.592,0.443,0.2998,0.272,10.058,0.08066,0.0468,0.1524,0.0637,0.2,0.0579,0.02068,0.1986,104.64,3.564,2880,12.44,0.0008366,1,221.4,69.1,125.4,148.4,162,57.24,7.162e-06,2.202e-06,12.3,2.858e-06,140.996,1,55000.8,8.426,28.6,1,0.003978,52.2,105000,17140,0.046832
61.3,5054,0.3826,0.0497,0.01428,1.46828,66800,0.0272,0.63,0.4012,0.00462,0.358,0.592,0.443,0.2998,0.272,11.3,0.08066,0.0468,0.1524,0.0637,0.2,0.0579,0.02068,0.1986,104.64,3.564,2880,12.44,0.0008366,1,221.4,69.1,125.4,148.4,162,57.24,7.162e-06,2.202e-06,12.3,2.858e-06,140.996,1,55000.8,8.426,28.6,1,0.003978,52.2,105000,17140,0.046832
61.3,5054,0.3826,0.0443,0.01428,1.46828,66800,0.0272,0.63,0.4012,0.00462,0.358,0.592,0.443,0.2998,0.272,11.3,0.08066,0.0468,0.1524,0.0637,0.2,0.0579,0.02068,0.1986,104.64,3.564,2880,12.44,0.0008366,1,221.4,69.1,125.4,148.4,162,57.24,7.162e-06,2.202e-06,12.3,2.858e-06,140.996,1,55000.8,8.426,28.6,1,0.003978,52.2,105000,17140,0.046832
61.3,5054,0.4714,0.0443,0.01428,1.46828,66800,0.0272,0.63,0.4012,0.00462,0.358,0.592,0.443,0.2998,0.272,11.3,0.08066,0.0468,0.1524,0.0637,0.2,0.0579,0.02068,0.1986,104.64,3.564,2880,12.44,0.0008366,1,221.4,69.1,125.4,148.4,162,57.24,7.162e-06,2.202e-06,12.3,2.858e-06,140.996,1,55000.8,8.426,28.6,1,0.003978,52.2,105000,17140,0.046832
61.3,5054,0.4714,0.0443,0.01428,1.46828,66800,0.0272,0.63,0.4012,0.00462,0.358,0.5278,0.443,0.2998,0.272,11.3,0.08066,0.0468,0.1524,0.0637,0.2,0.0579,0.02068,0.1986,104.64,3.564,2880,12.44,0.0008366,1,221.4,69.1,125.4,148.4,162,57.24,7.162e-06,2.202e-06,12.3,2.858e-06,140.996,1,55000.8,8.426,28.6,1,0.003978,52.2,105000,17140,0.046832
61.3,5054,0.4714,0.0443,0.01428,1.46828,66800,0.0272,0.63,0.4012,0.00462,0.358,0.5278,0.443,0.2998,0.272,11.3,0.08066,0.0468,0.1524,0.0637,0.2,0.0579,0.02068,0.1986,104.64,3.564,2880,12.44,0.0008366,1,221.4,69.1,125.4,148.4,162,57.24,7.162e-06,2.202e-06,12.3,2.858e-06,140.996,1,55000.8,8.426,28.6,8.08,0.003978,52.2,105000,17140,0.046832
61.3,5054,0.4714,0.0443,0.01428,1.46828,66800,0.0272,0.63,0.4012,0.00462,0.358,0.5278,0.443,0.2998,0.272,11.3,0.08066,0.0468,0.1524,0.0637,0.2,0.0579,0.02068,0.1986,104.64,3.564,2880,12.44,0.0008366,1,221.4,69.1,125.4,148.4,162,57.24,7.162e-06,2.202e-06,12.3,2.858e-06,41.984,1,55000.8,8.426,28.6,8.08,0.003978,52.2,105000,17140,0.046832
61.3,5054,0.4714,0.0443,0.01428,1.46828,66800,0.0272,0.63,0.4012,0.00462,0.358,0.5278,0.443,0.2998,0.272,11.3,0.08066,0.0468,0.1524,0.0637,0.2,0.0579,0.02068,0.1986,58.56,3.564,2880,12.44,0.0008366,1,221.4,69.1,125.4,148.4,162,57.24,7.162e-06,2.202e-06,12.3,2.858e-06,41.984,1,55000.8,8.426,28.6,8.08,0.003978,52.2,105000,17140,0.046832
61.3,5054,0.4714,0.0443,0.01428,1.46828,66800,0.0242,0.63,0.4012,0.00462,0.358,0.5278,0.443,0.2998,0.272,11.3,0.08066,0.0468,0.1524,0.0637,0.2,0.0579,0.02068,0.1986,58.56,3.564,2880,12.44,0.0008366,1,221.4,69.1,125.4,148.4,162,57.24,7.162e-06,2.202e-06,12.3,2.858e-06,41.984,1,55000.8,8.426,28.6,8.08,0.003978,52.2,105000,17140,0.046832
61.3,5054,0.4714,0.0443,0.01428,1.46828,66800,0.0242,0.63,0.4012,0.00462,0.358,0.5278,0.443,0.2998,0.272,11.3,0.08066,0.0468,0.1524,0.0637,0.2,0.0579,0.02068,0.1986,58.56,3.156,2880,12.44,0.0008366,1,221.4,69.1,125.4,148.4,162,57.24,7.162e-06,2.202e-06,12.3,2.858e-06,41.984,1,55000.8,8.426,28.6,8.08,0.003978,52.2,105000,17140,0.046832
61.3,5054,0.4714,0.0443,0.0126,1.46828,66800,0.0242,0.63,0.4012,0.00462,0.358,0.5278,0.443,0.2998,0.272,11.3,0.08066,0.0468,0.1524,0.0637,0.2,0.0579,0.02068,0.1986,58.56,3.156,2880,12.44,0.0008366,1,221.4,69.1,125.4,148.4,162,57.24,7.162e-06,2.202e-06,12.3,2.858e-06,41.984,1,55000.8,8.426,28.6,8.08,0.003978,52.2,105000,17140,0.046832
61.3,5054,0.4714,0.0443,0.0126,1.46828,66800,0.0242,0.63,0.4012,0.00462,0.358,0.5278,0.443,0.2998,0.272,11.3,0.08066,0.0468,0.1524,0.0637,0.176,0.0579,0.02068,0.1986,58.56,3.156,2880,12.44,0.0008366,1,221.4,69.1,125.4,148.4,162,57.24,7.162e-06,2.202e-06,12.3,2.858e-06,41.984,1,55000.8,8.426,28.6,8.08,0.003978,52.2,105000,17140,0.046832
61.3,5054,0.4714,0.0443,0.0126,1.46828,66800,0.0242,0.63,0.4012,0.00462,0.358,0.5278,0.443,0.2998,0.272,11.3,0.08066,0.0468,0.1524,0.0637,0.176,0.0579,0.02068,0.1986,58.56,3.156,2880,12.44,0.0008366,1,221.4,69.1,141.6,148.4,162,57.24,7.162e-06,2.202e-06,12.3,2.858e-06,41.984,1,55000.8,8.426,28.6,8.08,0.003978,52.2,105000,17140,0.046832
61.3,5054,0.4714,0.0443,0.0126,1.46828,66800,0.0242,0.63,0.4012,0.00462,0.358,0.5278,0.395,0.2998,0.272,11.3,0.08066,0.0468,0.1524,0.0637,0.176,0.0579,0.02068,0.1986,58.56,3.156,2880,12.44,0.0008366,1,221.4,69.1,141.6,148.4,162,57.24,7.162e-06,2.202e-06,12.3,2.858e-06,41.984,1,55000.8,8.426,28.6,8.08,0.003978,52.2,105000,17140,0.046832
61.3,5054,0.4714,0.0443,0.0126,1.46828,66800,0.0242,0.63,0.4012,0.00462,0.358,0.5278,0.395,0.2998,0.272,11.3,0.08066,0.0468,0.1524,0.0637,0.176,0.0579,0.02068,0.1986,58.56,3.156,2880,12.44,0.002,1,221.4,69.1,141.6,148.4,162,57.24,7.162e-06,2.202e-06,12.3,2.858e-06,41.984,1,55000.8,8.426,28.6,8.08,0.003978,52.2,105000,17140,0.046832
61.3,5054,0.4714,0.0443,0.0126,0.38312,66800,0.0242,0.63,0.4012,0.00462,0.358,0.5278,0.395,0.2998,0.272,11.3,0.08066,0.0468,0.1524,0.0637,0.176,0.0579,0.02068,0.1986,58.56,3.156,2880,12.44,0.002,1,221.4,69.1,141.6,148.4,162,57.24,7.162e-06,2.202e-06,12.3,2.858e-06,41.984,1,55000.8,8.426,28.6,8.08,0.003978,52.2,105000,17140,0.046832
61.3,5054,0.4714,0.0443,0.0126,0.38312,66800,0.0242,0.63,0.4012,0.00462,0.358,0.5278,0.395,0.2998,0.272,11.3,0.08066,0.0468,0.1524,0.0637,0.176,0.0579,0.02068,0.1986,58.56,3.156,2880,12.44,0.002,1,221.4,69.1,141.6,148.4,162,57.24,7.162e-06,2.82e-06,12.3,2.858e-06,41.984,1,55000.8,8.426,28.6,8.08,0.003978,52.2,105000,17140,0.046832
61.3,5054,0.4714,0.0443,0.0126,0.38312,66800,0.0242,0.63,0.4012,0.00462,0.358,0.5278,0.395,0.2998,0.272,11.3,0.08066,0.0468,0.1524,0.0637,0.176,0.0579,0.02068,0.1986,58.56,3.156,1152.6,12.44,0.002,1,221.4,69.1,141.6,148.4,162,57.24,7.162e-06,2.82e-06,12.3,2.858e-06,41.984,1,55000.8,8.426,28.6,8.08,0.003978,52.2,105000,17140,0.046832
61.3,5054,0.4714,0.0443,0.0126,0.38312,66800,0.0242,0.63,0.4012,0.00462,0.358,0.5278,0.395,0.2998,0.272,11.3,0.08066,0.0468,0.1524,0.0637,0.176,0.0579,0.02068,0.1986,58.56,3.156,1152.6,12.44,0.002,1,221.4,69.1,141.6,167.6,162,57.24,7.162e-06,2.82e-06,12.3,2.858e-06,41.984,1,55000.8,8.426,28.6,8.08,0.003978,52.2,105000,17140,0.046832
61.3,5054,0.4714,0.0443,0.0126,0.38312,66800,0.0242,0.63,0.4012,0.00462,0.358,0.5278,0.395,0.2998,0.272,11.3,0.08066,0.0468,0.1524,0.0637,0.176,0.0579,0.02068,0.1986,58.56,3.156,1152.6,12.44,0.002,1,221.4,69.1,141.6,167.6,162,57.24,7.162e-06,2.82e-06,60.72,2.858e-06,41.984,1,55000.8,8.426,28.6,8.08,0.003978,52.2,105000,17140,0.046832
61.3,5054,0.4714,0.0443,0.0126,0.38312,66800,0.0242,0.63,0.4012,0.00462,0.358,0.5278,0.395,0.2998,0.272,11.3,0.08066,0.05304,0.1524,0.0637,0.176,0.0579,0.02068,0.1986,58.56,3.156,1152.6,12.44,0.002,1,221.4,69.1,141.6,167.6,162,57.24,7.162e-06,2.82e-06,60.72,2.858e-06,41.984,1,55000.8,8.426,28.6,8.08,0.003978,52.2,105000,17140,0.046832
61.3,5054,0.4714,0.0443,0.0126,0.38312,66800,0.0242,0.63,0.4012,0.00462,0.358,0.5278,0.395,0.2998,0.2426,11.3,0.08066,0.05304,0.1524,0.0637,0.176,0.0579,0.02068,0.1986,58.56,3.156,1152.6,12.44,0.002,1,221.4,69.1,141.6,167.6,162,57.24,7.162e-06,2.82e-06,60.72,2.858e-06,41.984,1,55000.8,8.426,28.6,8.08,0.003978,52.2,105000,17140,0.046832
61.3,5054,0.4714,0.0443,0.0126,0.38312,66800,0.0242,0.63,0.4012,0.00462,0.358,0.5278,0.395,0.2998,0.2426,11.3,0.08066,0.05304,0.1524,0.0637,0.176,0.0579,0.02068,0.1986,58.56,3.156,1152.6,12.44,0.002,1,221.4,69.1,141.6,167.6,162,57.24,7.162e-06,2.82e-06,60.72,2.858e-06,41.984,1,55000.8,8.426,28.6,8.08,0.003978,21,105000,17140,0.046832
76.72,5054,0.4714,0.0443,0.0126,0.38312,66800,0.0242,0.63,0.4012,0.00462,0.358,0.5278,0.395,0.2998,0.2426,11.3,0.08066,0.05304,0.1524,0.0637,0.176,0.0579,0.02068,0.1986,58.56,3.156,1152.6,12.44,0.002,1,221.4,69.1,141.6,167.6,162,57.24,7.162e-06,2.82e-06,60.72,2.858e-06,41.984,1,55000.8,8.426,28.6,8.08,0.003978,21,105000,17140,0.046832
76.72,5054,0.4714,0.0443,0.0126,0.38312,66800,0.0242,0.63,0.4012,0.00462,0.358,0.5278,0.395,0.2998,0.2426,11.3,0.08066,0.05304,0.1524,0.0637,0.176,0.0579,0.02068,0.1986,58.56,3.156,1152.6,12.44,0.002,1,221.4,69.1,141.6,167.6,162,64.56,7.162e-06,2.82e-06,60.72,2.858e-06,41.984,1,55000.8,8.426,28.6,8.08,0.003978,21,105000,17140,0.046832
76.72,5054,0.4714,0.0443,0.0126,0.38312,66800,0.0242,0.63,0.4012,0.00462,0.358,0.5278,0.395,0.2998,0.2426,11.3,0.08066,0.05304,0.1524,0.0637,0.176,0.0579,0.02068,0.1986,58.56,3.156,1152.6,12.44,0.002,1,221.4,69.1,141.6,167.6,162,64.56,7.162e-06,2.82e-06,60.72,2.858e-06,41.984,1,220000.2,8.426,28.6,8.08,0.003978,21,105000,17140,0.046832
76.72,5054,0.4714,0.0443,0.0126,0.38312,66800,0.0242,0.63,0.4012,0.00462,0.358,0.5278,0.395,0.2998,0.2426,11.3,0.08066,0.05304,0.1524,0.0637,0.176,0.0579,0.02332,0.1986,58.56,3.156,1152.6,12.44,0.002,1,221.4,69.1,141.6,167.6,162,64.56,7.162e-06,2.82e-06,60.72,2.858e-06,41.984,1,220000.2,8.426,28.6,8.08,0.003978,21,105000,17140,0.046832
76.72,5054,0.4714,0.0443,0.0126,0.38312,66800,0.0242,0.63,0.4012,0.00462,0.358,0.5278,0.395,0.2998,0.2426,11.3,0.08066,0.05304,0.1524,0.0637,0.176,0.0579,0.02332,0.1986,58.56,3.156,1152.6,12.44,0.002,1,221.4,69.1,141.6,167.6,162,64.56,7.162e-06,2.82e-06,60.72,2.858e-06,41.984,1,220000.2,8.426,28.6,8.08,0.003978,21,105000,17140,0.183458
76.72,5054,0.4714,0.0443,0.0126,0.38312,66800,0.0242,0.63,0.4012,0.00462,0.358,0.5278,0.395,0.2998,0.2426,11.3,0.08066,0.05304,0.1524,0.0637,0.176,0.0579,0.02332,0.1986,58.56,3.156,1152.6,12.44,0.002,1,221.4,69.1,141.6,167.6,162,64.56,7.162e-06,2.82e-06,60.72,2.858e-06,41.984,1,220000.2,8.426,28.6,8.08,0.005022,21,105000,17140,0.183458
76.72,5054,0.4714,0.0443,0.0126,0.38312,66800,0.0242,0.63,0.4528,0.00462,0.358,0.5278,0.395,0.2998,0.2426,11.3,0.08066,0.05304,0.1524,0.0637,0.176,0.0579,0.02332,0.1986,58.56,3.156,1152.6,12.44,0.002,1,221.4,69.1,141.6,167.6,162,64.56,7.162e-06,2.82e-06,60.72,2.858e-06,41.984,1,220000.2,8.426,28.6,8.08,0.005022,21,105000,17140,0.183458
76.72,5054,0.4714,0.0443,0.0126,0.38312,66800,0.0242,0.63,0.4528,0.00462,0.358,0.5278,0.395,0.2998,0.2426,11.3,0.08066,0.05304,0.1524,0.0637,0.176,0.0579,0.02332,0.1986,58.56,3.156,1152.6,12.44,0.002,1,221.4,69.1,141.6,167.6,162,64.56,7.162e-06,2.82e-06,60.72,1.88e-06,41.984,1,220000.2,8.426,28.6,8.08,0.005022,21,105000,17140,0.183458
76.72,5054,0.4714,0.0443,0.0126,0.38312,66800,0.0242,0.63,0.4528,0.00462,0.358,0.5278,0.395,0.2998,0.2426,11.3,0.08066,0.05304,0.1524,0.0637,0.176,0.0579,0.02332,0.1986,58.56,3.156,1152.6,12.44,0.002,1,221.4,69.1,141.6,167.6,162,64.56,7.162e-06,2.82e-06,60.72,1.88e-06,41.984,1,220000.2,8.426,28.6,8.08,0.005022,21,105000,19360,0.183458
76.72,5054,0.4714,0.0443,0.0126,0.38312,54200,0.0242,0.63,0.4528,0.00462,0.358,0.5278,0.395,0.2998,0.2426,11.3,0.08066,0.05304,0.1524,0.0637,0.176,0.0579,0.02332,0.1986,58.56,3.156,1152.6,12.44,0.002,1,221.4,69.1,141.6,167.6,162,64.56,7.162e-06,2.82e-06,60.72,1.88e-06,41.984,1,220000.2,8.426,28.6,8.08,0.005022,21,105000,19360,0.183458
76.72,4692,0.353,0.0407,0.01316,0.0214,50000,0.0232,0.516,0.47,0.004284,0.39,0.485,0.443,0.311,0.2328,10.058,0.0685,0.04888,0.13,0.0663,0.192,0.06046,0.0242,0.1862,120,3.7,1152.6,10.76,0.0016122,3.32,203.8,64.06,147,174,176.4,57.24,7.162e-06,1.79e-06,60.72,1.88e-06,140.996,1,275000,8.426,21.7,10.44,0.003978,62.6,1,19360,0.137916
76.72,4692,0.353,0.0407,0.01316,0.0214,50000,0.0232,0.516,0.47,0.004284,0.39,0.485,0.443,0.311,0.2328,10.058,0.0685,0.04888,0.13,0.0663,0.192,0.06046,0.0242,0.1862,120,3.7,1152.6,10.76,0.0016122,3.32,203.8,64.06,147,174,176.4,57.24,7.162e-06,1.79e-06,12.3,1.88e-06,140.996,1,275000,8.426,21.7,10.44,0.003978,62.6,1,19360,0.137916
76.72,4692,0.353,0.0407,0.01316,0.0214,50000,0.0232,0.516,0.47,0.004284,0.39,0.485,0.443,0.311,0.2328,10.058,0.0685,0.04888,0.13,0.0585,0.192,0.06046,0.0242,0.1862,120,3.7,1152.6,10.76,0.0016122,3.32,203.8,64.06,147,174,176.4,57.24,7.162e-06,1.79e-06,12.3,1.88e-06,140.996,1,275000,8.426,21.7,10.44,0.003978,62.6,1,19360,0.137916
76.72,4692,0.353,0.0407,0.01316,0.0214,50000,0.0232,0.516,0.47,0.004284,0.39,0.485,0.443,0.311,0.2328,10.058,0.07762,0.04888,0.13,0.0585,0.192,0.06046,0.0242,0.1862,120,3.7,1152.6,10.76,0.0016122,3.32,203.8,64.06,147,174,176.4,57.24,7.162e-06,1.79e-06,12.3,1.88e-06,140.996,1,275000,8.426,21.7,10.44,0.003978,62.6,1,19360,0.137916
76.72,4692,0.353,0.0407,0.01316,0.0214,50000,0.0232,0.516,0.47,0.004284,0.39,0.485,0.443,0.311,0.2328,10.058,0.07762,0.04888,0.13,0.0585,0.192,0.06046,0.0242,0.1862,120,3.7,1152.6,10.76,0.0016122,3.32,203.8,64.06,147,174,176.4,57.24,7.162e-06,1.79e-06,12.3,1.88e-06,140.996,1,275000,8.426,21.7,3.36,0.003978,62.6,1,19360,0.137916
76.72,4692,0.353,0.0407,0.01316,0.0214,50000,0.0232,0.516,0.47,0.004284,0.39,0.485,0.443,0.311,0.2328,10.058,0.07762,0.04888,0.13,0.0585,0.216,0.06046,0.0242,0.1862,120,3.7,1152.6,10.76,0.0016122,3.32,203.8,64.06,147,174,176.4,57.24,7.162e-06,1.79e-06,12.3,1.88e-06,140.996,1,275000,8.426,21.7,3.36,0.003978,62.6,1,19360,0.137916
76.72,4692,0.353,0.0461,0.01316,0.0214,50000,0.0232,0.516,0.47,0.004284,0.39,0.485,0.443,0.311,0.2328,10.058,0.07762,0.04888,0.13,0.0585,0.216,0.06046,0.0242,0.1862,120,3.7,1152.6,10.76,0.0016122,3.32,203.8,64.06,147,174,176.4,57.24,7.162e-06,1.79e-06,12.3,1.88e-06,140.996,1,275000,8.426,21.7,3.36,0.003978,62.6,1,19360,0.137916
76.72,4692,0.353,0.0461,0.01316,0.0214,50000,0.0232,0.516,0.47,0.004284,0.39,0.485,0.443,0.311,0.2328,10.058,0.07762,0.04888,0.13,0.0585,0.216,0.06046,0.0242,0.1862,120,3.7,1152.6,10.76,0.0016122,3.32,203.8,64.06,147,174,176.4,57.24,7.162e-06,1.79e-06,12.3,1.88e-06,41.984,1,275000,8.426,21.7,3.36,0.003978,62.6,1,19360,0.137916
76.72,4692,0.353,0.0461,0.01316,0.0214,50000,0.0232,0.516,0.47,0.004284,0.39,0.485,0.443,0.311,0.2328,10.058,0.07762,0.04888,0.13,0.0585,0.216,0.06046,0.0242,0.1862,120,3.7,1152.6,10.76,0.0016122,3.32,203.8,64.06,147,174,176.4,57.24,7.162e-06,1.79e-06,12.3,1.88e-06,41.984,1,275000,8.426,21.7,3.36,0.003978,62.6,1,17140,0.137916
76.72,4692,0.353,0.0461,0.01316,0.0214,50000,0.0232,0.516,0.47,0.004284,0.39,0.485,0.443,0.311,0.2328,10.058,0.07762,0.04888,0.13,0.0585,0.216,0.06046,0.0242,0.1862,120,3.7,1152.6,10.76,0.0016122,3.32,203.8,56.5,147,174,176.4,57.24,7.162e-06,1.79e-06,12.3,1.88e-06,41.984,1,275000,8.426,21.7,3.36,0.003978,62.6,1,17140,0.137916
76.72,4692,0.353,0.0461,0.01316,0.0214,50000,0.0232,0.516,0.47,0.004284,0.39,0.485,0.443,0.311,0.2328,10.058,0.07762,0.04888,0.13,0.0585,0.216,0.06814,0.0242,0.1862,120,3.7,1152.6,10.76,0.0016122,3.32,203.8,56.5,147,174,176.4,57.24,7.162e-06,1.79e-06,12.3,1.88e-06,41.984,1,275000,8.426,21.7,3.36,0.003978,62.6,1,17140,0.137916
76.72,4692,0.353,0.0461,0.01316,0.0214,50000,0.0232,0.516,0.47,0.004284,0.39,0.485,0.443,0.311,0.2328,10.058,0.07762,0.04888,0.13,0.0585,0.216,0.06814,0.0242,0.1862,120,3.7,1152.6,10.76,0.0016122,3.32,203.8,56.5,147,174,176.4,57.24,7.162e-06,1.79e-06,12.3,1.88e-06,41.984,1980000.4,275000,8.426,21.7,3.36,0.003978,62.6,1,17140,0.137916
76.72,4692,0.353,0.0461,0.01316,0.0214,50000,0.0232,0.516,0.47,0.00378,0.39,0.485,0.443,0.311,0.2328,10.058,0.07762,0.04888,0.13,0.0585,0.216,0.06814,0.0242,0.1862,120,3.7,1152.6,10.76,0.0016122,3.32,203.8,56.5,147,174,176.4,57.24,7.162e-06,1.79e-06,12.3,1.88e-06,41.984,1980000.4,275000,8.426,21.7,3.36,0.003978,62.6,1,17140,0.137916
76.72,4692,0.353,0.0461,0.01316,0.0214,50000,0.0232,0.516,0.47,0.00378,0.438,0.485,0.443,0.311,0.2328,10.058,0.07762,0.04888,0.13,0.0585,0.216,0.06814,0.0242,0.1862,120,3.7,1152.6,10.76,0.0016122,3.32,203.8,56.5,147,174,176.4,57.24,7.162e-06,1.79e-06,12.3,1.88e-06,41.984,1980000.4,275000,8.426,21.7,3.36,0.003978,62.6,1,17140,0.137916
76.72,4692,0.353,0.0461,0.01316,0.0214,50000,0.0232,0.516,0.47,0.00378,0.438,0.485,0.443,0.311,0.2328,10.058,0.07762,0.04888,0.13,0.0585,0.216,0.06814,0.0242,0.1862,120,3.7,1152.6,10.76,0.0016122,3.32,230.2,56.5,147,174,176.4,57.24,7.162e-06,1.79e-06,12.3,1.88e-06,41.984,1980000.4,275000,8.426,21.7,3.36,0.003978,62.6,1,17140,0.137916
76.72,4692,0.353,0.0461,0.01316,0.0214,50000,0.0232,0.516,0.47,0.00378,0.438,0.485,0.443,0.311,0.2328,11.3,0.07762,0.04888,0.13,0.0585,0.216,0.06814,0.0242,0.1862,120,3.7,1152.6,10.76,0.0016122,3.32,230.2,56.5,147,174,176.4,57.24,7.162e-06,1.79e-06,12.3,1.88e-06,41.984,1980000.4,275000,8.426,21.7,3.36,0.003978,62.6,1,17140,0.137916
76.72,4692,0.353,0.0461,0.01316,0.0214,50000,0.0232,0.516,0.47,0.00378,0.438,0.485,0.443,0.311,0.2328,11.3,0.07762,0.04888,0.13,0.0585,0.216,0.06814,0.0242,0.1862,120,3.7,1152.6,10.76,0.0016122,3.32,230.2,56.5,147,174,176.4,57.24,7.162e-06,1.79e-06,12.3,1.88e-06,41.984,1980000.4,275000,8.426,21.7,3.36,0.003978,62.6,63000.4,17140,0.137916
76.72,4692,0.353,0.0461,0.01316,0.0214,50000,0.0232,0.516,0.47,0.00378,0.438,0.485,0.443,0.311,0.2328,11.3,0.07762,0.04888,0.13,0.0585,0.216,0.06814,0.02156,0.1862,120,3.7,1152.6,10.76,0.0016122,3.32,230.2,56.5,147,174,176.4,57.24,7.162e-06,1.79e-06,12.3,1.88e-06,41.984,1980000.4,275000,8.426,21.7,3.36,0.003978,62.6,63000.4,17140,0.137916
76.72,4692,0.353,0.0461,0.01316,0.0214,50000,0.0232,0.516,0.47,0.00378,0.438,0.485,0.443,0.311,0.2328,11.3,0.07762,0.04888,0.13,0.0585,0.216,0.06814,0.02156,0.1862,120,3.7,1152.6,10.76,0.0016122,3.32,230.2,56.5,147,174,176.4,57.24,7.162e-06,1.79e-06,12.3,1.88e-06,41.984,1980000.4,275000,8.426,21.7,3.36,0.003978,31.4,63000.4,17140,0.137916
76.72,4692,0.353,0.0461,0.01316,0.0214,62600,0.0232,0.516,0.47,0.00378,0.438,0.485,0.443,0.311,0.2328,11.3,0.07762,0.04888,0.13,0.0585,0.216,0.06814,0.02156,0.1862,120,3.7,1152.6,10.76,0.0016122,3.32,230.2,56.5,147,174,176.4,57.24,7.162e-06,1.79e-06,12.3,1.88e-06,41.984,1980000.4,275000,8.426,21.7,3.36,0.003978,31.4,63000.4,17140,0.137916
76.72,4692,0.353,0.0461,0.01316,0.0214,62600,0.0232,0.516,0.47,0.00378,0.438,0.485,0.443,0.311,0.2328,11.3,0.07762,0.04888,0.13,0.0585,0.216,0.06814,0.02156,0.1862,120,3.7,1152.6,10.76,0.0016122,3.32,230.2,56.5,147,174,176.4,57.24,7.162e-06,1.79e-06,12.3,1.88e-06,41.984,1980000.4,275000,8.426,21.7,3.36,0.005022,31.4,63000.4,17140,0.137916
76.72,4692,0.353,0.0461,0.01316,0.0214,62600,0.0232,0.516,0.47,0.00378,0.438,0.485,0.395,0.311,0.2328,11.3,0.07762,0.04888,0.13,0.0585,0.216,0.06814,0.02156,0.1862,120,3.7,1152.6,10.76,0.0016122,3.32,230.2,56.5,147,174,176.4,57.24,7.162e-06,1.79e-06,12.3,1.88e-06,41.984,1980000.4,275000,8.426,21.7,3.36,0.005022,31.4,63000.4,17140,0.137916
76.72,4692,0.353,0.0461,0.01316,0.0214,62600,0.0232,0.516,0.47,0.00378,0.438,0.485,0.395,0.311,0.2328,11.3,0.07762,0.04888,0.13,0.0585,0.216,0.06814,0.02156,0.1862,120,3.7,1152.6,10.76,0.0016122,3.32,230.2,56.5,147,174,198,57.24,7.162e-06,1.79e-06,12.3,1.88e-06,41.984,1980000.4,275000,8.426,21.7,3.36,0.005022,31.4,63000.4,17140,0.137916
76.72,4692,0.353,0.0461,0.01316,0.0214,62600,0.0232,0.516,0.47,0.00378,0.438,0.5492,0.395,0.311,0.2328,11.3,0.07762,0.04888,0.13,0.0585,0.216,0.06814,0.02156,0.1862,120,3.7,1152.6,10.76,0.0016122,3.32,230.2,56.5,147,174,198,57.24,7.162e-06,1.79e-06,12.3,1.88e-06,41.984,1980000.4,275000,8.426,21.7,3.36,0.005022,31.4,63000.4,17140,0.137916
76.72,4692,0.353,0.0461,0.01316,0.0214,62600,0.0232,0.516,0.47,0.00378,0.438,0.5492,0.395,0.311,0.2328,11.3,0.07762,0.04888,0.13,0.0585,0.216,0.06814,0.02156,0.1862,120,3.7,1152.6,10.76,0.0016122,3.32,230.2,56.5,147,174,198,57.24,7.162e-06,1.79e-06,12.3,1.88e-06,41.984,1980000.4,275000,8.426,21.7,3.36,0.005022,31.4,63000.4,17140,0.00129
61.3,4692,0.353,0.0461,0.01316,0.0214,62600,0.0232,0.516,0.47,0.00378,0.438,0.5492,0.395,0.311,0.2328,11.3,0.07762,0.04888,0.13,0.0585,0.216,0.06814,0.02156,0.1862,120,3.7,1152.6,10.76,0.0016122,3.32,230.2,56.5,147,174,198,57.24,7.162e-06,1.79e-06,12.3,1.88e-06,41.984,1980000.4,275000,8.426,21.7,3.36,0.005022,31.4,63000.4,17140,0.00129
61.3,5778,0.353,0.0461,0.01316,0.0214,62600,0.0232,0.516,0.47,0.00378,0.438,0.5492,0.395,0.311,0.2328,11.3,0.07762,0.04888,0.13,0.0585,0.216,0.06814,0.02156,0.1862,120,3.7,1152.6,10.76,0.0016122,3.32,230.2,56.5,147,174,198,57.24,7.162e-06,1.79e-06,12.3,1.88e-06,41.984,1980000.4,275000,8.426,21.7,3.36,0.005022,31.4,63000.4,17140,0.00129
61.3,5778,0.353,0.0461,0.01316,0.0214,62600,0.0232,0.516,0.47,0.00378,0.438,0.5492,0.395,0.311,0.2622,11.3,0.07762,0.04888,0.13,0.0585,0.216,0.06814,0.02156,0.1862,120,3.7,1152.6,10.76,0.0016122,3.32,230.2,56.5,147,174,198,57.24,7.162e-06,1.79e-06,12.3,1.88e-06,41.984,1980000.4,275000,8.426,21.7,3.36,0.005022,31.4,63000.4,17140,0.00129
61.3,5778,0.353,0.0461,0.01316,0.0214,62600,0.0232,0.516,0.47,0.00378,0.438,0.5492,0.395,0.311,0.2622,11.3,0.07762,0.05512,0.13,0.0585,0.216,0.06814,0.02156,0.1862,120,3.7,1152.6,10.76,0.0016122,3.32,230.2,56.5,147,174,198,57.24,7.162e-06,1.79e-06,12.3,1.88e-06,41.984,1980000.4,275000,8.426,21.7,3.36,0.005022,31.4,63000.4,17140,0.00129
61.3,5778,0.353,0.0461,0.01316,1.10656,62600,0.0232,0.516,0.47,0.00378,0.438,0.5492,0.395,0.311,0.2622,11.3,0.07762,0.05512,0.13,0.0585,0.216,0.06814,0.02156,0.1862,120,3.7,1152.6,10.76,0.0016122,3.32,230.2,56.5,147,174,198,57.24,7.162e-06,1.79e-06,12.3,1.88e-06,41.984,1980000.4,275000,8.426,21.7,3.36,0.005022,31.4,63000.4,17140,0.00129
61.3,5778,0.353,0.0461,0.01316,1.10656,62600,0.0232,0.516,0.47,0.00378,0.438,0.5492,0.395,0.311,0.2622,11.3,0.07762,0.05512,0.13,0.0585,0.216,0.06814,0.02156,0.1862,120,3.7,1152.6,10.76,0.0016122,3.32,230.2,56.5,147,174,198,57.24,7.162e-06,1.79e-06,12.3,1.88e-06,41.984,1980000.4,110000.6,8.426,21.7,3.36,0.005022,31.4,63000.4,17140,0.00129
61.3,5778,0.353,0.0461,0.01316,1.10656,62600,0.0232,0.516,0.47,0.00378,0.438,0.5492,0.395,0.311,0.2622,11.3,0.07762,0.05512,0.13,0.0585,0.216,0.06814,0.02156,0.1862,120,3.7,1152.6,10.76,0.0016122,3.32,230.2,56.5,147,174,198,57.24,7.162e-06,2.408e-06,12.3,1.88e-06,41.984,1980000.4,110000.6,8.426,21.7,3.36,0.005022,31.4,63000.4,17140,0.00129
61.3,5778,0.353,0.0461,0.01316,1.10656,62600,0.0232,0.516,0.47,0.00378,0.438,0.5492,0.395,0.311,0.2622,11.3,0.07762,0.05512,0.13,0.0585,0.216,0.06814,0.02156,0.1862,120,3.7,1152.6,10.76,0.0016122,3.32,230.2,56.5,147,174,198,57.24,7.162e-06,2.408e-06,12.3,1.88e-06,41.984,1980000.4,110000.6,5.774,21.7,3.36,0.005022,31.4,63000.4,17140,0.00129
61.3,5778,0.353,0.0461,0.01316,1.10656,62600,0.0232,0.516,0.47,0.00378,0.438,0.5492,0.395,0.311,0.2622,11.3,0.07762,0.05512,0.13,0.0585,0.216,0.06814,0.02156,0.1862,120,3.7,2880,10.76,0.0016122,3.32,230.2,56.5,147,174,198,57.24,7.162e-06,2.408e-06,12.3,1.88e-06,41.984,1980000.4,110000.6,5.774,21.7,3.36,0.005022,31.4,63000.4,17140,0.00129
61.3,5778,0.353,0.0461,0.01316,1.10656,62600,0.0262,0.516,0.47,0.00378,0.438,0.5492,0.395,0.311,0.2622,11.3,0.07762,0.05512,0.13,0.0585,0.216,0.06814,0.02156,0.1862,120,3.7,2880,10.76,0.0016122,3.32,230.2,56.5,147,174,198,57.24,7.162e-06,2.408e-06,12.3,1.88e-06,41.984,1980000.4,110000.6,5.774,21.7,3.36,0.005022,31.4,63000.4,17140,0.00129
61.3,5778,0.353,0.0461,0.01316,1.10656,62600,0.0262,0.516,0.47,0.00378,0.438,0.5492,0.395,0.311,0.2622,11.3,0.07762,0.05512,0.13,0.0585,0.216,0.06814,0.02156,0.1862,120,3.7,2880,10.76,0.0016122,3.32,230.2,56.5,147,174,198,64.56,7.162e-06,2.408e-06,12.3,1.88e-06,41.984,1980000.4,110000.6,5.774,21.7,3.36,0.005022,31.4,63000.4,17140,0.00129
61.3,5778,0.353,0.0461,0.01316,1.10656,62600,0.0262,0.5844,0.47,0.00378,0.438,0.5492,0.395,0.311,0.2622,11.3,0.07762,0.05512,0.13,0.0585,0.216,0.06814,0.02156,0.1862,120,3.7,2880,10.76,0.0016122,3.32,230.2,56.5,147,174,198,64.56,7.162e-06,2.408e-06,12.3,1.88e-06,41.984,1980000.4,110000.6,5.774,21.7,3.36,0.005022,31.4,63000.4,17140,0.00129
61.3,5778,0.353,0.0461,0.01316,1.10656,62600,0.0262,0.5844,0.47,0.00378,0.438,0.5492,0.395,0.311,0.2622,11.3,0.07762,0.05512,0.13,0.0585,0.216,0.06814,0.02156,0.1862,120,3.7,2880,10.76,0.0016122,3.32,230.2,56.5,147,174,198,64.56,8.05e-06,2.408e-06,12.3,1.88e-06,41.984,1980000.4,110000.6,5.774,21.7,3.36,0.005022,31.4,63000.4,17140,0.00129
61.3,5778,0.353,0.0461,0.01316,1.10656,62600,0.0262,0.5844,0.47,0.00378,0.438,0.5492,0.395,0.311,0.2622,11.3,0.07762,0.05512,0.13,0.0585,0.216,0.06814,0.02156,0.1862,120,3.7,2880,10.76,0.0016122,3.32,230.2,56.5,130.8,174,198,64.56,8.05e-06,2.408e-06,12.3,1.88e-06,41.984,1980000.4,110000.6,5.774,21.7,3.36,0.005022,31.4,63000.4,17140,0.00129
61.3,5778,0.353,0.0461,0.01316,1.10656,62600,0.0262,0.5844,0.47,0.00378,0.438,0.5492,0.395,0.311,0.2622,11.3,0.07762,0.05512,0.13,0.0585,0.216,0.06814,0.02156,0.1862,120,3.7,2880,10.76,0.0016122,3.32,230.2,56.5,130.8,174,198,64.56,8.05e-06,2.408e-06,12.3,2.858e-06,41.984,1980000.4,110000.6,5.774,21.7,3.36,0.005022,31.4,63000.4,17140,0.00129
61.3,5778,0.4418,0.0461,0.01316,1.10656,62600,0.0262,0.5844,0.47,0.00378,0.438,0.5492,0.395,0.311,0.2622,11.3,0.07762,0.05512,0.13,0.0585,0.216,0.06814,0.02156,0.1862,120,3.7,2880,10.76,0.0016122,3.32,230.2,56.5,130.8,174,198,64.56,8.05e-06,2.408e-06,12.3,2.858e-06,41.984,1980000.4,110000.6,5.774,21.7,3.36,0.005022,31.4,63000.4,17140,0.00129
61.3,5778,0.4418,0.0461,0.01316,1.10656,62600,0.0262,0.5844,0.47,0.00378,0.438,0.5492,0.395,0.311,0.2622,11.3,0.07762,0.05512,0.13,0.0585,0.216,0.06814,0.02156,0.149,120,3.7,2880,10.76,0.0016122,3.32,230.2,56.5,130.8,174,198,64.56,8.05e-06,2.408e-06,12.3,2.858e-06,41.984,1980000.4,110000.6,5.774,21.7,3.36,0.005022,31.4,63000.4,17140,0.00129
61.3,5778,0.4418,0.0461,0.01484,1.10656,62600,0.0262,0.5844,0.47,0.00378,0.438,0.5492,0.395,0.311,0.2622,11.3,0.07762,0.05512,0.13,0.0585,0.216,0.06814,0.02156,0.149,120,3.7,2880,10.76,0.0016122,3.32,230.2,56.5,130.8,174,198,64.56,8.05e-06,2.408e-06,12.3,2.858e-06,41.984,1980000.4,110000.6,5.774,21.7,3.36,0.005022,31.4,63000.4,17140,0.00129
61.3,5778,0.4418,0.0461,0.01484,1.10656,62600,0.0262,0.5844,0.47,0.00378,0.438,0.5492,0.395,0.311,0.2622,11.3,0.07762,0.05512,0.13,0.0585,0.216,0.06814,0.02156,0.149,73.92,3.7,2880,10.76,0.0016122,3.32,230.2,56.5,130.8,174,198,64.56,8.05e-06,2.408e-06,12.3,2.858e-06,41.984,1980000.4,110000.6,5.774,21.7,3.36,0.005022,31.4,63000.4,17140,0.00129
61.3,5778,0.4418,0.0461,0.01484,1.10656,62600,0.0262,0.5844,0.47,0.00378,0.438,0.5492,0.395,0.311,0.2622,11.3,0.07762,0.05512,0.13,0.0585,0.216,0.06814,0.02156,0.149,73.92,3.7,2880,10.76,0.0016122,1.58,230.2,56.5,130.8,174,198,64.56,8.05e-06,2.408e-06,12.3,2.858e-06,41.984,1980000.4,110000.6,5.774,21.7,3.36,0.005022,31.4,63000.4,17140,0.00129
61.3,5778,0.4418,0.0461,0.01484,1.10656,62600,0.0262,0.5844,0.47,0.00378,0.438,0.5492,0.395,0.311,0.2622,11.3,0.07762,0.05512,0.13,0.0585,0.216,0.06814,0.02156,0.149,73.92,3.7,2880,10.76,0.0016122,1.58,230.2,56.5,130.8,154.8,198,64.56,8.05e-06,2.408e-06,12.3,2.858e-06,41.984,1980000.4,110000.6,5.774,21.7,3.36,0.005022,31.4,63000.4,17140,0.00129
61.3,5778,0.4418,0.0461,0.01484,1.10656,62600,0.0262,0.5844,0.4184,0.00378,0.438,0.5492,0.395,0.311,0.2622,11.3,0.07762,0.05512,0.13,0.0585,0.216,0.06814,0.02156,0.149,73.92,3.7,2880,10.76,0.0016122,1.58,230.2,56.5,130.8,154.8,198,64.56,8.05e-06,2.408e-06,12.3,2.858e-06,41.984,1980000.4,110000.6,5.774,21.7,3.36,0.005022,31.4,63000.4,17140,0.00129
61.3,5778,0.4418,0.0461,0.01484,1.10656,62600,0.0262,0.5844,0.4184,0.00378,0.438,0.5492,0.395,0.2774,0.2622,11.3,0.07762,0.05512,0.13,0.0585,0.216,0.06814,0.02156,0.149,73.92,3.7,2880,10.76,0.0016122,1.58,230.2,56.5,130.8,154.8,198,64.56,8.05e-06,2.408e-06,12.3,2.858e-06,41.984,1980000.4,110000.6,5.774,21.7,3.36,0.005022,31.4,63000.4,17140,0.00129
61.3,5778,0.4418,0.0461,0.01484,1.10656,62600,0.0262,0.5844,0.4184,0.00378,0.438,0.5492,0.395,0.2774,0.2622,11.3,0.07762,0.05512,0.1468,0.0585,0.216,0.06814,0.02156,0.149,73.92,3.7,2880,10.76,0.0016122,1.58,230.2,56.5,130.8,154.8,198,64.56,8.05e-06,2.408e-06,12.3,2.858e-06,41.984,1980000.4,110000.6,5.774,21.7,3.36,0.005022,31.4,63000.4,17140,0.00129
61.3,5778,0.4418,0.0461,0.01484,1.10656,62600,0.0262,0.5844,0.4184,0.00378,0.438,0.5492,0.395,0.2774,0.2622,11.3,0.07762,0.05512,0.1468,0.0585,0.216,0.06814,0.02156,0.149,73.92,3.7,2880,12.44,0.0016122,1.58,230.2,56.5,130.8,154.8,198,64.56,8.05e-06,2.408e-06,12.3,2.858e-06,41.984,1980000.4,110000.6,5.774,21.7,3.36,0.005022,31.4,63000.4,17140,0.00129
61.3,5778,0.4418,0.0461,0.01484,1.10656,62600,0.0262,0.5844,0.4184,0.00378,0.438,0.5492,0.395,0.2774,0.2622,11.3,0.07762,0.05512,0.1468,0.0585,0.216,0.06814,0.02156,0.149,73.92,3.7,2880,12.44,0.0004488,1.58,230.2,56.5,130.8,154.8,198,64.56,8.05e-06,2.408e-06,12.3,2.858e-06,41.984,1980000.4,110000.6,5.774,21.7,3.36,0.005022,31.4,63000.4,17140,0.00129
61.3,5778,0.4418,0.0461,0.01484,1.10656,62600,0.0262,0.5844,0.4184,0.00378,0.438,0.5492,0.395,0.2774,0.2622,11.3,0.07762,0.05512,0.1468,0.0585,0.216,0.06814,0.02156,0.149,73.92,3.292,2880,12.44,0.0004488,1.58,230.2,56.5,130.8,154.8,198,64.56,8.05e-06,2.408e-06,12.3,2.858e-06,41.984,1980000.4,110000.6,5.774,21.7,3.36,0.005022,31.4,63000.4,17140,0.00129
61.3,5778,0.4418,0.0461,0.01484,1.10656,62600,0.0262,0.5844,0.4184,0.00378,0.438,0.5492,0.395,0.2774,0.2622,11.3,0.07762,0.05512,0.1468,0.0585,0.216,0.06814,0.02156,0.149,73.92,3.292,2880,12.44,0.0004488,1.58,230.2,56.5,130.8,154.8,198,64.56,8.05e-06,2.408e-06,12.3,2.858e-06,41.984,1980000.4,110000.6,5.774,1,3.36,0.005022,31.4,63000.4,17140,0.00129
61.3,4330,0.4122,0.0497,0.0126,0.74484,58400,0.0222,0.516,0.4012,0.00378,0.358,0.485,0.411,0.2662,0.2328,9.644,0.0837,0.05512,0.1468,0.0663,0.216,0.06302,0.02244,0.1614,104.64,3.292,1152.6,12.44,0.0012244,1.58,195,64.06,130.8,161.2,183.6,62.12,6.866e-06,2.202e-06,12.3,3.51e-06,174,1,110000.6,5.774,14.8,1,0.00537,52.2,84000.2,17140,0.092374
61.3,4330,0.4122,0.0497,0.0126,0.74484,58400,0.0222,0.516,0.4012,0.00378,0.358,0.485,0.411,0.2662,0.2328,9.644,0.0837,0.05512,0.1468,0.0663,0.216,0.06302,0.02244,0.1614,104.64,3.292,2880,12.44,0.0012244,1.58,195,64.06,130.8,161.2,183.6,62.12,6.866e-06,2.202e-06,12.3,3.51e-06,174,1,110000.6,5.774,14.8,1,0.00537,52.2,84000.2,17140,0.092374
61.3,4330,0.4122,0.0497,0.0126,0.74484,58400,0.0222,0.516,0.4012,0.00378,0.358,0.485,0.411,0.2662,0.2328,9.644,0.0837,0.05512,0.1468,0.0663,0.216,0.06302,0.02244,0.1614,104.64,3.292,2880,12.44,0.0012244,1.58,195,64.06,130.8,161.2,183.6,62.12,6.866e-06,2.202e-06,12.3,2.532e-06,174,1,110000.6,5.774,14.8,1,0.00537,52.2,84000.2,17140,0.092374
61.3,4330,0.4122,0.0497,0.0126,0.74484,58400,0.0222,0.516,0.4012,0.00378,0.358,0.485,0.411,0.2662,0.2328,9.644,0.0837,0.05512,0.1468,0.0663,0.216,0.06302,0.02244,0.1614,58.56,3.292,2880,12.44,0.0012244,1.58,195,64.06,130.8,161.2,183.6,62.12,6.866e-06,2.202e-06,12.3,2.532e-06,174,1,110000.6,5.774,14.8,1,0.00537,52.2,84000.2,17140,0.092374
61.3,4330,0.4122,0.0497,0.0126,0.74484,58400,0.0222,0.516,0.4012,0.00378,0.358,0.485,0.411,0.2662,0.2328,9.644,0.0837,0.05512,0.1468,0.0663,0.216,0.06302,0.02244,0.1614,58.56,3.292,2880,12.44,0.0012244,1.58,195,64.06,130.8,161.2,183.6,62.12,6.866e-06,2.202e-06,12.3,2.532e-06,174,1,110000.6,5.774,14.8,1,0.00537,21,84000.2,17140,0.092374
61.3,4330,0.4122,0.0497,0.0126,0.74484,58400,0.0222,0.516,0.4012,0.00378,0.358,0.485,0.411,0.2662,0.2328,9.644,0.0837,0.05512,0.1468,0.0663,0.216,0.06302,0.02244,0.1614,58.56,3.292,2880,12.44,0.0012244,1.58,195,64.06,130.8,161.2,162,62.12,6.866e-06,2.202e-06,12.3,2.532e-06,174,1,110000.6,5.774,14.8,1,0.00537,21,84000.2,17140,0.092374
61.3,4330,0.4122,0.0497,0.0126,0.74484,58400,0.0222,0.516,0.4012,0.00378,0.358,0.485,0.411,0.2662,0.2328,9.644,0.0837,0.05512,0.1468,0.0663,0.216,0.06302,0.02244,0.1614,58.56,3.7,2880,12.44,0.0012244,1.58,195,64.06,130.8,161.2,162,62.12,6.866e-06,2.202e-06,12.3,2.532e-06,174,1,110000.6,5.774,14.8,1,0.00537,21,84000.2,17140,0.092374
61.3,4330,0.4122,0.0497,0.0126,0.74484,71000,0.0222,0.516,0.4012,0.00378,0.358,0.485,0.411,0.2662,0.2328,9.644,0.0837,0.05512,0.1468,0.0663,0.216,0.06302,0.02244,0.1614,58.56,3.7,2880,12.44,0.0012244,1.58,195,64.06,130.8,161.2,162,62.12,6.866e-06,2.202e-06,12.3,2.532e-06,174,1,110000.6,5.774,14.8,1,0.00537,21,84000.2,17140,0.092374
61.3,5416,0.4122,0.0497,0.0126,0.74484,71000,0.0222,0.516,0.4012,0.00378,0.358,0.485,0.411,0.2662,0.2328,9.644,0.0837,0.05512,0.1468,0.0663,0.216,0.06302,0.02244,0.1614,58.56,3.7,2880,12.44,0.0012244,1.58,195,64.06,130.8,161.2,162,62.12,6.866e-06,2.202e-06,12.3,2.532e-06,174,1,110000.6,5.774,14.8,1,0.00537,21,84000.2,17140,0.092374
61.3,5416,0.4122,0.0497,0.0126,0.74484,71000,0.0222,0.516,0.4012,0.00378,0.358,0.485,0.411,0.2662,0.2622,9.644,0.0837,0.05512,0.1468,0.0663,0.216,0.06302,0.02244,0.1614,58.56,3.7,2880,12.44,0.0012244,1.58,195,64.06,130.8,161.2,162,62.12,6.866e-06,2.202e-06,12.3,2.532e-06,174,1,110000.6,5.774,14.8,1,0.00537,21,84000.2,17140,0.092374
61.3,5416,0.4122,0.0497,0.0126,0.74484,71000,0.0252,0.516,0.4012,0.00378,0.358,0.485,0.411,0.2662,0.2622,9.644,0.0837,0.05512,0.1468,0.0663,0.216,0.06302,0.02244,0.1614,58.56,3.7,2880,12.44,0.0012244,1.58,195,64.06,130.8,161.2,162,62.12,6.866e-06,2.202e-06,12.3,2.532e-06,174,1,110000.6,5.774,14.8,1,0.00537,21,84000.2,17140,0.092374
61.3,5416,0.4122,0.0497,0.0126,0.74484,71000,0.0252,0.516,0.4012,0.00378,0.358,0.485,0.411,0.2662,0.2622,9.644,0.0837,0.05512,0.1468,0.0663,0.216,0.06302,0.0198,0.1614,58.56,3.7,2880,12.44,0.0012244,1.58,195,64.06,130.8,161.2,162,62.12,6.866e-06,2.202e-06,12.3,2.532e-06,174,1,110000.6,5.774,14.8,1,0.00537,21,84000.2,17140,0.092374
61.3,5416,0.4122,0.0497,0.0126,0.74484,71000,0.0252,0.516,0.4012,0.00378,0.358,0.485,0.411,0.2662,0.2622,9.644,0.0837,0.05512,0.1468,0.0663,0.216,0.06302,0.0198,0.1614,58.56,3.7,2880,10.76,0.0012244,1.58,195,64.06,130.8,161.2,162,62.12,6.866e-06,2.202e-06,12.3,2.532e-06,174,1,110000.6,5.774,14.8,1,0.00537,21,84000.2,17140,0.092374
61.3,5416,0.4122,0.0497,0.0126,1.83,71000,0.0252,0.516,0.4012,0.00378,0.358,0.485,0.411,0.2662,0.2622,9.644,0.0837,0.05512,0.1468,0.0663,0.216,0.06302,0.0198,0.1614,58.56,3.7,2880,10.76,0.0012244,1.58,195,64.06,130.8,161.2,162,62.12,6.866e-06,2.202e-06,12.3,2.532e-06,174,1,110000.6,5.774,14.8,1,0.00537,21,84000.2,17140,0.092374
61.3,5416,0.4122,0.0497,0.0126,1.83,71000,0.0252,0.516,0.4012,0.00378,0.358,0.485,0.411,0.2662,0.2622,9.644,0.0837,0.05512,0.1468,0.0663,0.216,0.06302,0.0198,0.1614,58.56,3.7,2880,10.76,0.0012244,1.58,195,64.06,130.8,142,162,62.12,6.866e-06,2.202e-06,12.3,2.532e-06,174,1,110000.6,5.774,14.8,1,0.00537,21,84000.2,17140,0.092374
61.3,5416,0.4122,0.0497,0.01428,1.83,71000,0.0252,0.516,0.4012,0.00378,0.358,0.485,0.411,0.2662,0.2622,9.644,0.0837,0.05512,0.1468,0.0663,0.216,0.06302,0.0198,0.1614,58.56,3.7,2880,10.76,0.0012244,1.58,195,64.06,130.8,142,162,62.12,6.866e-06,2.202e-06,12.3,2.532e-06,174,1,110000.6,5.774,14.8,1,0.00537,21,84000.2,17140,0.092374
61.3,5416,0.4122,0.0497,0.01428,1.83,71000,0.0252,0.516,0.4012,0.004284,0.358,0.485,0.411,0.2662,0.2622,9.644,0.0837,0.05512,0.1468,0.0663,0.216,0.06302,0.0198,0.1614,58.56,3.7,2880,10.76,0.0012244,1.58,195,64.06,130.8,142,162,62.12,6.866e-06,2.202e-06,12.3,2.532e-06,174,1,110000.6,5.774,14.8,1,0.00537,21,84000.2,17140,0.092374
61.3,5416,0.4122,0.0497,0.01428,1.83,71000,0.0252,0.516,0.4012,0.004284,0.358,0.485,0.411,0.2662,0.2622,9.644,0.0837,0.05512,0.1468,0.0663,0.216,0.06302,0.0198,0.1986,58.56,3.7,2880,10.76,0.0012244,1.58,195,64.06,130.8,142,162,62.12,6.866e-06,2.202e-06,12.3,2.532e-06,174,1,110000.6,5.774,14.8,1,0.00537,21,84000.2,17140,0.092374
61.3,5416,0.4122,0.0497,0.01428,1.83,71000,0.0252,0.516,0.4012,0.004284,0.358,0.485,0.411,0.2662,0.2622,9.644,0.0837,0.05512,0.1468,0.0663,0.216,0.06302,0.0198,0.1986,58.56,3.7,2880,10.76,0.0012244,1.58,195,64.06,130.8,142,162,62.12,6.866e-06,2.202e-06,12.3,2.532e-06,174,1,275000,5.774,14.8,1,0.00537,21,84000.2,17140,0.092374
61.3,5416,0.4122,0.0497,0.01428,1.83,71000,0.0252,0.516,0.4012,0.004284,0.358,0.485,0.411,0.2662,0.2622,9.644,0.0837,0.05512,0.1468,0.0663,0.216,0.06302,0.0198,0.1986,58.56,3.7,2880,10.76,0.0012244,1.58,195,64.06,130.8,142,162,62.12,6.866e-06,2.82e-06,12.3,2.532e-06,174,1,275000,5.774,14.8,1,0.00537,21,84000.2,17140,0.092374
61.3,5416,0.4122,0.0497,0.01428,1.83,71000,0.0252,0.516,0.4012,0.004284,0.358,0.485,0.411,0.2662,0.2622,9.644,0.0837,0.05512,0.1468,0.0663,0.216,0.06302,0.0198,0.1986,58.56,3.7,2880,10.76,6.1e-05,1.58,195,64.06,130.8,142,162,62.12,6.866e-06,2.82e-06,12.3,2.532e-06,174,1,275000,5.774,14.8,1,0.00537,21,84000.2,17140,0.092374
61.3,5416,0.4122,0.0497,0.01428,1.83,71000,0.0252,0.516,0.4012,0.004284,0.358,0.485,0.411,0.2662,0.2622,9.644,0.0837,0.05512,0.1468,0.0663,0.216,0.06302,0.0198,0.1986,58.56,3.7,2880,10.76,6.1e-05,1.58,195,64.06,130.8,142,162,62.12,6.866e-06,2.82e-06,60.72,2.532e-06,174,1,275000,5.774,14.8,1,0.00537,21,84000.2,17140,0.092374
61.3,5416,0.4122,0.0497,0.01428,1.83,71000,0.0252,0.516,0.4012,0.004284,0.358,0.485,0.411,0.2662,0.2622,9.644,0.0837,0.04888,0.1468,0.0663,0.216,0.06302,0.0198,0.1986,58.56,3.7,2880,10.76,6.1e-05,1.58,195,64.06,130.8,142,162,62.12,6.866e-06,2.82e-06,60.72,2.532e-06,174,1,275000,5.774,14.8,1,0.00537,21,84000.2,17140,0.092374
61.3,5416,0.4122,0.0497,0.01428,1.83,71000,0.0252,0.516,0.4012,0.004284,0.358,0.485,0.411,0.2662,0.2622,9.644,0.0837,0.04888,0.1468,0.0663,0.216,0.06302,0.0198,0.1986,58.56,3.7,2880,10.76,6.1e-05,1.58,195,64.06,130.8,142,162,62.12,6.866e-06,2.82e-06,60.72,2.532e-06,174,1,275000,5.774,14.8,1,0.004326,21,84000.2,17140,0.092374
61.3,5416,0.4122,0.0497,0.01428,1.83,71000,0.0252,0.516,0.4012,0.004284,0.406,0.485,0.411,0.2662,0.2622,9.644,0.0837,0.04888,0.1468,0.0663,0.216,0.06302,0.0198,0.1986,58.56,3.7,2880,10.76,6.1e-05,1.58,195,64.06,130.8,142,162,62.12,6.866e-06,2.82e-06,60.72,2.532e-06,174,1,275000,5.774,14.8,1,0.004326,21,84000.2,17140,0.092374
61.3,5416,0.4122,0.0497,0.01428,1.83,71000,0.0252,0.516,0.4012,0.004284,0.406,0.485,0.411,0.2662,0.2622,9.644,0.0837,0.04888,0.1468,0.0663,0.216,0.06302,0.0198,0.1986,58.56,3.7,2880,10.76,6.1e-05,1.58,195,64.06,130.8,142,162,62.12,6.866e-06,2.82e-06,60.72,2.532e-06,174,1,275000,5.774,14.8,8.08,0.004326,21,84000.2,17140,0.092374
61.3,5416,0.4122,0.0497,0.01428,1.83,71000,0.0252,0.516,0.4012,0.004284,0.406,0.5492,0.411,0.2662,0.2622,9.644,0.0837,0.04888,0.1468,0.0663,0.216,0.06302,0.0198,0.1986,58.56,3.7,2880,10.76,6.1e-05,1.58,195,64.06,130.8,142,162,62.12,6.866e-06,2.82e-06,60.72,2.532e-06,174,1,275000,5.774,14.8,8.08,0.004326,21,84000.2,17140,0.092374
61.3,5416,0.4122,0.0497,0.01428,1.83,71000,0.0252,0.516,0.4528,0.004284,0.406,0.5492,0.411,0.2662,0.2622,9.644,0.0837,0.04888,0.1468,0.0663,0.216,0.06302,0.0198,0.1986,58.56,3.7,2880,10.76,6.1e-05,1.58,195,64.06,130.8,142,162,62.12,6.866e-06,2.82e-06,60.72,2.532e-06,174,1,275000,5.774,14.8,8.08,0.004326,21,84000.2,17140,0.092374
61.3,5416,0.4122,0.0497,0.01428,1.83,71000,0.0252,0.516,0.4528,0.004284,0.406,0.5492,0.411,0.2662,0.2622,9.644,0.0837,0.04888,0.1468,0.0663,0.216,0.06302,0.0198,0.1986,58.56,3.7,2880,10.76,6.1e-05,1.58,195,64.06,130.8,142,162,62.12,6.866e-06,2.82e-06,60.72,2.532e-06,174,1,275000,5.774,14.8,8.08,0.004326,21,84000.2,19360,0.092374
61.3,5416,0.4122,0.0497,0.01428,1.83,71000,0.0252,0.516,0.4528,0.004284,0.406,0.5492,0.411,0.2662,0.2622,9.644,0.0837,0.04888,0.1468,0.0663,0.216,0.06302,0.0198,0.1986,58.56,3.7,2880,10.76,6.1e-05,1.58,195,64.06,130.8,142,162,62.12,6.866e-06,2.82e-06,60.72,2.532e-06,174,1,275000,8.426,14.8,8.08,0.004326,21,84000.2,19360,0.092374
61.3,5416,0.4122,0.0497,0.01428,1.83,71000,0.0252,0.516,0.4528,0.004284,0.406,0.5492,0.411,0.2662,0.2622,9.644,0.0837,0.04888,0.1468,0.0663,0.216,0.06302,0.0198,0.1986,58.56,3.7,2880,10.76,6.1e-05,1.58,195,64.06,130.8,142,162,62.12,6.866e-06,2.82e-06,60.72,2.532e-06,174,1,275000,8.426,14.8,8.08,0.004326,21,84000.2,19360,0.229
61.3,5416,0.4122,0.0443,0.01428,1.83,71000,0.0252,0.516,0.4528,0.004284,0.406,0.5492,0.411,0.2662,0.2622,9.644,0.0837,0.04888,0.1468,0.0663,0.216,0.06302,0.0198,0.1986,58.56,3.7,2880,10.76,6.1e-05,1.58,195,64.06,130.8,142,162,62.12,6.866e-06,2.82e-06,60.72,2.532e-06,174,1,275000,8.426,14.8,8.08,0.004326,21,84000.2,19360,0.229
61.3,5416,0.4122,0.0443,0.01428,1.83,71000,0.0252,0.516,0.4528,0.004284,0.406,0.5492,0.411,0.2662,0.2622,9.644,0.0837,0.04888,0.1468,0.0663,0.216,0.06302,0.0198,0.1986,58.56,3.7,2880,10.76,6.1e-05,3.32,195,64.06,130.8,142,162,62.12,6.866e-06,2.82e-06,60.72,2.532e-06,174,1,275000,8.426,14.8,8.08,0.004326,21,84000.2,19360,0.229
61.3,5416,0.4122,0.0443,0.01428,1.83,71000,0.0252,0.516,0.4528,0.004284,0.406,0.5492,0.411,0.2662,0.2622,9.644,0.0837,0.04888,0.1468,0.0663,0.216,0.06302,0.0198,0.1986,58.56,3.7,2880,10.76,6.1e-05,3.32,195,64.06,130.8,142,162,62.12,6.866e-06,2.82e-06,60.72,2.532e-06,174,1,275000,8.426,14.8,8.08,0.004326,21,21000.8,19360,0.229
61.3,5416,0.501,0.0443,0.01428,1.83,71000,0.0252,0.516,0.4528,0.004284,0.406,0.5492,0.411,0.2662,0.2622,9.644,0.0837,0.04888,0.1468,0.0663,0.216,0.06302,0.0198,0.1986,58.56,3.7,2880,10.76,6.1e-05,3.32,195,64.06,130.8,142,162,62.12,6.866e-06,2.82e-06,60.72,2.532e-06,174,1,275000,8.426,14.8,8.08,0.004326,21,21000.8,19360,0.229
61.3,5416,0.501,0.0443,0.01428,1.83,71000,0.0252,0.516,0.4528,0.004284,0.406,0.5492,0.411,0.2662,0.2622,9.644,0.0837,0.04888,0.1468,0.0663,0.216,0.0707,0.0198,0.1986,58.56,3.7,2880,10.76,6.1e-05,3.32,195,64.06,130.8,142,162,62.12,6.866e-06,2.82e-06,60.72,2.532e-06,174,1,275000,8.426,14.8,8.08,0.004326,21,21000.8,19360,0.229
61.3,5416,0.501,0.0443,0.01428,1.83,71000,0.0252,0.516,0.4528,0.004284,0.406,0.5492,0.411,0.2662,0.2622,9.644,0.0837,0.04888,0.13,0.0663,0.216,0.0707,0.0198,0.1986,58.56,3.7,2880,10.76,6.1e-05,3.32,195,64.06,130.8,142,162,62.12,6.866e-06,2.82e-06,60.72,2.532e-06,174,1,275000,8.426,14.8,8.08,0.004326,21,21000.8,19360,0.229
61.3,5416,0.501,0.0443,0.01428,1.83,71000,0.0252,0.516,0.4528,0.004284,0.406,0.5492,0.411,0.2662,0.2622,9.644,0.0837,0.04888,0.13,0.0663,0.216,0.0707,0.0198,0.1986,58.56,3.7,2880,10.76,6.1e-05,3.32,195,56.5,130.8,142,162,62.12,6.866e-06,2.82e-06,60.72,2.532e-06,174,1,275000,8.426,14.8,8.08,0.004326,21,21000.8,19360,0.229
61.3,5416,0.501,0.0443,0.01428,1.83,71000,0.0252,0.516,0.4528,0.004284,0.406,0.5492,0.411,0.2662,0.2622,9.644,0.0837,0.04888,0.13,0.0663,0.216,0.0707,0.0198,0.1986,58.56,3.7,2880,10.76,6.1e-05,3.32,195,56.5,130.8,142,162,62.12,6.866e-06,2.82e-06,60.72,2.532e-06,74.988,1,275000,8.426,14.8,8.08,0.004326,21,21000.8,19360,0.229
61.3,5416,0.501,0.0443,0.01428,1.83,71000,0.0252,0.516,0.4528,0.004284,0.406,0.5492,0.411,0.2662,0.2622,9.644,0.07458,0.04888,0.13,0.0663,0.216,0.0707,0.0198,0.1986,58.56,3.7,2880,10.76,6.1e-05,3.32,195,56.5,130.8,142,162,62.12,6.866e-06,2.82e-06,60.72,2.532e-06,74.988,1,275000,8.426,14.8,8.08,0.004326,21,21000.8,19360,0.229
61.3,5416,0.501,0.0443,0.01428,1.83,71000,0.0252,0.516,0.4528,0.004284,0.406,0.5492,0.411,0.2662,0.2622,9.644,0.07458,0.04888,0.13,0.0585,0.216,0.0707,0.0198,0.1986,58.56,3.7,2880,10.76,6.1e-05,3.32,195,56.5,130.8,142,162,62.12,6.866e-06,2.82e-06,60.72,2.532e-06,74.988,1,275000,8.426,14.8,8.08,0.004326,21,21000.8,19360,0.229
61.3,5416,0.501,0.0443,0.01428,1.83,71000,0.0252,0.5844,0.4528,0.004284,0.406,0.5492,0.411,0.2662,0.2622,9.644,0.07458,0.04888,0.13,0.0585,0.216,0.0707,0.0198,0.1986,58.56,3.7,2880,10.76,6.1e-05,3.32,195,56.5,130.8,142,162,62.12,6.866e-06,2.82e-06,60.72,2.532e-06,74.988,1,275000,8.426,14.8,8.08,0.004326,21,21000.8,19360,0.229
61.3,5416,0.501,0.0443,0.01428,1.83,71000,0.0252,0.5844,0.4528,0.004284,0.406,0.5492,0.411,0.2662,0.2622,9.644,0.07458,0.04888,0.13,0.0585,0.216,0.0707,0.0198,0.1986,58.56,3.7,2880,10.76,6.1e-05,3.32,195,56.5,130.8,142,162,62.12,6.866e-06,2.82e-06,60.72,2.532e-06,74.988,1980000.4,275000,8.426,14.8,8.08,0.004326,21,21000.8,19360,0.229
76.72,5416,0.501,0.0443,0.01428,1.83,71000,0.0252,0.5844,0.4528,0.004284,0.406,0.5492,0.411,0.2662,0.2622,9.644,0.07458,0.04888,0.13,0.0585,0.216,0.0707,0.0198,0.1986,58.56,3.7,2880,10.76,6.1e-05,3.32,195,56.5,130.8,142,162,62.12,6.866e-06,2.82e-06,60.72,2.532e-06,74.988,1980000.4,275000,8.426,14.8,8.08,0.004326,21,21000.8,19360,0.229
76.72,5416,0.501,0.0443,0.01428,1.83,71000,0.0252,0.5844,0.4528,0.004284,0.406,0.5492,0.363,0.2662,0.2622,9.644,0.07458,0.04888,0.13,0.0585,0.216,0.0707,0.0198,0.1986,58.56,3.7,2880,10.76,6.1e-05,3.32,195,56.5,130.8,142,162,62.12,6.866e-06,2.82e-06,60.72,2.532e-06,74.988,1980000.4,275000,8.426,14.8,8.08,0.004326,21,21000.8,19360,0.229
76.72,5416,0.501,0.0443,0.01428,1.83,71000,0.0252,0.5844,0.4528,0.004284,0.406,0.5492,0.363,0.2662,0.2622,9.644,0.07458,0.04888,0.13,0.0585,0.216,0.0707,0.0198,0.1986,58.56,3.7,2880,10.76,6.1e-05,3.32,195,56.5,147,142,162,62.12,6.866e-06,2.82e-06,60.72,2.532e-06,74.988,1980000.4,275000,8.426,14.8,8.08,0.004326,21,21000.8,19360,0.229
76.72,5416,0.501,0.0443,0.01428,1.83,71000,0.0252,0.5844,0.4528,0.004284,0.406,0.5492,0.363,0.2662,0.2622,9.644,0.07458,0.04888,0.13,0.0585,0.216,0.0707,0.0198,0.1986,58.56,3.7,2880,10.76,6.1e-05,3.32,221.4,56.5,147,142,162,62.12,6.866e-06,2.82e-06,60.72,2.532e-06,74.988,1980000.4,275000,8.426,14.8,8.08,0.004326,21,21000.8,19360,0.229
76.72,5416,0.501,0.0443,0.01428,1.83,71000,0.0252,0.5844,0.4528,0.004284,0.406,0.5492,0.363,0.2998,0.2622,9.644,0.07458,0.04888,0.13,0.0585,0.216,0.0707,0.0198,0.1986,58.56,3.7,2880,10.76,6.1e-05,3.32,221.4,56.5,147,142,162,62.12,6.866e-06,2.82e-06,60.72,2.532e-06,74.988,1980000.4,275000,8.426,14.8,8.08,0.004326,21,21000.8,19360,0.229
76.72,5416,0.501,0.0443,0.01428,1.83,71000,0.0252,0.5844,0.4528,0.004284,0.406,0.5492,0.363,0.2998,0.2622,9.644,0.07458,0.04888,0.13,0.0585,0.216,0.0707,0.0198,0.1986,58.56,3.7,2880,10.76,6.1e-05,3.32,221.4,56.5,147,142,162,62.12,6.866e-06,2.82e-06,60.72,2.532e-06,74.988,1980000.4,275000,8.426,35.5,8.08,0.004326,21,21000.8,19360,0.229
76.72,5416,0.501,0.0443,0.01428,1.83,71000,0.0252,0.5844,0.4528,0.004284,0.406,0.5492,0.363,0.2998,0.2622,9.644,0.07458,0.04888,0.13,0.0585,0.216,0.0707,0.0198,0.1986,58.56,3.7,2880,10.76,6.1e-05,3.32,221.4,56.5,147,142,162,62.12,7.754e-06,2.82e-06,60.72,2.532e-06,74.988,1980000.4,275000,8.426,35.5,8.08,0.004326,21,21000.8,19360,0.229
76.72,5416,0.501,0.0443,0.01428,1.83,71000,0.0252,0.5844,0.4528,0.004284,0.406,0.5492,0.363,0.2998,0.2622,9.644,0.07458,0.04888,0.13,0.0585,0.192,0.0707,0.0198,0.1986,58.56,3.7,2880,10.76,6.1e-05,3.32,221.4,56.5,147,142,162,62.12,7.754e-06,2.82e-06,60.72,2.532e-06,74.988,1980000.4,275000,8.426,35.5,8.08,0.004326,21,21000.8,19360,0.229
76.72,5416,0.501,0.0443,0.01428,1.83,71000,0.0252,0.5844,0.4528,0.004284,0.406,0.5492,0.363,0.2998,0.2622,9.644,0.07458,0.04888,0.13,0.0585,0.192,0.0707,0.0198,0.1986,58.56,3.7,2880,10.76,6.1e-05,3.32,221.4,56.5,147,142,162,54.8,7.754e-06,2.82e-06,60.72,2.532e-06,74.988,1980000.4,275000,8.426,35.5,8.08,0.004326,21,21000.8,19360,0.229
76.72,5416,0.501,0.0443,0.01428,1.83,71000,0.0252,0.5844,0.4528,0.004284,0.406,0.5492,0.363,0.2998,0.2622,10.886,0.07458,0.04888,0.13,0.0585,0.192,0.0707,0.0198,0.1986,58.56,3.7,2880,10.76,6.1e-05,3.32,221.4,56.5,147,142,162,54.8,7.754e-06,2.82e-06,60.72,2.532e-06,74.988,1980000.4,275000,8.426,35.5,8.08,0.004326,21,21000.8,19360,0.229
66.44,5416,0.501,0.0461,0.0154,1.46828,66800,0.0222,0.516,0.4356,0.004116,0.422,0.592,0.443,0.2662,0.223,10.058,0.07762,0.05096,0.158,0.0689,0.192,0.0579,0.02244,0.1738,104.64,3.428,2304.2,10.2,0.0016122,2.74,221.4,69.1,125.4,148.4,169.2,62.12,7.458e-06,2.82e-06,12.3,1.88e-06,74.988,3300000,220000.2,4.89,35.5,5.72,0.004326,41.8,84000.2,19360,0.183458
66.44,5416,0.501,0.0461,0.01372,1.46828,66800,0.0222,0.516,0.4356,0.004116,0.422,0.592,0.443,0.2662,0.223,10.058,0.07762,0.05096,0.158,0.0689,0.192,0.0579,0.02244,0.1738,104.64,3.428,2304.2,10.2,0.0016122,2.74,221.4,69.1,125.4,148.4,169.2,62.12,7.458e-06,2.82e-06,12.3,1.88e-06,74.988,3300000,220000.2,4.89,35.5,5.72,0.004326,41.8,84000.2,19360,0.183458
66.44,5416,0.501,0.0461,0.01372,1.46828,66800,0.0222,0.516,0.4356,0.004116,0.422,0.592,0.443,0.2662,0.223,10.058,0.07762,0.05096,0.158,0.0689,0.192,0.0579,0.02244,0.1738,104.64,3.428,2304.2,10.2,0.0004488,2.74,221.4,69.1,125.4,148.4,169.2,62.12,7.458e-06,2.82e-06,12.3,1.88e-06,74.988,3300000,220000.2,4.89,35.5,5.72,0.004326,41.8,84000.2,19360,0.183458
66.44,5416,0.501,0.0461,0.01372,1.46828,66800,0.0222,0.516,0.4356,0.004116,0.422,0.592,0.443,0.2662,0.223,10.058,0.07762,0.05096,0.1412,0.0689,0.192,0.0579,0.02244,0.1738,104.64,3.428,2304.2,10.2,0.0004488,2.74,221.4,69.1,125.4,148.4,169.2,62.12,7.458e-06,2.82e-06,12.3,1.88e-06,74.988,3300000,220000.2,4.89,35.5,5.72,0.004326,41.8,84000.2,19360,0.183458
66.44,5416,0.501,0.0407,0.01372,1.46828,66800,0.0222,0.516,0.4356,0.004116,0.422,0.592,0.443,0.2662,0.223,10.058,0.07762,0.05096,0.1412,0.0689,0.192,0.0579,0.02244,0.1738,104.64,3.428,2304.2,10.2,0.0004488,2.74,221.4,69.1,125.4,148.4,169.2,62.12,7.458e-06,2.82e-06,12.3,1.88e-06,74.988,3300000,220000.2,4.89,35.5,5.72,0.004326,41.8,84000.2,19360,0.183458
66.44,5416,0.501,0.0407,0.01372,1.46828,54200,0.0222,0.516,0.4356,0.004116,0.422,0.592,0.443,0.2662,0.223,10.058,0.07762,0.05096,0.1412,0.0689,0.192,0.0579,0.02244,0.1738,104.64,3.428,2304.2,10.2,0.0004488,2.74,221.4,69.1,125.4,148.4,169.2,62.12,7.458e-06,2.82e-06,12.3,1.88e-06,74.988,3300000,220000.2,4.89,35.5,5.72,0.004326,41.8,84000.2,19360,0.183458
66.44,5416,0.501,0.0407,0.01372,1.46828,54200,0.0222,0.516,0.4356,0.004116,0.422,0.592,0.443,0.2662,0.223,10.058,0.07762,0.05096,0.1412,0.0689,0.192,0.0579,0.02244,0.1738,104.64,3.428,2304.2,11.88,0.0004488,2.74,221.4,69.1,125.4,148.4,169.2,62.12,7.458e-06,2.82e-06,12.3,1.88e-06,74.988,3300000,220000.2,4.89,35.5,5.72,0.004326,41.8,84000.2,19360,0.183458
66.44,5416,0.501,0.0407,0.01372,1.46828,54200,0.0222,0.516,0.4356,0.004116,0.422,0.592,0.443,0.2662,0.223,10.058,0.07762,0.05096,0.1412,0.0689,0.216,0.0579,0.02244,0.1738,104.64,3.428,2304.2,11.88,0.0004488,2.74,221.4,69.1,125.4,148.4,169.2,62.12,7.458e-06,2.82e-06,12.3,1.88e-06,74.988,3300000,220000.2,4.89,35.5,5.72,0.004326,41.8,84000.2,19360,0.183458
66.44,5416,0.501,0.0407,0.01372,1.46828,54200,0.0222,0.516,0.4356,0.004116,0.422,0.592,0.443,0.2662,0.223,10.058,0.07762,0.05096,0.1412,0.0689,0.216,0.0579,0.02244,0.1738,104.64,3.428,576.8,11.88,0.0004488,2.74,221.4,69.1,125.4,148.4,169.2,62.12,7.458e-06,2.82e-06,12.3,1.88e-06,74.988,3300000,220000.2,4.89,35.5,5.72,0.004326,41.8,84000.2,19360,0.183458
66.44,5416,0.501,0.0407,0.01372,1.46828,54200,0.0222,0.516,0.4356,0.004116,0.422,0.592,0.443,0.2662,0.223,10.058,0.07762,0.05096,0.1412,0.0689,0.216,0.0579,0.02244,0.1738,104.64,3.428,576.8,11.88,0.0004488,2.74,221.4,69.1,125.4,148.4,169.2,62.12,7.458e-06,2.82e-06,12.3,1.88e-06,74.988,3300000,55000.8,4.89,35.5,5.72,0.004326,41.8,84000.2,19360,0.183458
66.44,5416,0.501,0.0407,0.01372,1.46828,54200,0.0222,0.516,0.4356,0.004116,0.422,0.592,0.443,0.2662,0.223,10.058,0.07762,0.05096,0.1412,0.0689,0.216,0.0579,0.02244,0.1738,104.64,3.428,576.8,11.88,0.0004488,2.74,221.4,69.1,125.4,148.4,169.2,62.12,7.458e-06,2.82e-06,60.72,1.88e-06,74.988,3300000,55000.8,4.89,35.5,5.72,0.004326,41.8,84000.2,19360,0.183458
66.44,5416,0.501,0.0407,0.01372,1.46828,54200,0.0222,0.516,0.4356,0.004116,0.422,0.592,0.443,0.2662,0.223,10.058,0.07762,0.05096,0.1412,0.0689,0.216,0.0579,0.02244,0.1738,104.64,3.428,576.8,11.88,0.0004488,2.74,221.4,69.1,125.4,148.4,169.2,62.12,7.458e-06,2.82e-06,60.72,1.88e-06,74.988,1320000.6,55000.8,4.89,35.5,5.72,0.004326,41.8,84000.2,19360,0.183458
66.44,5416,0.501,0.0407,0.01372,1.46828,54200,0.0222,0.516,0.4356,0.004116,0.422,0.592,0.443,0.2662,0.223,11.3,0.07762,0.05096,0.1412,0.0689,0.216,0.0579,0.02244,0.1738,104.64,3.428,576.8,11.88,0.0004488,2.74,221.4,69.1,125.4,148.4,169.2,62.12,7.458e-06,2.82e-06,60.72,1.88e-06,74.988,1320000.6,55000.8,4.89,35.5,5.72,0.004326,41.8,84000.2,19360,0.183458
66.44,5416,0.501,0.0407,0.01372,1.46828,54200,0.0222,0.516,0.4356,0.004116,0.422,0.592,0.443,0.2662,0.223,11.3,0.07762,0.05096,0.1412,0.0689,0.216,0.06558,0.02244,0.1738,104.64,3.428,576.8,11.88,0.0004488,2.74,221.4,69.1,125.4,148.4,169.2,62.12,7.458e-06,2.82e-06,60.72,1.88e-06,74.988,1320000.6,55000.8,4.89,35.5,5.72,0.004326,41.8,84000.2,19360,0.183458
66.44,5416,0.501,0.0407,0.01372,1.46828,54200,0.0222,0.516,0.4356,0.004116,0.422,0.5278,0.443,0.2662,0.223,11.3,0.07762,0.05096,0.1412,0.0689,0.216,0.06558,0.02244,0.1738,104.64,3.428,576.8,11.88,0.0004488,2.74,221.4,69.1,125.4,148.4,169.2,62.12,7.458e-06,2.82e-06,60.72,1.88e-06,74.988,1320000.6,55000.8,4.89,35.5,5.72,0.004326,41.8,84000.2,19360,0.183458
66.44,5416,0.501,0.0407,0.01372,1.46828,54200,0.0222,0.516,0.384,0.004116,0.422,0.5278,0.443,0.2662,0.223,11.3,0.07762,0.05096,0.1412,0.0689,0.216,0.06558,0.02244,0.1738,104.64,3.428,576.8,11.88,0.0004488,2.74,221.4,69.1,125.4,148.4,169.2,62.12,7.458e-06,2.82e-06,60.72,1.88e-06,74.988,1320000.6,55000.8,4.89,35.5,5.72,0.004326,41.8,84000.2,19360,0.183458
66.44,5416,0.501,0.0407,0.01372,1.46828,54200,0.0222,0.516,0.384,0.004116,0.422,0.5278,0.443,0.2662,0.223,11.3,0.07762,0.05096,0.1412,0.0689,0.216,0.06558,0.02244,0.1738,104.64,3.428,576.8,11.88,0.0004488,2.74,221.4,69.1,125.4,148.4,169.2,62.12,6.57e-06,2.82e-06,60.72,1.88e-06,74.988,1320000.6,55000.8,4.89,35.5,5.72,0.004326,41.8,84000.2,19360,0.183458
66.44,5416,0.501,0.0407,0.01372,1.46828,54200,0.0222,0.516,0.384,0.004116,0.422,0.5278,0.443,0.2662,0.223,11.3,0.07762,0.05096,0.1412,0.0689,0.216,0.06558,0.02244,0.1738,104.64,3.428,576.8,11.88,0.0004488,2.74,221.4,69.1,141.6,148.4,169.2,62.12,6.57e-06,2.82e-06,60.72,1.88e-06,74.988,1320000.6,55000.8,4.89,35.5,5.72,0.004326,41.8,84000.2,19360,0.183458
66.44,5416,0.501,0.0407,0.01372,1.46828,54200,0.0222,0.516,0.384,0.004116,0.422,0.5278,0.443,0.2662,0.223,11.3,0.07762,0.05096,0.1412,0.0689,0.216,0.06558,0.02244,0.1738,104.64,3.428,576.8,11.88,0.0004488,2.74,221.4,69.1,141.6,148.4,190.8,62.12,6.57e-06,2.82e-06,60.72,1.88e-06,74.988,1320000.6,55000.8,4.89,35.5,5.72,0.004326,41.8,84000.2,19360,0.183458
66.44,5416,0.501,0.0407,0.01372,1.46828,54200,0.0222,0.516,0.384,0.004116,0.422,0.5278,0.443,0.2662,0.2524,11.3,0.07762,0.05096,0.1412,0.0689,0.216,0.06558,0.02244,0.1738,104.64,3.428,576.8,11.88,0.0004488,2.74,221.4,69.1,141.6,148.4,190.8,62.12,6.57e-06,2.82e-06,60.72,1.88e-06,74.988,1320000.6,55000.8,4.89,35.5,5.72,0.004326,41.8,84000.2,19360,0.183458
66.44,5416,0.501,0.0407,0.01372,1.46828,54200,0.0222,0.516,0.384,0.004116,0.422,0.5278,0.443,0.2662,0.2524,11.3,0.07762,0.0572,0.1412,0.0689,0.216,0.06558,0.02244,0.1738,104.64,3.428,576.8,11.88,0.0004488,2.74,221.4,69.1,141.6,148.4,190.8,62.12,6.57e-06,2.82e-06,60.72,1.88e-06,74.988,1320000.6,55000.8,4.89,35.5,5.72,0.004326,41.8,84000.2,19360,0.183458
66.44,5416,0.501,0.0407,0.01372,1.46828,54200,0.0222,0.516,0.384,0.004116,0.422,0.5278,0.443,0.2662,0.2524,11.3,0.07762,0.0572,0.1412,0.0689,0.216,0.06558,0.02244,0.1738,104.64,3.428,576.8,11.88,0.0004488,2.74,221.4,69.1,141.6,148.4,190.8,62.12,6.57e-06,2.82e-06,60.72,1.88e-06,74.988,1320000.6,55000.8,4.89,35.5,5.72,0.004326,41.8,84000.2,19360,0.046832
66.44,5416,0.501,0.0407,0.01372,1.46828,54200,0.0222,0.516,0.384,0.004116,0.422,0.5278,0.443,0.2662,0.2524,11.3,0.07762,0.0572,0.1412,0.0689,0.216,0.06558,0.02244,0.1738,104.64,3.428,576.8,11.88,0.0004488,2.74,221.4,69.1,141.6,148.4,190.8,62.12,6.57e-06,2.82e-06,60.72,1.88e-06,74.988,1320000.6,55000.8,4.89,35.5,5.72,0.004326,73,84000.2,19360,0.046832
66.44,5416,0.501,0.0407,0.01372,1.46828,54200,0.0222,0.516,0.384,0.004116,0.422,0.5278,0.443,0.2662,0.2524,11.3,0.07762,0.0572,0.1412,0.0689,0.216,0.06558,0.02244,0.1738,104.64,3.428,576.8,11.88,0.0004488,2.74,221.4,69.1,141.6,148.4,190.8,62.12,6.57e-06,2.82e-06,60.72,1.88e-06,74.988,1320000.6,55000.8,4.89,14.8,5.72,0.004326,73,84000.2,19360,0.046832
66.44,5416,0.501,0.0407,0.01372,1.46828,54200,0.0222,0.516,0.384,0.004116,0.422,0.5278,0.443,0.2662,0.2524,11.3,0.07762,0.0572,0.1412,0.0689,0.216,0.06558,0.02244,0.1738,104.64,3.428,576.8,11.88,0.0004488,2.74,221.4,69.1,141.6,148.4,190.8,62.12,6.57e-06,2.82e-06,60.72,1.88e-06,74.988,1320000.6,55000.8,4.89,14.8,5.72,0.004326,73,84000.2,17140,0.046832
66.44,5416,0.501,0.0407,0.01372,1.46828,54200,0.0222,0.516,0.384,0.004116,0.422,0.5278,0.443,0.2662,0.2524,11.3,0.07762,0.0572,0.1412,0.0689,0.216,0.06558,0.02244,0.1738,104.64,3.428,576.8,11.88,0.0004488,2.74,221.4,69.1,141.6,148.4,190.8,62.12,6.57e-06,2.82e-06,60.72,1.88e-06,74.988,1320000.6,55000.8,4.89,14.8,12.8,0.004326,73,84000.2,17140,0.046832
66.44,5416,0.501,0.0407,0.01372,1.46828,54200,0.0222,0.516,0.384,0.004116,0.422,0.5278,0.443,0.2662,0.2524,11.3,0.07762,0.0572,0.1412,0.0689,0.216,0.06558,0.02244,0.1738,104.64,3.428,576.8,11.88,0.0004488,2.74,221.4,61.54,141.6,148.4,190.8,62.12,6.57e-06,2.82e-06,60.72,1.88e-06,74.988,1320000.6,55000.8,4.89,14.8,12.8,0.004326,73,84000.2,17140,0.046832
66.44,5416,0.501,0.0407,0.01372,1.46828,54200,0.0222,0.516,0.384,0.004116,0.422,0.5278,0.443,0.2662,0.2524,11.3,0.0685,0.0572,0.1412,0.0689,0.216,0.06558,0.02244,0.1738,104.64,3.428,576.8,11.88,0.0004488,2.74,221.4,61.54,141.6,148.4,190.8,62.12,6.57e-06,2.82e-06,60.72,1.88e-06,74.988,1320000.6,55000.8,4.89,14.8,12.8,0.004326,73,84000.2,17140,0.046832
66.44,5416,0.501,0.0407,0.01372,1.46828,54200,0.0252,0.516,0.384,0.004116,0.422,0.5278,0.443,0.2662,0.2524,11.3,0.0685,0.0572,0.1412,0.0689,0.216,0.06558,0.02244,0.1738,104.64,3.428,576.8,11.88,0.0004488,2.74,221.4,61.54,141.6,148.4,190.8,62.12,6.57e-06,2.82e-06,60.72,1.88e-06,74.988,1320000.6,55000.8,4.89,14.8,12.8,0.004326,73,84000.2,17140,0.046832
66.44,5416,0.501,0.0407,0.01372,1.46828,54200,0.0252,0.5844,0.384,0.004116,0.422,0.5278,0.443,0.2662,0.2524,11.3,0.0685,0.0572,0.1412,0.0689,0.216,0.06558,0.02244,0.1738,104.64,3.428,576.8,11.88,0.0004488,2.74,221.4,61.54,141.6,148.4,190.8,62.12,6.57e-06,2.82e-06,60.72,1.88e-06,74.988,1320000.6,55000.8,4.89,14.8,12.8,0.004326,73,84000.2,17140,0.046832
66.44,5416,0.501,0.0407,0.01372,1.46828,54200,0.0252,0.5844,0.384,0.004116,0.422,0.5278,0.443,0.2662,0.2524,11.3,0.0685,0.0572,0.1412,0.0689,0.216,0.06558,0.02244,0.1738,104.64,3.428,576.8,11.88,0.0004488,2.74,221.4,61.54,141.6,167.6,190.8,62.12,6.57e-06,2.82e-06,60.72,1.88e-06,74.988,1320000.6,55000.8,4.89,14.8,12.8,0.004326,73,84000.2,17140,0.046832
66.44,5416,0.501,0.0407,0.01372,1.46828,54200,0.0252,0.5844,0.384,0.004116,0.422,0.5278,0.443,0.2998,0.2524,11.3,0.0685,0.0572,0.1412,0.0689,0.216,0.06558,0.02244,0.1738,104.64,3.428,576.8,11.88,0.0004488,2.74,221.4,61.54,141.6,167.6,190.8,62.12,6.57e-06,2.82e-06,60.72,1.88e-06,74.988,1320000.6,55000.8,4.89,14.8,12.8,0.004326,73,84000.2,17140,0.046832
66.44,5416,0.501,0.0407,0.01372,1.46828,54200,0.0252,0.5844,0.384,0.004116,0.422,0.5278,0.443,0.2998,0.2524,11.3,0.0685,0.0572,0.1412,0.0689,0.216,0.06558,0.02244,0.1738,104.64,3.428,576.8,11.88,0.0004488,2.74,221.4,61.54,141.6,167.6,190.8,62.12,6.57e-06,2.82e-06,60.72,1.88e-06,74.988,1320000.6,55000.8,7.542,14.8,12.8,0.004326,73,84000.2,17140,0.046832
66.44,5416,0.501,0.0407,0.01372,1.46828,54200,0.0252,0.5844,0.384,0.004116,0.422,0.5278,0.443,0.2998,0.2524,11.3,0.0685,0.0572,0.1412,0.0689,0.216,0.06558,0.02244,0.1738,104.64,3.02,576.8,11.88,0.0004488,2.74,221.4,61.54,141.6,167.6,190.8,62.12,6.57e-06,2.82e-06,60.72,1.88e-06,74.988,1320000.6,55000.8,7.542,14.8,12.8,0.004326,73,84000.2,17140,0.046832
66.44,5416,0.501,0.0407,0.01372,1.46828,54200,0.0252,0.5844,0.384,0.00462,0.422,0.5278,0.443,0.2998,0.2524,11.3,0.0685,0.0572,0.1412,0.0689,0.216,0.06558,0.02244,0.1738,104.64,3.02,576.8,11.88,0.0004488,2.74,221.4,61.54,141.6,167.6,190.8,62.12,6.57e-06,2.82e-06,60.72,1.88e-06,74.988,1320000.6,55000.8,7.542,14.8,12.8,0.004326,73,84000.2,17140,0.046832
66.44,5416,0.501,0.0407,0.01372,1.46828,54200,0.0252,0.5844,0.384,0.00462,0.422,0.5278,0.443,0.2998,0.2524,11.3,0.0685,0.0572,0.1412,0.0689,0.216,0.06558,0.02244,0.1738,58.56,3.02,576.8,11.88,0.0004488,2.74,221.4,61.54,141.6,167.6,190.8,62.12,6.57e-06,2.82e-06,60.72,1.88e-06,74.988,1320000.6,55000.8,7.542,14.8,12.8,0.004326,73,84000.2,17140,0.046832
66.44,5416,0.501,0.0407,0.01372,1.46828,54200,0.0252,0.5844,0.384,0.00462,0.422,0.5278,0.395,0.2998,0.2524,11.3,0.0685,0.0572,0.1412,0.0689,0.216,0.06558,0.02244,0.1738,58.56,3.02,576.8,11.88,0.0004488,2.74,221.4,61.54,141.6,167.6,190.8,62.12,6.57e-06,2.82e-06,60.72,1.88e-06,74.988,1320000.6,55000.8,7.542,14.8,12.8,0.004326,73,84000.2,17140,0.046832
66.44,5416,0.501,0.0407,0.01372,1.46828,54200,0.0252,0.5844,0.384,0.00462,0.422,0.5278,0.395,0.2998,0.2524,11.3,0.0685,0.0572,0.1412,0.0689,0.216,0.06558,0.02244,0.1738,58.56,3.02,576.8,11.88,0.0004488,2.74,221.4,61.54,141.6,167.6,190.8,62.12,6.57e-06,2.82e-06,60.72,1.88e-06,74.988,1320000.6,55000.8,7.542,14.8,12.8,0.00537,73,84000.2,17140,0.046832
81.86,5416,0.501,0.0407,0.01372,1.46828,54200,0.0252,0.5844,0.384,0.00462,0.422,0.5278,0.395,0.2998,0.2524,11.3,0.0685,0.0572,0.1412,0.0689,0.216,0.06558,0.02244,0.1738,58.56,3.02,576.8,11.88,0.0004488,2.74,221.4,61.54,141.6,167.6,190.8,62.12,6.57e-06,2.82e-06,60.72,1.88e-06,74.988,1320000.6,55000.8,7.542,14.8,12.8,0.00537,73,84000.2,17140,0.046832
81.86,5416,0.501,0.0407,0.01372,0.38312,54200,0.0252,0.5844,0.384,0.00462,0.422,0.5278,0.395,0.2998,0.2524,11.3,0.0685,0.0572,0.1412,0.0689,0.216,0.06558,0.02244,0.1738,58.56,3.02,576.8,11.88,0.0004488,2.74,221.4,61.54,141.6,167.6,190.8,62.12,6.57e-06,2.82e-06,60.72,1.88e-06,74.988,1320000.6,55000.8,7.542,14.8,12.8,0.00537,73,84000.2,17140,0.046832
81.86,5416,0.501,0.0407,0.01372,0.38312,54200,0.0252,0.5844,0.384,0.00462,0.374,0.5278,0.395,0.2998,0.2524,11.3,0.0685,0.0572,0.1412,0.0689,0.216,0.06558,0.02244,0.1738,58.56,3.02,576.8,11.88,0.0004488,2.74,221.4,61.54,141.6,167.6,190.8,62.12,6.57e-06,2.82e-06,60.72,1.88e-06,74.988,1320000.6,55000.8,7.542,14.8,12.8,0.00537,73,84000.2,17140,0.046832
81.86,5416,0.501,0.0407,0.01372,0.38312,54200,0.0252,0.5844,0.384,0.00462,0.374,0.5278,0.395,0.2998,0.2524,11.3,0.0685,0.0572,0.1412,0.0689,0.216,0.06558,0.02244,0.1738,58.56,3.02,576.8,11.88,0.0004488,2.74,195,61.54,141.6,167.6,190.8,62.12,6.57e-06,2.82e-06,60.72,1.88e-06,74.988,1320000.6,55000.8,7.542,14.8,12.8,0.00537,73,84000.2,17140,0.046832
81.86,5416,0.501,0.0407,0.01372,0.38312,54200,0.0252,0.5844,0.384,0.00462,0.374,0.5278,0.395,0.2998,0.2524,11.3,0.0685,0.0572,0.1412,0.0689,0.216,0.06558,0.02244,0.211,58.56,3.02,576.8,11.88,0.0004488,2.74,195,61.54,141.6,167.6,190.8,62.12,6.57e-06,2.82e-06,60.72,1.88e-06,74.988,1320000.6,55000.8,7.542,14.8,12.8,0.00537,73,84000.2,17140,0.046832
81.86,5416,0.501,0.0407,0.01372,0.38312,54200,0.0252,0.5844,0.384,0.00462,0.374,0.5278,0.395,0.2998,0.2524,11.3,0.0685,0.0572,0.1412,0.0689,0.216,0.06558,0.02244,0.211,58.56,3.02,576.8,11.88,0.0004488,2.74,195,61.54,141.6,167.6,190.8,62.12,6.57e-06,2.82e-06,60.72,1.88e-06,174,1320000.6,55000.8,7.542,14.8,12.8,0.00537,73,84000.2,17140,0.046832
81.86,5416,0.501,0.0407,0.01372,0.38312,54200,0.0252,0.5844,0.384,0.00462,0.374,0.5278,0.395,0.2998,0.2524,11.3,0.0685,0.0572,0.1412,0.0689,0.216,0.06558,0.02244,0.211,58.56,3.02,576.8,11.88,0.0004488,2.74,195,61.54,141.6,167.6,190.8,62.12,6.57e-06,2.202e-06,60.72,1.88e-06,174,1320000.6,55000.8,7.542,14.8,12.8,0.00537,73,84000.2,17140,0.046832
81.86,4330,0.501,0.0407,0.01372,0.38312,54200,0.0252,0.5844,0.384,0.00462,0.374,0.5278,0.395,0.2998,0.2524,11.3,0.0685,0.0572,0.1412,0.0689,0.216,0.06558,0.02244,0.211,58.56,3.02,576.8,11.88,0.0004488,2.74,195,61.54,141.6,167.6,190.8,62.12,6.57e-06,2.202e-06,60.72,1.88e-06,174,1320000.6,55000.8,7.542,14.8,12.8,0.00537,73,84000.2,17140,0.046832
81.86,4330,0.501,0.0407,0.01372,0.38312,54200,0.0252,0.5844,0.384,0.00462,0.374,0.5278,0.395,0.2998,0.2524,11.3,0.0685,0.0572,0.1412,0.0689,0.216,0.06558,0.02244,0.211,58.56,3.02,576.8,11.88,0.0004488,2.74,195,61.54,141.6,167.6,190.8,54.8,6.57e-06,2.202e-06,60.72,1.88e-06,174,1320000.6,55000.8,7.542,14.8,12.8,0.00537,73,84000.2,17140,0.046832
81.86,4330,0.501,0.0407,0.01372,0.38312,54200,0.0252,0.5844,0.384,0.00462,0.374,0.5278,0.395,0.2998,0.2524,11.3,0.0685,0.0572,0.1412,0.0689,0.216,0.06558,0.0198,0.211,58.56,3.02,576.8,11.88,0.0004488,2.74,195,61.54,141.6,167.6,190.8,54.8,6.57e-06,2.202e-06,60.72,1.88e-06,174,1320000.6,55000.8,7.542,14.8,12.8,0.00537,73,84000.2,17140,0.046832
81.86,4330,0.4122,0.0407,0.01372,0.38312,54200,0.0252,0.5844,0.384,0.00462,0.374,0.5278,0.395,0.2998,0.2524,11.3,0.0685,0.0572,0.1412,0.0689,0.216,0.06558,0.0198,0.211,58.56,3.02,576.8,11.88,0.0004488,2.74,195,61.54,141.6,167.6,190.8,54.8,6.57e-06,2.202e-06,60.72,1.88e-06,174,1320000.6,55000.8,7.542,14.8,12.8,0.00537,73,84000.2,17140,0.046832
81.86,4330,0.4122,0.0407,0.01372,0.38312,54200,0.0252,0.5844,0.384,0.00462,0.374,0.5278,0.395,0.2998,0.2524,11.3,0.0685,0.0572,0.1412,0.0689,0.216,0.06558,0.0198,0.211,58.56,3.02,576.8,11.88,0.0004488,2.74,195,61.54,141.6,167.6,190.8,54.8,6.57e-06,2.202e-06,60.72,2.858e-06,174,1320000.6,55000.8,7.542,14.8,12.8,0.00537,73,84000.2,17140,0.046832
81.86,4330,0.4122,0.0407,0.01372,0.38312,54200,0.0252,0.5844,0.384,0.00462,0.374,0.5278,0.395,0.2998,0.2524,11.3,0.0685,0.0572,0.1412,0.0689,0.216,0.06558,0.0198,0.211,58.56,3.02,576.8,11.88,0.0004488,1,195,61.54,141.6,167.6,190.8,54.8,6.57e-06,2.202e-06,60.72,2.858e-06,174,1320000.6,55000.8,7.542,14.8,12.8,0.00537,73,84000.2,17140,0.046832
81.86,4330,0.4122,0.0407,0.01372,0.38312,54200,0.0252,0.5844,0.384,0.00462,0.374,0.5278,0.395,0.2998,0.2524,11.3,0.0685,0.0572,0.1412,0.0611,0.216,0.06558,0.0198,0.211,58.56,3.02,576.8,11.88,0.0004488,1,195,61.54,141.6,167.6,190.8,54.8,6.57e-06,2.202e-06,60.72,2.858e-06,174,1320000.6,55000.8,7.542,14.8,12.8,0.00537,73,84000.2,17140,0.046832
81.86,4330,0.4122,0.0407,0.01372,0.38312,54200,0.0252,0.5844,0.384,0.00462,0.374,0.5278,0.395,0.2998,0.2524,11.3,0.0685,0.0572,0.1412,0.0611,0.216,0.06558,0.0198,0.211,58.56,3.02,576.8,11.88,0.0004488,1,195,61.54,141.6,167.6,190.8,54.8,6.57e-06,2.202e-06,60.72,2.858e-06,174,1320000.6,55000.8,7.542,14.8,12.8,0.00537,73,21000.8,17140,0.046832
76.72,4692,0.4122,0.0407,0.01428,1.10656,62600,0.0222,0.5388,0.4356,0.00462,0.358,0.5492,0.443,0.255,0.223,10.886,0.07762,0.05304,0.1524,0.0689,0.216,0.06558,0.02068,0.1862,58.56,3.7,1152.6,11.32,0.0004488,1,212.6,64.06,130.8,174,162,62.12,7.162e-06,1.79e-06,76.86,2.858e-06,41.984,1980000.4,220000.2,9.31,14.8,10.44,0.004674,31.4,21000.8,19360,0.229
76.72,4692,0.4122,0.0407,0.01428,1.10656,62600,0.0222,0.5388,0.4356,0.00462,0.358,0.5492,0.443,0.255,0.223,10.886,0.07762,0.05304,0.1524,0.0689,0.216,0.06558,0.02068,0.1862,58.56,3.7,1152.6,11.32,0.0004488,1,212.6,64.06,130.8,174,162,62.12,7.162e-06,1.79e-06,76.86,1.88e-06,41.984,1980000.4,220000.2,9.31,14.8,10.44,0.004674,31.4,21000.8,19360,0.229
76.72,4692,0.4122,0.0407,0.01428,1.10656,62600,0.0222,0.5388,0.4356,0.00462,0.358,0.5492,0.443,0.255,0.223,10.886,0.07762,0.05304,0.1524,0.0689,0.216,0.06558,0.02068,0.1862,58.56,3.7,1152.6,11.32,0.0004488,1,212.6,64.06,130.8,174,162,54.8,7.162e-06,1.79e-06,76.86,1.88e-06,41.984,1980000.4,220000.2,9.31,14.8,10.44,0.004674,31.4,21000.8,19360,0.229
76.72,4692,0.4122,0.0407,0.01428,1.10656,62600,0.0222,0.5388,0.4356,0.00462,0.358,0.5492,0.443,0.255,0.223,10.886,0.07762,0.05304,0.1524,0.0689,0.216,0.06558,0.02068,0.1862,58.56,3.7,1152.6,11.32,0.0004488,1,212.6,64.06,130.8,174,183.6,54.8,7.162e-06,1.79e-06,76.86,1.88e-06,41.984,1980000.4,220000.2,9.31,14.8,10.44,0.004674,31.4,21000.8,19360,0.229
76.72,4692,0.4122,0.0407,0.01428,1.10656,62600,0.0222,0.5388,0.4356,0.00462,0.358,0.5492,0.443,0.255,0.223,10.886,0.07762,0.05304,0.1524,0.0611,0.216,0.06558,0.02068,0.1862,58.56,3.7,1152.6,11.32,0.0004488,1,212.6,64.06,130.8,174,183.6,54.8,7.162e-06,1.79e-06,76.86,1.88e-06,41.984,1980000.4,220000.2,9.31,14.8,10.44,0.004674,31.4,21000.8,19360,0.229
76.72,4692,0.4122,0.0407,0.01428,1.10656,62600,0.0222,0.5388,0.384,0.00462,0.358,0.5492,0.443,0.255,0.223,10.886,0.07762,0.05304,0.1524,0.0611,0.216,0.06558,0.02068,0.1862,58.56,3.7,1152.6,11.32,0.0004488,1,212.6,64.06,130.8,174,183.6,54.8,7.162e-06,1.79e-06,76.86,1.88e-06,41.984,1980000.4,220000.2,9.31,14.8,10.44,0.004674,31.4,21000.8,19360,0.229
76.72,4692,0.4122,0.0407,0.01428,1.10656,62600,0.0222,0.6072,0.384,0.00462,0.358,0.5492,0.443,0.255,0.223,10.886,0.07762,0.05304,0.1524,0.0611,0.216,0.06558,0.02068,0.1862,58.56,3.7,1152.6,11.32,0.0004488,1,212.6,64.06,130.8,174,183.6,54.8,7.162e-06,1.79e-06,76.86,1.88e-06,41.984,1980000.4,220000.2,9.31,14.8,10.44,0.004674,31.4,21000.8,19360,0.229
76.72,4692,0.4122,0.0407,0.01428,1.10656,50000,0.0222,0.6072,0.384,0.00462,0.358,0.5492,0.443,0.255,0.223,10.886,0.07762,0.05304,0.1524,0.0611,0.216,0.06558,0.02068,0.1862,58.56,3.7,1152.6,11.32,0.0004488,1,212.6,64.06,130.8,174,183.6,54.8,7.162e-06,1.79e-06,76.86,1.88e-06,41.984,1980000.4,220000.2,9.31,14.8,10.44,0.004674,31.4,21000.8,19360,0.229
76.72,4692,0.4122,0.0407,0.01428,1.10656,50000,0.0222,0.6072,0.384,0.00462,0.358,0.5492,0.443,0.255,0.223,10.886,0.07762,0.05304,0.1524,0.0611,0.216,0.06558,0.02068,0.1862,58.56,3.7,1152.6,11.32,0.0004488,1,212.6,64.06,130.8,174,183.6,54.8,7.162e-06,1.79e-06,76.86,1.88e-06,41.984,1980000.4,220000.2,9.31,14.8,10.44,0.004674,31.4,21000.8,17140,0.229
76.72,4692,0.4122,0.0407,0.01428,1.10656,50000,0.0222,0.6072,0.384,0.00462,0.358,0.5492,0.443,0.255,0.223,10.886,0.07762,0.05304,0.1524,0.0611,0.216,0.06558,0.02068,0.1862,58.56,3.7,1152.6,11.32,0.0004488,1,212.6,64.06,130.8,174,183.6,54.8,8.05e-06,1.79e-06,76.86,1.88e-06,41.984,1980000.4,220000.2,9.31,14.8,10.44,0.004674,31.4,21000.8,17140,0.229
76.72,4692,0.4122,0.0407,0.01428,1.10656,50000,0.0222,0.6072,0.384,0.00462,0.358,0.5492,0.443,0.255,0.223,10.886,0.07762,0.05304,0.1524,0.0611,0.216,0.06558,0.02068,0.1862,58.56,3.7,1152.6,11.32,0.0004488,1,212.6,64.06,147,174,183.6,54.8,8.05e-06,1.79e-06,76.86,1.88e-06,41.984,1980000.4,220000.2,9.31,14.8,10.44,0.004674,31.4,21000.8,17140,0.229
76.72,4692,0.4122,0.0407,0.01428,1.10656,50000,0.0222,0.6072,0.384,0.00462,0.358,0.5492,0.443,0.255,0.223,10.886,0.07762,0.05304,0.1524,0.0611,0.192,0.06558,0.02068,0.1862,58.56,3.7,1152.6,11.32,0.0004488,1,212.6,64.06,147,174,183.6,54.8,8.05e-06,1.79e-06,76.86,1.88e-06,41.984,1980000.4,220000.2,9.31,14.8,10.44,0.004674,31.4,21000.8,17140,0.229
76.72,4692,0.4122,0.0407,0.01428,1.10656,50000,0.0222,0.6072,0.384,0.00462,0.358,0.5492,0.443,0.2886,0.223,10.886,0.07762,0.05304,0.1524,0.0611,0.192,0.06558,0.02068,0.1862,58.56,3.7,1152.6,11.32,0.0004488,1,212.6,64.06,147,174,183.6,54.8,8.05e-06,1.79e-06,76.86,1.88e-06,41.984,1980000.4,220000.2,9.31,14.8,10.44,0.004674,31.4,21000.8,17140,0.229
76.72,4692,0.4122,0.0407,0.01428,1.10656,50000,0.0222,0.6072,0.384,0.00462,0.406,0.5492,0.443,0.2886,0.223,10.886,0.07762,0.05304,0.1524,0.0611,0.192,0.06558,0.02068,0.1862,58.56,3.7,1152.6,11.32,0.0004488,1,212.6,64.06,147,174,183.6,54.8,8.05e-06,1.79e-06,76.86,1.88e-06,41.984,1980000.4,220000.2,9.31,14.8,10.44,0.004674,31.4,21000.8,17140,0.229
76.72,4692,0.4122,0.0407,0.01428,1.10656,50000,0.0222,0.6072,0.384,0.00462,0.406,0.5492,0.443,0.2886,0.223,10.886,0.07762,0.05304,0.1524,0.0611,0.192,0.06558,0.02068,0.1862,58.56,3.7,1152.6,11.32,0.0004488,1,212.6,64.06,147,174,183.6,54.8,8.05e-06,1.79e-06,76.86,1.88e-06,41.984,1,220000.2,9.31,14.8,10.44,0.004674,31.4,21000.8,17140,0.229
76.72,4692,0.4122,0.0407,0.01428,1.10656,50000,0.0222,0.6072,0.384,0.00462,0.406,0.5492,0.443,0.2886,0.223,10.886,0.07762,0.05304,0.1524,0.0611,0.192,0.0579,0.02068,0.1862,58.56,3.7,1152.6,11.32,0.0004488,1,212.6,64.06,147,174,183.6,54.8,8.05e-06,1.79e-06,76.86,1.88e-06,41.984,1,220000.2,9.31,14.8,10.44,0.004674,31.4,21000.8,17140,0.229
76.72,4692,0.4122,0.0407,0.01428,1.10656,50000,0.0222,0.6072,0.384,0.00462,0.406,0.5492,0.443,0.2886,0.223,10.886,0.07762,0.05304,0.1524,0.0611,0.192,0.0579,0.02332,0.1862,58.56,3.7,1152.6,11.32,0.0004488,1,212.6,64.06,147,174,183.6,54.8,8.05e-06,1.79e-06,76.86,1.88e-06,41.984,1,220000.2,9.31,14.8,10.44,0.004674,31.4,21000.8,17140,0.229
76.72,4692,0.4122,0.0407,0.01428,1.10656,50000,0.0222,0.6072,0.384,0.00462,0.406,0.5492,0.443,0.2886,0.223,10.886,0.07762,0.05304,0.1524,0.0611,0.192,0.0579,0.02332,0.1862,58.56,3.7,1152.6,13,0.0004488,1,212.6,64.06,147,174,183.6,54.8,8.05e-06,1.79e-06,76.86,1.88e-06,41.984,1,220000.2,9.31,14.8,10.44,0.004674,31.4,21000.8,17140,0.229
76.72,4692,0.4122,0.0407,0.01428,1.10656,50000,0.0222,0.6072,0.384,0.004116,0.406,0.5492,0.443,0.2886,0.223,10.886,0.07762,0.05304,0.1524,0.0611,0.192,0.0579,0.02332,0.1862,58.56,3.7,1152.6,13,0.0004488,1,212.6,64.06,147,174,183.6,54.8,8.05e-06,1.79e-06,76.86,1.88e-06,41.984,1,220000.2,9.31,14.8,10.44,0.004674,31.4,21000.8,17140,0.229
76.72,4692,0.4122,0.0407,0.01428,1.10656,50000,0.0222,0.6072,0.384,0.004116,0.406,0.5492,0.443,0.2886,0.223,10.886,0.0685,0.05304,0.1524,0.0611,0.192,0.0579,0.02332,0.1862,58.56,3.7,1152.6,13,0.0004488,1,212.6,64.06,147,174,183.6,54.8,8.05e-06,1.79e-06,76.86,1.88e-06,41.984,1,220000.2,9.31,14.8,10.44,0.004674,31.4,21000.8,17140,0.229
76.72,4692,0.4122,0.0407,0.01428,1.10656,50000,0.0222,0.6072,0.384,0.004116,0.406,0.485,0.443,0.2886,0.223,10.886,0.0685,0.05304,0.1524,0.0611,0.192,0.0579,0.02332,0.1862,58.56,3.7,1152.6,13,0.0004488,1,212.6,64.06,147,174,183.6,54.8,8.05e-06,1.79e-06,76.86,1.88e-06,41.984,1,220000.2,9.31,14.8,10.44,0.004674,31.4,21000.8,17140,0.229
76.72,4692,0.4122,0.0407,0.01428,1.10656,50000,0.0222,0.6072,0.384,0.004116,0.406,0.485,0.443,0.2886,0.223,10.886,0.0685,0.05304,0.1524,0.0611,0.192,0.0579,0.02332,0.1862,58.56,3.7,1152.6,13,0.0004488,1,212.6,64.06,147,154.8,183.6,54.8,8.05e-06,1.79e-06,76.86,1.88e-06,41.984,1,220000.2,9.31,14.8,10.44,0.004674,31.4,21000.8,17140,0.229
76.72,4692,0.4122,0.0407,0.01428,1.10656,50000,0.0222,0.6072,0.384,0.004116,0.406,0.485,0.443,0.2886,0.223,10.886,0.0685,0.05304,0.1524,0.0611,0.192,0.0579,0.02332,0.1862,58.56,3.7,1152.6,13,0.0004488,1,212.6,64.06,147,154.8,183.6,54.8,8.05e-06,2.408e-06,76.86,1.88e-06,41.984,1,220000.2,9.31,14.8,10.44,0.004674,31.4,21000.8,17140,0.229
76.72,4692,0.4122,0.0407,0.01428,1.10656,50000,0.0222,0.6072,0.384,0.004116,0.406,0.485,0.443,0.2886,0.223,10.886,0.0685,0.05304,0.1524,0.0611,0.192,0.0579,0.02332,0.1862,58.56,3.7,1152.6,13,0.0004488,2.74,212.6,64.06,147,154.8,183.6,54.8,8.05e-06,2.408e-06,76.86,1.88e-06,41.984,1,220000.2,9.31,14.8,10.44,0.004674,31.4,21000.8,17140,0.229
76.72,4692,0.4122,0.0407,0.01428,1.10656,50000,0.0222,0.6072,0.384,0.004116,0.406,0.485,0.443,0.2886,0.223,10.886,0.0685,0.05304,0.1524,0.0611,0.192,0.0579,0.02332,0.1862,58.56,3.7,1152.6,13,0.0004488,2.74,239,64.06,147,154.8,183.6,54.8,8.05e-06,2.408e-06,76.86,1.88e-06,41.984,1,220000.2,9.31,14.8,10.44,0.004674,31.4,21000.8,17140,0.229
76.72,4692,0.4122,0.0407,0.01428,1.10656,50000,0.0222,0.6072,0.384,0.004116,0.406,0.485,0.443,0.2886,0.223,10.886,0.0685,0.05304,0.1524,0.0611,0.192,0.0579,0.02332,0.1862,58.56,3.7,1152.6,13,0.0004488,2.74,239,64.06,147,154.8,183.6,54.8,8.05e-06,2.408e-06,76.86,1.88e-06,41.984,1,220000.2,9.31,14.8,3.36,0.004674,31.4,21000.8,17140,0.229
76.72,4692,0.4122,0.0407,0.01428,1.10656,50000,0.0222,0.6072,0.384,0.004116,0.406,0.485,0.443,0.2886,0.223,10.886,0.0685,0.05304,0.1524,0.0611,0.192,0.0579,0.02332,0.1862,58.56,3.7,1152.6,13,0.0004488,2.74,239,64.06,147,154.8,183.6,54.8,8.05e-06,2.408e-06,28.44,1.88e-06,41.984,1,220000.2,9.31,14.8,3.36,0.004674,31.4,21000.8,17140,0.229
76.72,4692,0.4122,0.0407,0.01428,1.10656,50000,0.0222,0.6072,0.384,0.004116,0.406,0.485,0.443,0.2886,0.223,10.886,0.0685,0.05304,0.1524,0.0611,0.192,0.0579,0.02332,0.1862,58.56,3.7,2880,13,0.0004488,2.74,239,64.06,147,154.8,183.6,54.8,8.05e-06,2.408e-06,28.44,1.88e-06,41.984,1,220000.2,9.31,14.8,3.36,0.004674,31.4,21000.8,17140,0.229
76.72,4692,0.4122,0.0407,0.01428,1.10656,50000,0.0222,0.6072,0.384,0.004116,0.406,0.485,0.443,0.2886,0.2524,10.886,0.0685,0.05304,0.1524,0.0611,0.192,0.0579,0.02332,0.1862,58.56,3.7,2880,13,0.0004488,2.74,239,64.06,147,154.8,183.6,54.8,8.05e-06,2.408e-06,28.44,1.88e-06,41.984,1,220000.2,9.31,14.8,3.36,0.004674,31.4,21000.8,17140,0.229
76.72,4692,0.4122,0.0407,0.01428,1.10656,50000,0.0222,0.6072,0.384,0.004116,0.406,0.485,0.443,0.2886,0.2524,10.886,0.0685,0.05304,0.1524,0.0611,0.192,0.0579,0.02332,0.1862,58.56,3.7,2880,13,0.0004488,2.74,239,64.06,147,154.8,183.6,54.8,8.05e-06,2.408e-06,28.44,1.88e-06,41.984,1,220000.2,9.31,35.5,3.36,0.004674,31.4,21000.8,17140,0.229
76.72,4692,0.4122,0.0407,0.01428,1.10656,50000,0.0222,0.6072,0.384,0.004116,0.406,0.485,0.443,0.2886,0.2524,10.886,0.0685,0.05304,0.1524,0.0611,0.192,0.0579,0.02332,0.1862,58.56,3.7,2880,13,0.0004488,2.74,239,64.06,147,154.8,183.6,54.8,8.05e-06,2.408e-06,28.44,1.88e-06,41.984,1,220000.2,9.31,35.5,3.36,0.004674,31.4,84000.2,17140,0.229
76.72,4692,0.4122,0.0407,0.01428,1.10656,50000,0.0222,0.6072,0.384,0.004116,0.406,0.485,0.443,0.2886,0.2524,9.644,0.0685,0.05304,0.1524,0.0611,0.192,0.0579,0.02332,0.1862,58.56,3.7,2880,13,0.0004488,2.74,239,64.06,147,154.8,183.6,54.8,8.05e-06,2.408e-06,28.44,1.88e-06,41.984,1,220000.2,9.31,35.5,3.36,0.004674,31.4,84000.2,17140,0.229
76.72,4692,0.4122,0.0407,0.01428,1.10656,50000,0.0222,0.6072,0.384,0.004116,0.406,0.485,0.395,0.2886,0.2524,9.644,0.0685,0.05304,0.1524,0.0611,0.192,0.0579,0.02332,0.1862,58.56,3.7,2880,13,0.0004488,2.74,239,64.06,147,154.8,183.6,54.8,8.05e-06,2.408e-06,28.44,1.88e-06,41.984,1,220000.2,9.31,35.5,3.36,0.004674,31.4,84000.2,17140,0.229
76.72,4692,0.4122,0.0461,0.01428,1.10656,50000,0.0222,0.6072,0.384,0.004116,0.406,0.485,0.395,0.2886,0.2524,9.644,0.0685,0.05304,0.1524,0.0611,0.192,0.0579,0.02332,0.1862,58.56,3.7,2880,13,0.0004488,2.74,239,64.06,147,154.8,183.6,54.8,8.05e-06,2.408e-06,28.44,1.88e-06,41.984,1,220000.2,9.31,35.5,3.36,0.004674,31.4,84000.2,17140,0.229
76.72,4692,0.4122,0.0461,0.01428,1.10656,50000,0.0222,0.6072,0.384,0.004116,0.406,0.485,0.395,0.2886,0.2524,9.644,0.0685,0.05304,0.1524,0.0611,0.192,0.0579,0.02332,0.1862,58.56,3.7,2880,13,0.0004488,2.74,239,64.06,147,154.8,183.6,54.8,8.05e-06,2.408e-06,28.44,1.88e-06,140.996,1,220000.2,9.31,35.5,3.36,0.004674,31.4,84000.2,17140,0.229
76.72,4692,0.4122,0.0461,0.0126,1.10656,50000,0.0222,0.6072,0.384,0.004116,0.406,0.485,0.395,0.2886,0.2524,9.644,0.0685,0.05304,0.1524,0.0611,0.192,0.0579,0.02332,0.1862,58.56,3.7,2880,13,0.0004488,2.74,239,64.06,147,154.8,183.6,54.8,8.05e-06,2.408e-06,28.44,1.88e-06,140.996,1,220000.2,9.31,35.5,3.36,0.004674,31.4,84000.2,17140,0.229
76.72,4692,0.4122,0.0461,0.0126,1.10656,50000,0.0222,0.6072,0.384,0.004116,0.406,0.485,0.395,0.2886,0.2524,9.644,0.0685,0.05304,0.1524,0.0611,0.192,0.0579,0.02332,0.1862,58.56,3.7,2880,13,0.0004488,2.74,239,64.06,147,154.8,183.6,54.8,8.05e-06,2.408e-06,28.44,1.88e-06,140.996,1,55000.8,9.31,35.5,3.36,0.004674,31.4,84000.2,17140,0.229
76.72,4692,0.4122,0.0461,0.0126,1.10656,50000,0.0222,0.6072,0.384,0.004116,0.406,0.485,0.395,0.2886,0.2524,9.644,0.0685,0.05304,0.1524,0.0611,0.192,0.0579,0.02332,0.1862,58.56,3.7,2880,13,0.0004488,2.74,239,64.06,147,154.8,183.6,54.8,8.05e-06,2.408e-06,28.44,1.88e-06,140.996,1,55000.8,9.31,35.5,3.36,0.004674,62.6,84000.2,17140,0.229
76.72,5778,0.4122,0.0461,0.0126,1.10656,50000,0.0222,0.6072,0.384,0.004116,0.406,0.485,0.395,0.2886,0.2524,9.644,0.0685,0.05304,0.1524,0.0611,0.192,0.0579,0.02332,0.1862,58.56,3.7,2880,13,0.0004488,2.74,239,64.06,147,154.8,183.6,54.8,8.05e-06,2.408e-06,28.44,1.88e-06,140.996,1,55000.8,9.31,35.5,3.36,0.004674,62.6,84000.2,17140,0.229
61.3,5778,0.4122,0.0461,0.0126,1.10656,50000,0.0222,0.6072,0.384,0.004116,0.406,0.485,0.395,0.2886,0.2524,9.644,0.0685,0.05304,0.1524,0.0611,0.192,0.0579,0.02332,0.1862,58.56,3.7,2880,13,0.0004488,2.74,239,64.06,147,154.8,183.6,54.8,8.05e-06,2.408e-06,28.44,1.88e-06,140.996,1,55000.8,9.31,35.5,3.36,0.004674,62.6,84000.2,17140,0.229
61.3,5778,0.4122,0.0461,0.0126,1.10656,50000,0.0222,0.6072,0.384,0.004116,0.406,0.485,0.395,0.2886,0.2524,9.644,0.0685,0.05304,0.1524,0.0611,0.192,0.0579,0.02332,0.1862,58.56,3.7,2880,13,0.0004488,2.74,239,56.5,147,154.8,183.6,54.8,8.05e-06,2.408e-06,28.44,1.88e-06,140.996,1,55000.8,9.31,35.5,3.36,0.004674,62.6,84000.2,17140,0.229
61.3,5778,0.4122,0.0461,0.0126,1.10656,50000,0.0252,0.6072,0.384,0.004116,0.406,0.485,0.395,0.2886,0.2524,9.644,0.0685,0.05304,0.1524,0.0611,0.192,0.0579,0.02332,0.1862,58.56,3.7,2880,13,0.0004488,2.74,239,56.5,147,154.8,183.6,54.8,8.05e-06,2.408e-06,28.44,1.88e-06,140.996,1,55000.8,9.31,35.5,3.36,0.004674,62.6,84000.2,17140,0.229
61.3,5778,0.4122,0.0461,0.0126,1.10656,50000,0.0252,0.6072,0.384,0.004116,0.406,0.485,0.395,0.2886,0.2524,9.644,0.0685,0.05304,0.1524,0.0611,0.192,0.0579,0.02332,0.1862,104.64,3.7,2880,13,0.0004488,2.74,239,56.5,147,154.8,183.6,54.8,8.05e-06,2.408e-06,28.44,1.88e-06,140.996,1,55000.8,9.31,35.5,3.36,0.004674,62.6,84000.2,17140,0.229
61.3,5778,0.4122,0.0461,0.0126,1.10656,50000,0.0252,0.6072,0.384,0.004116,0.406,0.485,0.395,0.2886,0.2524,9.644,0.0685,0.05304,0.1524,0.0611,0.192,0.0579,0.02332,0.1862,104.64,3.7,2880,13,0.0004488,2.74,239,56.5,147,154.8,183.6,54.8,8.05e-06,2.408e-06,28.44,1.88e-06,140.996,1,55000.8,6.658,35.5,3.36,0.004674,62.6,84000.2,17140,0.229
61.3,5778,0.4122,0.0461,0.0126,1.10656,50000,0.0252,0.6072,0.384,0.004116,0.406,0.485,0.395,0.2886,0.2524,9.644,0.0685,0.05304,0.1524,0.0611,0.192,0.0579,0.02332,0.1862,104.64,3.292,2880,13,0.0004488,2.74,239,56.5,147,154.8,183.6,54.8,8.05e-06,2.408e-06,28.44,1.88e-06,140.996,1,55000.8,6.658,35.5,3.36,0.004674,62.6,84000.2,17140,0.229
61.3,5778,0.4122,0.0461,0.0126,1.10656,50000,0.0252,0.6072,0.384,0.004116,0.406,0.485,0.395,0.2886,0.2524,9.644,0.0685,0.05304,0.1356,0.0611,0.192,0.0579,0.02332,0.1862,104.64,3.292,2880,13,0.0004488,2.74,239,56.5,147,154.8,183.6,54.8,8.05e-06,2.408e-06,28.44,1.88e-06,140.996,1,55000.8,6.658,35.5,3.36,0.004674,62.6,84000.2,17140,0.229
61.3,5778,0.4122,0.0461,0.0126,1.10656,50000,0.0252,0.6072,0.384,0.004116,0.406,0.485,0.395,0.2886,0.2524,9.644,0.0685,0.0468,0.1356,0.0611,0.192,0.0579,0.02332,0.1862,104.64,3.292,2880,13,0.0004488,2.74,239,56.5,147,154.8,183.6,54.8,8.05e-06,2.408e-06,28.44,1.88e-06,140.996,1,55000.8,6.658,35.5,3.36,0.004674,62.6,84000.2,17140,0.229
61.3,5778,0.501,0.0461,0.0126,1.10656,50000,0.0252,0.6072,0.384,0.004116,0.406,0.485,0.395,0.2886,0.2524,9.644,0.0685,0.0468,0.1356,0.0611,0.192,0.0579,0.02332,0.1862,104.64,3.292,2880,13,0.0004488,2.74,239,56.5,147,154.8,183.6,54.8,8.05e-06,2.408e-06,28.44,1.88e-06,140.996,1,55000.8,6.658,35.5,3.36,0.004674,62.6,84000.2,17140,0.229
61.3,5778,0.501,0.0461,0.0126,1.10656,50000,0.0252,0.6072,0.384,0.004116,0.406,0.485,0.395,0.2886,0.2524,9.644,0.0685,0.0468,0.1356,0.0611,0.192,0.0579,0.02332,0.1862,104.64,3.292,2880,13,0.0004488,2.74,239,56.5,147,154.8,183.6,54.8,8.05e-06,2.408e-06,28.44,1.88e-06,140.996,1,55000.8,6.658,35.5,3.36,0.00363,62.6,84000.2,17140,0.229
61.3,5778,0.501,0.0461,0.0126,0.0214,50000,0.0252,0.6072,0.384,0.004116,0.406,0.485,0.395,0.2886,0.2524,9.644,0.0685,0.0468,0.1356,0.0611,0.192,0.0579,0.02332,0.1862,104.64,3.292,2880,13,0.0004488,2.74,239,56.5,147,154.8,183.6,54.8,8.05e-06,2.408e-06,28.44,1.88e-06,140.996,1,55000.8,6.658,35.5,3.36,0.00363,62.6,84000.2,17140,0.229
61.3,5778,0.501,0.0461,0.0126,0.0214,50000,0.0252,0.6072,0.384,0.004116,0.406,0.485,0.395,0.2886,0.2524,9.644,0.0685,0.0468,0.1356,0.0611,0.192,0.0579,0.02332,0.149,104.64,3.292,2880,13,0.0004488,2.74,239,56.5,147,154.8,183.6,54.8,8.05e-06,2.408e-06,28.44,1.88e-06,140.996,1,55000.8,6.658,35.5,3.36,0.00363,62.6,84000.2,17140,0.229
61.3,5778,0.501,0.0461,0.0126,0.0214,50000,0.0252,0.6072,0.384,0.004116,0.406,0.485,0.395,0.2886,0.2524,9.644,0.0685,0.0468,0.1356,0.0611,0.192,0.0579,0.02332,0.149,104.64,3.292,2880,13,0.0004488,2.74,239,56.5,147,154.8,183.6,54.8,8.05e-06,2.408e-06,28.44,1.88e-06,140.996,1,55000.8,6.658,35.5,3.36,0.00363,62.6,84000.2,17140,0.092374
61.3,5778,0.501,0.0461,0.0126,0.0214,50000,0.0252,0.6072,0.384,0.004116,0.406,0.485,0.395,0.2886,0.2524,9.644,0.0685,0.0468,0.1356,0.0611,0.192,0.0579,0.02332,0.149,104.64,3.292,2880,13,0.0016122,2.74,239,56.5,147,154.8,183.6,54.8,8.05e-06,2.408e-06,28.44,1.88e-06,140.996,1,55000.8,6.658,35.5,3.36,0.00363,62.6,84000.2,17140,0.092374
71.58,5778,0.4418,0.0497,0.01428,0.38312,66800,0.0262,0.516,0.4528,0.004116,0.358,0.592,0.443,0.2774,0.2622,11.3,0.07762,0.05096,0.1412,0.0611,0.216,0.06558,0.0198,0.1986,73.92,3.7,2880,11.32,0.0008366,2.74,239,66.58,120,174,176.4,57.24,6.57e-06,2.82e-06,12.3,3.184e-06,41.984,2640000.2,165000.4,5.774,21.7,12.8,0.004326,52.2,1,17880,0.183458
71.58,5778,0.4418,0.0497,0.01428,0.38312,66800,0.0262,0.516,0.4528,0.004116,0.358,0.592,0.443,0.2774,0.2622,11.3,0.07762,0.05096,0.1412,0.0611,0.216,0.06558,0.0198,0.1986,73.92,3.7,2880,11.32,0.0008366,2.74,239,66.58,120,174,176.4,57.24,6.57e-06,2.82e-06,12.3,3.184e-06,41.984,2640000.2,165000.4,5.774,1,12.8,0.004326,52.2,1,17880,0.183458
71.58,5778,0.4418,0.0497,0.01428,0.38312,66800,0.0262,0.516,0.4528,0.004116,0.358,0.592,0.443,0.2774,0.2622,11.3,0.07762,0.05096,0.1412,0.0611,0.216,0.06558,0.0198,0.1986,73.92,3.7,2880,11.32,0.0008366,2.74,239,66.58,120,174,198,57.24,6.57e-06,2.82e-06,12.3,3.184e-06,41.984,2640000.2,165000.4,5.774,1,12.8,0.004326,52.2,1,17880,0.183458
71.58,5778,0.4418,0.0497,0.01428,0.38312,66800,0.0262,0.516,0.4528,0.004116,0.358,0.592,0.443,0.2774,0.2622,11.3,0.07762,0.05096,0.1412,0.0611,0.216,0.06558,0.0198,0.1986,73.92,3.7,2880,11.32,0.0008366,2.74,239,66.58,120,174,198,57.24,6.57e-06,2.82e-06,12.3,3.184e-06,41.984,2640000.2,165000.4,5.774,1,12.8,0.004326,21,1,17880,0.183458
71.58,5778,0.4418,0.0497,0.01428,0.38312,66800,0.0262,0.516,0.4528,0.004116,0.358,0.592,0.443,0.2774,0.2622,11.3,0.07762,0.05096,0.1412,0.0611,0.192,0.06558,0.0198,0.1986,73.92,3.7,2880,11.32,0.0008366,2.74,239,66.58,120,174,198,57.24,6.57e-06,2.82e-06,12.3,3.184e-06,41.984,2640000.2,165000.4,5.774,1,12.8,0.004326,21,1,17880,0.183458
71.58,5778,0.4418,0.0497,0.01428,0.38312,66800,0.0262,0.516,0.4528,0.004116,0.358,0.592,0.443,0.2774,0.2622,11.3,0.07762,0.05096,0.1412,0.0611,0.192,0.06558,0.0198,0.1986,73.92,3.7,2880,11.32,0.0008366,2.74,239,66.58,120,174,198,57.24,6.57e-06,2.82e-06,12.3,3.184e-06,41.984,2640000.2,165000.4,8.426,1,12.8,0.004326,21,1,17880,0.183458
71.58,5778,0.4418,0.0497,0.01428,0.38312,66800,0.0262,0.516,0.4528,0.004116,0.358,0.592,0.443,0.2774,0.2622,11.3,0.07762,0.05096,0.158,0.0611,0.192,0.06558,0.0198,0.1986,73.92,3.7,2880,11.32,0.0008366,2.74,239,66.58,120,174,198,57.24,6.57e-06,2.82e-06,12.3,3.184e-06,41.984,2640000.2,165000.4,8.426,1,12.8,0.004326,21,1,17880,0.183458
71.58,5778,0.4418,0.0497,0.01428,0.38312,66800,0.0262,0.516,0.4528,0.004116,0.358,0.592,0.443,0.2774,0.2622,11.3,0.07762,0.05096,0.158,0.0611,0.192,0.06558,0.0198,0.1986,73.92,3.7,2880,11.32,0.0008366,1,239,66.58,120,174,198,57.24,6.57e-06,2.82e-06,12.3,3.184e-06,41.984,2640000.2,165000.4,8.426,1,12.8,0.004326,21,1,17880,0.183458
71.58,5778,0.4418,0.0497,0.01428,0.38312,66800,0.0262,0.516,0.4528,0.004116,0.358,0.592,0.443,0.2774,0.2622,11.3,0.07762,0.05096,0.158,0.0611,0.192,0.06558,0.0198,0.1986,73.92,3.7,2880,11.32,0.0008366,1,239,66.58,120,174,198,57.24,6.57e-06,2.82e-06,12.3,3.184e-06,41.984,2640000.2,165000.4,8.426,1,12.8,0.004326,21,1,20100,0.183458
71.58,5778,0.4418,0.0497,0.01428,0.38312,66800,0.0262,0.516,0.4528,0.004116,0.358,0.592,0.443,0.2774,0.2622,11.3,0.07762,0.05096,0.158,0.0611,0.192,0.06558,0.0198,0.1986,73.92,3.292,2880,11.32,0.0008366,1,239,66.58,120,174,198,57.24,6.57e-06,2.82e-06,12.3,3.184e-06,41.984,2640000.2,165000.4,8.426,1,12.8,0.004326,21,1,20100,0.183458
71.58,5778,0.4418,0.0497,0.01428,0.38312,66800,0.0262,0.516,0.4528,0.004116,0.358,0.592,0.443,0.2774,0.2622,11.3,0.07762,0.05096,0.158,0.0611,0.192,0.06558,0.0198,0.1986,73.92,3.292,2880,11.32,0.0008366,1,239,66.58,120,174,198,57.24,6.57e-06,2.82e-06,12.3,3.184e-06,41.984,2640000.2,165000.4,8.426,1,12.8,0.00537,21,1,20100,0.183458
71.58,5778,0.4418,0.0497,0.01428,0.38312,66800,0.0262,0.516,0.4528,0.004116,0.358,0.592,0.443,0.2774,0.2622,11.3,0.07762,0.05096,0.158,0.0611,0.192,0.06558,0.0198,0.1614,73.92,3.292,2880,11.32,0.0008366,1,239,66.58,120,174,198,57.24,6.57e-06,2.82e-06,12.3,3.184e-06,41.984,2640000.2,165000.4,8.426,1,12.8,0.00537,21,1,20100,0.183458
71.58,5778,0.4418,0.0443,0.01428,0.38312,66800,0.0262,0.516,0.4528,0.004116,0.358,0.592,0.443,0.2774,0.2622,11.3,0.07762,0.05096,0.158,0.0611,0.192,0.06558,0.0198,0.1614,73.92,3.292,2880,11.32,0.0008366,1,239,66.58,120,174,198,57.24,6.57e-06,2.82e-06,12.3,3.184e-06,41.984,2640000.2,165000.4,8.426,1,12.8,0.00537,21,1,20100,0.183458
71.58,5778,0.4418,0.0443,0.01428,0.38312,66800,0.0262,0.516,0.4012,0.004116,0.358,0.592,0.443,0.2774,0.2622,11.3,0.07762,0.05096,0.158,0.0611,0.192,0.06558,0.0198,0.1614,73.92,3.292,2880,11.32,0.0008366,1,239,66.58,120,174,198,57.24,6.57e-06,2.82e-06,12.3,3.184e-06,41.984,2640000.2,165000.4,8.426,1,12.8,0.00537,21,1,20100,0.183458
71.58,5778,0.4418,0.0443,0.01428,0.38312,66800,0.0262,0.516,0.4012,0.004116,0.406,0.592,0.443,0.2774,0.2622,11.3,0.07762,0.05096,0.158,0.0611,0.192,0.06558,0.0198,0.1614,73.92,3.292,2880,11.32,0.0008366,1,239,66.58,120,174,198,57.24,6.57e-06,2.82e-06,12.3,3.184e-06,41.984,2640000.2,165000.4,8.426,1,12.8,0.00537,21,1,20100,0.183458
71.58,5778,0.4418,0.0443,0.01428,0.38312,66800,0.0262,0.516,0.4012,0.004116,0.406,0.592,0.443,0.2774,0.2622,11.3,0.07762,0.05096,0.158,0.0611,0.192,0.06558,0.0198,0.1614,73.92,3.292,2880,11.32,0.0008366,1,239,66.58,120,174,198,57.24,6.57e-06,2.82e-06,12.3,3.184e-06,41.984,2640000.2,165000.4,8.426,1,5.72,0.00537,21,1,20100,0.183458
71.58,5778,0.4418,0.0443,0.01428,0.38312,66800,0.0262,0.516,0.4012,0.004116,0.406,0.592,0.443,0.2774,0.2622,11.3,0.07762,0.05096,0.158,0.0611,0.192,0.06558,0.0198,0.1614,73.92,3.292,2880,11.32,0.0008366,1,239,66.58,120,174,198,57.24,6.57e-06,2.82e-06,12.3,2.206e-06,41.984,2640000.2,165000.4,8.426,1,5.72,0.00537,21,1,20100,0.183458
71.58,5778,0.4418,0.0443,0.01428,0.38312,66800,0.0262,0.516,0.4012,0.004116,0.406,0.592,0.395,0.2774,0.2622,11.3,0.07762,0.05096,0.158,0.0611,0.192,0.06558,0.0198,0.1614,73.92,3.292,2880,11.32,0.0008366,1,239,66.58,120,174,198,57.24,6.57e-06,2.82e-06,12.3,2.206e-06,41.984,2640000.2,165000.4,8.426,1,5.72,0.00537,21,1,20100,0.183458
71.58,5778,0.4418,0.0443,0.01428,0.38312,66800,0.0262,0.516,0.4012,0.004116,0.406,0.592,0.395,0.2774,0.2622,10.058,0.07762,0.05096,0.158,0.0611,0.192,0.06558,0.0198,0.1614,73.92,3.292,2880,11.32,0.0008366,1,239,66.58,120,174,198,57.24,6.57e-06,2.82e-06,12.3,2.206e-06,41.984,2640000.2,165000.4,8.426,1,5.72,0.00537,21,1,20100,0.183458
71.58,5778,0.4418,0.0443,0.01428,0.38312,66800,0.0262,0.516,0.4012,0.004116,0.406,0.592,0.395,0.2774,0.2622,10.058,0.07762,0.05096,0.158,0.0611,0.192,0.06558,0.0198,0.1614,73.92,3.292,2880,11.32,0.0008366,1,239,66.58,120,174,198,57.24,7.458e-06,2.82e-06,12.3,2.206e-06,41.984,2640000.2,165000.4,8.426,1,5.72,0.00537,21,1,20100,0.183458
71.58,5778,0.4418,0.0443,0.01428,1.46828,66800,0.0262,0.516,0.4012,0.004116,0.406,0.592,0.395,0.2774,0.2622,10.058,0.07762,0.05096,0.158,0.0611,0.192,0.06558,0.0198,0.1614,73.92,3.292,2880,11.32,0.0008366,1,239,66.58,120,174,198,57.24,7.458e-06,2.82e-06,12.3,2.206e-06,41.984,2640000.2,165000.4,8.426,1,5.72,0.00537,21,1,20100,0.183458
71.58,5778,0.4418,0.0443,0.01428,1.46828,66800,0.0262,0.516,0.4012,0.004116,0.406,0.592,0.395,0.2774,0.2622,10.058,0.07762,0.05096,0.158,0.0611,0.192,0.06558,0.0198,0.1614,73.92,3.292,2880,11.32,0.0008366,1,239,66.58,120,174,198,57.24,7.458e-06,2.82e-06,12.3,2.206e-06,41.984,2640000.2,1,8.426,1,5.72,0.00537,21,1,20100,0.183458
71.58,5778,0.4418,0.0443,0.01428,1.46828,66800,0.0262,0.516,0.4012,0.004116,0.406,0.592,0.395,0.2774,0.2622,10.058,0.07762,0.05096,0.158,0.0611,0.192,0.06558,0.0198,0.1614,73.92,3.292,2880,11.32,0.0008366,1,239,66.58,120,174,198,57.24,7.458e-06,2.82e-06,60.72,2.206e-06,41.984,2640000.2,1,8.426,1,5.72,0.00537,21,1,20100,0.183458
71.58,5778,0.4418,0.0443,0.01428,1.46828,66800,0.0262,0.516,0.4012,0.004116,0.406,0.592,0.395,0.2774,0.2622,10.058,0.07762,0.05096,0.158,0.0689,0.192,0.06558,0.0198,0.1614,73.92,3.292,2880,11.32,0.0008366,1,239,66.58,120,174,198,57.24,7.458e-06,2.82e-06,60.72,2.206e-06,41.984,2640000.2,1,8.426,1,5.72,0.00537,21,1,20100,0.183458
71.58,5778,0.4418,0.0443,0.01428,1.46828,66800,0.0262,0.516,0.4012,0.004116,0.406,0.592,0.395,0.2774,0.2622,10.058,0.07762,0.05096,0.158,0.0689,0.192,0.0579,0.0198,0.1614,73.92,3.292,2880,11.32,0.0008366,1,239,66.58,120,174,198,57.24,7.458e-06,2.82e-06,60.72,2.206e-06,41.984,2640000.2,1,8.426,1,5.72,0.00537,21,1,20100,0.183458
87,5778,0.4418,0.0443,0.01428,1.46828,66800,0.0262,0.516,0.4012,0.004116,0.406,0.592,0.395,0.2774,0.2622,10.058,0.07762,0.05096,0.158,0.0689,0.192,0.0579,0.0198,0.1614,73.92,3.292,2880,11.32,0.0008366,1,239,66.58,120,174,198,57.24,7.458e-06,2.82e-06,60.72,2.206e-06,41.984,2640000.2,1,8.426,1,5.72,0.00537,21,1,20100,0.183458
87,5778,0.4418,0.0443,0.01428,1.46828,54200,0.0262,0.516,0.4012,0.004116,0.406,0.592,0.395,0.2774,0.2622,10.058,0.07762,0.05096,0.158,0.0689,0.192,0.0579,0.0198,0.1614,73.92,3.292,2880,11.32,0.0008366,1,239,66.58,120,174,198,57.24,7.458e-06,2.82e-06,60.72,2.206e-06,41.984,2640000.2,1,8.426,1,5.72,0.00537,21,1,20100,0.183458
87,5778,0.4418,0.0443,0.01428,1.46828,54200,0.0262,0.516,0.4012,0.004116,0.406,0.592,0.395,0.2774,0.2622,10.058,0.07762,0.05096,0.158,0.0689,0.192,0.0579,0.0198,0.1614,73.92,3.292,2880,11.32,0.0008366,1,239,66.58,120,154.8,198,57.24,7.458e-06,2.82e-06,60.72,2.206e-06,41.984,2640000.2,1,8.426,1,5.72,0.00537,21,1,20100,0.183458
87,5778,0.4418,0.0443,0.01428,1.46828,54200,0.0262,0.516,0.4012,0.004116,0.406,0.592,0.395,0.2774,0.2622,10.058,0.07762,0.05096,0.158,0.0689,0.192,0.0579,0.0198,0.1614,73.92,3.292,2880,11.32,0.002,1,239,66.58,120,154.8,198,57.24,7.458e-06,2.82e-06,60.72,2.206e-06,41.984,2640000.2,1,8.426,1,5.72,0.00537,21,1,20100,0.183458
87,5778,0.4418,0.0443,0.01428,1.46828,54200,0.0262,0.516,0.4012,0.004116,0.406,0.592,0.395,0.2774,0.2622,10.058,0.07762,0.05096,0.158,0.0689,0.192,0.0579,0.0198,0.1614,73.92,3.292,2880,11.32,0.002,1,239,66.58,120,154.8,198,64.56,7.458e-06,2.82e-06,60.72,2.206e-06,41.984,2640000.2,1,8.426,1,5.72,0.00537,21,1,20100,0.183458
87,5778,0.4418,0.0443,0.01428,1.46828,54200,0.0262,0.516,0.4012,0.004116,0.406,0.592,0.395,0.2774,0.2622,10.058,0.07762,0.05096,0.158,0.0689,0.192,0.0579,0.0198,0.1614,73.92,3.292,2880,11.32,0.002,1,239,66.58,136.2,154.8,198,64.56,7.458e-06,2.82e-06,60.72,2.206e-06,41.984,2640000.2,1,8.426,1,5.72,0.00537,21,1,20100,0.183458
87,4692,0.4418,0.0443,0.01428,1.46828,54200,0.0262,0.516,0.4012,0.004116,0.406,0.592,0.395,0.2774,0.2622,10.058,0.07762,0.05096,0.158,0.0689,0.192,0.0579,0.0198,0.1614,73.92,3.292,2880,11.32,0.002,1,239,66.58,136.2,154.8,198,64.56,7.458e-06,2.82e-06,60.72,2.206e-06,41.984,2640000.2,1,8.426,1,5.72,0.00537,21,1,20100,0.183458
87,4692,0.4418,0.0443,0.01428,1.46828,54200,0.0262,0.516,0.4012,0.004116,0.406,0.5278,0.395,0.2774,0.2622,10.058,0.07762,0.05096,0.158,0.0689,0.192,0.0579,0.0198,0.1614,73.92,3.292,2880,11.32,0.002,1,239,66.58,136.2,154.8,198,64.56,7.458e-06,2.82e-06,60.72,2.206e-06,41.984,2640000.2,1,8.426,1,5.72,0.00537,21,1,20100,0.183458
87,4692,0.4418,0.0443,0.01428,1.46828,54200,0.0262,0.516,0.4012,0.004116,0.406,0.5278,0.395,0.2774,0.2622,10.058,0.07762,0.05096,0.158,0.0689,0.192,0.0579,0.02244,0.1614,73.92,3.292,2880,11.32,0.002,1,239,66.58,136.2,154.8,198,64.56,7.458e-06,2.82e-06,60.72,2.206e-06,41.984,2640000.2,1,8.426,1,5.72,0.00537,21,1,20100,0.183458
87,4692,0.4418,0.0443,0.01428,1.46828,54200,0.0262,0.516,0.4012,0.004116,0.406,0.5278,0.395,0.2774,0.2622,10.058,0.07762,0.05096,0.158,0.0689,0.192,0.0579,0.02244,0.1614,73.92,3.292,2880,11.32,0.002,1,239,59.02,136.2,154.8,198,64.56,7.458e-06,2.82e-06,60.72,2.206e-06,41.984,2640000.2,1,8.426,1,5.72,0.00537,21,1,20100,0.183458
87,4692,0.4418,0.0443,0.01428,1.46828,54200,0.0262,0.516,0.4012,0.004116,0.406,0.5278,0.395,0.2774,0.2622,10.058,0.07762,0.05096,0.158,0.0689,0.192,0.0579,0.02244,0.1614,73.92,3.292,2880,11.32,0.002,1,239,59.02,136.2,154.8,198,64.56,7.458e-06,2.202e-06,60.72,2.206e-06,41.984,2640000.2,1,8.426,1,5.72,0.00537,21,1,20100,0.183458
87,4692,0.4418,0.0443,0.01428,1.46828,54200,0.0262,0.516,0.4012,0.004116,0.406,0.5278,0.395,0.2774,0.2622,10.058,0.07762,0.05096,0.158,0.0689,0.192,0.0579,0.02244,0.1614,73.92,3.292,2880,11.32,0.002,1,239,59.02,136.2,154.8,198,64.56,7.458e-06,2.202e-06,60.72,2.206e-06,140.996,2640000.2,1,8.426,1,5.72,0.00537,21,1,20100,0.183458
87,4692,0.4418,0.0443,0.01428,1.46828,54200,0.0262,0.516,0.4012,0.004116,0.406,0.5278,0.395,0.2774,0.2622,10.058,0.07762,0.05096,0.158,0.0689,0.192,0.0579,0.02244,0.1614,73.92,3.292,1152.6,11.32,0.002,1,239,59.02,136.2,154.8,198,64.56,7.458e-06,2.202e-06,60.72,2.206e-06,140.996,2640000.2,1,8.426,1,5.72,0.00537,21,1,20100,0.183458
87,4692,0.353,0.0443,0.01428,1.46828,54200,0.0262,0.516,0.4012,0.004116,0.406,0.5278,0.395,0.2774,0.2622,10.058,0.07762,0.05096,0.158,0.0689,0.192,0.0579,0.02244,0.1614,73.92,3.292,1152.6,11.32,0.002,1,239,59.02,136.2,154.8,198,64.56,7.458e-06,2.202e-06,60.72,2.206e-06,140.996,2640000.2,1,8.426,1,5.72,0.00537,21,1,20100,0.183458
87,4692,0.353,0.0443,0.01428,1.46828,54200,0.0262,0.516,0.4012,0.004116,0.406,0.5278,0.395,0.2774,0.2622,10.058,0.07762,0.0572,0.158,0.0689,0.192,0.0579,0.02244,0.1614,73.92,3.292,1152.6,11.32,0.002,1,239,59.02,136.2,154.8,198,64.56,7.458e-06,2.202e-06,60.72,2.206e-06,140.996,2640000.2,1,8.426,1,5.72,0.00537,21,1,20100,0.183458
87,4692,0.353,0.0443,0.01428,1.46828,54200,0.0262,0.516,0.4012,0.004116,0.406,0.5278,0.395,0.2774,0.2622,10.058,0.0685,0.0572,0.158,0.0689,0.192,0.0579,0.02244,0.1614,73.92,3.292,1152.6,11.32,0.002,1,239,59.02,136.2,154.8,198,64.56,7.458e-06,2.202e-06,60.72,2.206e-06,140.996,2640000.2,1,8.426,1,5.72,0.00537,21,1,20100,0.183458
87,4692,0.353,0.0443,0.01428,1.46828,54200,0.0232,0.516,0.4012,0.004116,0.406,0.5278,0.395,0.2774,0.2622,10.058,0.0685,0.0572,0.158,0.0689,0.192,0.0579,0.02244,0.1614,73.92,3.292,1152.6,11.32,0.002,1,239,59.02,136.2,154.8,198,64.56,7.458e-06,2.202e-06,60.72,2.206e-06,140.996,2640000.2,1,8.426,1,5.72,0.00537,21,1,20100,0.183458
87,4692,0.353,0.0443,0.01428,1.46828,54200,0.0232,0.516,0.4012,0.004116,0.406,0.5278,0.395,0.2774,0.2622,10.058,0.0685,0.0572,0.158,0.0689,0.192,0.0579,0.02244,0.1614,120,3.292,1152.6,11.32,0.002,1,239,59.02,136.2,154.8,198,64.56,7.458e-06,2.202e-06,60.72,2.206e-06,140.996,2640000.2,1,8.426,1,5.72,0.00537,21,1,20100,0.183458
87,4692,0.353,0.0443,0.01428,1.46828,54200,0.0232,0.516,0.4012,0.00462,0.406,0.5278,0.395,0.2774,0.2622,10.058,0.0685,0.0572,0.158,0.0689,0.192,0.0579,0.02244,0.1614,120,3.292,1152.6,11.32,0.002,1,239,59.02,136.2,154.8,198,64.56,7.458e-06,2.202e-06,60.72,2.206e-06,140.996,2640000.2,1,8.426,1,5.72,0.00537,21,1,20100,0.183458
87,4692,0.353,0.0443,0.0126,1.46828,54200,0.0232,0.516,0.4012,0.00462,0.406,0.5278,0.395,0.2774,0.2622,10.058,0.0685,0.0572,0.158,0.0689,0.192,0.0579,0.02244,0.1614,120,3.292,1152.6,11.32,0.002,1,239,59.02,136.2,154.8,198,64.56,7.458e-06,2.202e-06,60.72,2.206e-06,140.996,2640000.2,1,8.426,1,5.72,0.00537,21,1,20100,0.183458
87,4692,0.353,0.0443,0.0126,1.46828,54200,0.0232,0.516,0.4012,0.00462,0.406,0.5278,0.395,0.2774,0.2622,10.058,0.0685,0.0572,0.158,0.0689,0.192,0.0579,0.02244,0.1614,120,3.292,1152.6,11.32,0.002,1,212.6,59.02,136.2,154.8,198,64.56,7.458e-06,2.202e-06,60.72,2.206e-06,140.996,2640000.2,1,8.426,1,5.72,0.00537,21,1,20100,0.183458
87,4692,0.353,0.0443,0.0126,1.46828,54200,0.0232,0.516,0.4012,0.00462,0.406,0.5278,0.395,0.311,0.2622,10.058,0.0685,0.0572,0.158,0.0689,0.192,0.0579,0.02244,0.1614,120,3.292,1152.6,11.32,0.002,1,212.6,59.02,136.2,154.8,198,64.56,7.458e-06,2.202e-06,60.72,2.206e-06,140.996,2640000.2,1,8.426,1,5.72,0.00537,21,1,20100,0.183458
87,4692,0.353,0.0443,0.0126,1.46828,54200,0.0232,0.516,0.4012,0.00462,0.406,0.5278,0.395,0.311,0.2328,10.058,0.0685,0.0572,0.158,0.0689,0.192,0.0579,0.02244,0.1614,120,3.292,1152.6,11.32,0.002,1,212.6,59.02,136.2,154.8,198,64.56,7.458e-06,2.202e-06,60.72,2.206e-06,140.996,2640000.2,1,8.426,1,5.72,0.00537,21,1,20100,0.183458
87,4692,0.353,0.0443,0.0126,1.46828,54200,0.0232,0.516,0.4012,0.00462,0.406,0.5278,0.395,0.311,0.2328,10.058,0.0685,0.0572,0.158,0.0689,0.192,0.0579,0.02244,0.1614,120,3.292,1152.6,11.32,0.002,1,212.6,59.02,136.2,154.8,198,64.56,7.458e-06,2.202e-06,60.72,2.206e-06,140.996,2640000.2,1,8.426,1,5.72,0.00537,21,63000.4,20100,0.183458
87,4692,0.353,0.0443,0.0126,1.46828,54200,0.0232,0.516,0.4012,0.00462,0.406,0.5278,0.395,0.311,0.2328,10.058,0.0685,0.0572,0.158,0.0689,0.192,0.0579,0.02244,0.1614,120,3.292,1152.6,11.32,0.002,1,212.6,59.02,136.2,154.8,198,64.56,7.458e-06,2.202e-06,60.72,2.206e-06,140.996,660000.8,1,8.426,1,5.72,0.00537,21,63000.4,20100,0.183458
87,4692,0.353,0.0443,0.0126,1.46828,54200,0.0232,0.516,0.4012,0.00462,0.406,0.5278,0.395,0.311,0.2328,10.058,0.0685,0.0572,0.158,0.0689,0.192,0.0579,0.02244,0.1614,120,3.292,1152.6,11.32,0.002,1,212.6,59.02,136.2,154.8,198,64.56,7.458e-06,2.202e-06,60.72,2.206e-06,140.996,660000.8,1,8.426,1,5.72,0.00537,21,63000.4,20100,0.046832
87,4692,0.353,0.0443,0.0126,1.46828,54200,0.0232,0.5844,0.4012,0.00462,0.406,0.5278,0.395,0.311,0.2328,10.058,0.0685,0.0572,0.158,0.0689,0.192,0.0579,0.02244,0.1614,120,3.292,1152.6,11.32,0.002,1,212.6,59.02,136.2,154.8,198,64.56,7.458e-06,2.202e-06,60.72,2.206e-06,140.996,660000.8,1,8.426,1,5.72,0.00537,21,63000.4,20100,0.046832
87,4692,0.353,0.0443,0.0126,1.46828,54200,0.0232,0.5844,0.4012,0.00462,0.406,0.5278,0.395,0.311,0.2328,10.058,0.0685,0.0572,0.158,0.0689,0.192,0.0579,0.02244,0.1614,120,3.292,1152.6,13,0.002,1,212.6,59.02,136.2,154.8,198,64.56,7.458e-06,2.202e-06,60.72,2.206e-06,140.996,660000.8,1,8.426,1,5.72,0.00537,21,63000.4,20100,0.046832
61.3,4692,0.3826,0.0425,0.01484,0.0214,66800,0.0272,0.6072,0.384,0.003948,0.358,0.5492,0.363,0.311,0.272,11.3,0.07154,0.04888,0.1412,0.0715,0.184,0.06046,0.02068,0.211,89.28,3.7,1728.4,10.2,6.1e-05,1.58,221.4,56.5,130.8,154.8,198,54.8,6.866e-06,2.614e-06,76.86,2.858e-06,74.988,1320000.6,110000.6,8.426,14.8,5.72,0.004326,73,105000,16400,0.137916
61.3,4692,0.4714,0.0425,0.01484,0.0214,66800,0.0272,0.6072,0.384,0.003948,0.358,0.5492,0.363,0.311,0.272,11.3,0.07154,0.04888,0.1412,0.0715,0.184,0.06046,0.02068,0.211,89.28,3.7,1728.4,10.2,6.1e-05,1.58,221.4,56.5,130.8,154.8,198,54.8,6.866e-06,2.614e-06,76.86,2.858e-06,74.988,1320000.6,110000.6,8.426,14.8,5.72,0.004326,73,105000,16400,0.137916
61.3,4692,0.4714,0.0425,0.01484,0.0214,66800,0.0272,0.6072,0.384,0.003948,0.358,0.5492,0.363,0.311,0.272,11.3,0.07154,0.04888,0.1412,0.0715,0.184,0.06046,0.02068,0.211,89.28,3.7,1728.4,10.2,6.1e-05,1.58,221.4,56.5,130.8,154.8,198,54.8,6.866e-06,2.614e-06,76.86,1.88e-06,74.988,1320000.6,110000.6,8.426,14.8,5.72,0.004326,73,105000,16400,0.137916
76.72,4692,0.4714,0.0425,0.01484,0.0214,66800,0.0272,0.6072,0.384,0.003948,0.358,0.5492,0.363,0.311,0.272,11.3,0.07154,0.04888,0.1412,0.0715,0.184,0.06046,0.02068,0.211,89.28,3.7,1728.4,10.2,6.1e-05,1.58,221.4,56.5,130.8,154.8,198,54.8,6.866e-06,2.614e-06,76.86,1.88e-06,74.988,1320000.6,110000.6,8.426,14.8,5.72,0.004326,73,105000,16400,0.137916
76.72,4692,0.4714,0.0425,0.01484,0.0214,66800,0.0272,0.6072,0.384,0.003948,0.358,0.5492,0.363,0.311,0.272,11.3,0.07154,0.04888,0.1412,0.0715,0.184,0.06814,0.02068,0.211,89.28,3.7,1728.4,10.2,6.1e-05,1.58,221.4,56.5,130.8,154.8,198,54.8,6.866e-06,2.614e-06,76.86,1.88e-06,74.988,1320000.6,110000.6,8.426,14.8,5.72,0.004326,73,105000,16400,0.137916
76.72,4692,0.4714,0.0425,0.01484,0.0214,54200,0.0272,0.6072,0.384,0.003948,0.358,0.5492,0.363,0.311,0.272,11.3,0.07154,0.04888,0.1412,0.0715,0.184,0.06814,0.02068,0.211,89.28,3.7,1728.4,10.2,6.1e-05,1.58,221.4,56.5,130.8,154.8,198,54.8,6.866e-06,2.614e-06,76.86,1.88e-06,74.988,1320000.6,110000.6,8.426,14.8,5.72,0.004326,73,105000,16400,0.137916
76.72,4692,0.4714,0.0425,0.01484,0.0214,54200,0.0272,0.6072,0.384,0.003948,0.358,0.5492,0.363,0.311,0.272,10.058,0.07154,0.04888,0.1412,0.0715,0.184,0.06814,0.02068,0.211,89.28,3.7,1728.4,10.2,6.1e-05,1.58,221.4,56.5,130.8,154.8,198,54.8,6.866e-06,2.614e-06,76.86,1.88e-06,74.988,1320000.6,110000.6,8.426,14.8,5.72,0.004326,73,105000,16400,0.137916
76.72,4692,0.4714,0.0425,0.01484,0.0214,54200,0.0272,0.6072,0.384,0.003948,0.358,0.5492,0.363,0.311,0.272,10.058,0.07154,0.04888,0.1412,0.0715,0.184,0.06814,0.02068,0.211,89.28,3.292,1728.4,10.2,6.1e-05,1.58,221.4,56.5,130.8,154.8,198,54.8,6.866e-06,2.614e-06,76.86,1.88e-06,74.988,1320000.6,110000.6,8.426,14.8,5.72,0.004326,73,105000,16400,0.137916
76.72,4692,0.4714,0.0425,0.01484,0.0214,54200,0.0272,0.6072,0.384,0.003948,0.358,0.5492,0.363,0.311,0.272,10.058,0.07154,0.04888,0.1412,0.0715,0.184,0.06814,0.02068,0.211,89.28,3.292,1728.4,10.2,6.1e-05,1.58,221.4,56.5,130.8,154.8,198,54.8,6.866e-06,2.614e-06,76.86,1.88e-06,74.988,1320000.6,110000.6,8.426,14.8,5.72,0.004326,73,105000,18620,0.137916
76.72,4692,0.4714,0.0425,0.01484,0.0214,54200,0.0272,0.6072,0.384,0.003948,0.358,0.485,0.363,0.311,0.272,10.058,0.07154,0.04888,0.1412,0.0715,0.184,0.06814,0.02068,0.211,89.28,3.292,1728.4,10.2,6.1e-05,1.58,221.4,56.5,130.8,154.8,198,54.8,6.866e-06,2.614e-06,76.86,1.88e-06,74.988,1320000.6,110000.6,8.426,14.8,5.72,0.004326,73,105000,18620,0.137916
76.72,4692,0.4714,0.0425,0.01484,0.0214,54200,0.0242,0.6072,0.384,0.003948,0.358,0.485,0.363,0.311,0.272,10.058,0.07154,0.04888,0.1412,0.0715,0.184,0.06814,0.02068,0.211,89.28,3.292,1728.4,10.2,6.1e-05,1.58,221.4,56.5,130.8,154.8,198,54.8,6.866e-06,2.614e-06,76.86,1.88e-06,74.988,1320000.6,110000.6,8.426,14.8,5.72,0.004326,73,105000,18620,0.137916
76.72,4692,0.4714,0.0425,0.01484,0.0214,54200,0.0242,0.6072,0.384,0.003948,0.358,0.485,0.363,0.311,0.272,10.058,0.07154,0.04888,0.1412,0.0715,0.184,0.06814,0.02068,0.211,89.28,3.292,1728.4,10.2,0.0012244,1.58,221.4,56.5,130.8,154.8,198,54.8,6.866e-06,2.614e-06,76.86,1.88e-06,74.988,1320000.6,110000.6,8.426,14.8,5.72,0.004326,73,105000,18620,0.137916
76.72,4692,0.4714,0.0425,0.01484,0.0214,54200,0.0242,0.6072,0.384,0.003948,0.358,0.485,0.363,0.311,0.272,10.058,0.07154,0.04888,0.158,0.0715,0.184,0.06814,0.02068,0.211,89.28,3.292,1728.4,10.2,0.0012244,1.58,221.4,56.5,130.8,154.8,198,54.8,6.866e-06,2.614e-06,76.86,1.88e-06,74.988,1320000.6,110000.6,8.426,14.8,5.72,0.004326,73,105000,18620,0.137916
76.72,4692,0.4714,0.0425,0.01316,0.0214,54200,0.0242,0.6072,0.384,0.003948,0.358,0.485,0.363,0.311,0.272,10.058,0.07154,0.04888,0.158,0.0715,0.184,0.06814,0.02068,0.211,89.28,3.292,1728.4,10.2,0.0012244,1.58,221.4,56.5,130.8,154.8,198,54.8,6.866e-06,2.614e-06,76.86,1.88e-06,74.988,1320000.6,110000.6,8.426,14.8,5.72,0.004326,73,105000,18620,0.137916
76.72,4692,0.4714,0.0425,0.01316,0.0214,54200,0.0242,0.6072,0.384,0.003948,0.358,0.485,0.363,0.311,0.272,10.058,0.07154,0.04888,0.158,0.0715,0.184,0.06814,0.02068,0.211,43.2,3.292,1728.4,10.2,0.0012244,1.58,221.4,56.5,130.8,154.8,198,54.8,6.866e-06,2.614e-06,76.86,1.88e-06,74.988,1320000.6,110000.6,8.426,14.8,5.72,0.004326,73,105000,18620,0.137916
76.72,4692,0.4714,0.0425,0.01316,0.0214,54200,0.0242,0.6072,0.384,0.003948,0.358,0.485,0.363,0.311,0.272,10.058,0.07154,0.04888,0.158,0.0715,0.184,0.06814,0.02068,0.1738,43.2,3.292,1728.4,10.2,0.0012244,1.58,221.4,56.5,130.8,154.8,198,54.8,6.866e-06,2.614e-06,76.86,1.88e-06,74.988,1320000.6,110000.6,8.426,14.8,5.72,0.004326,73,105000,18620,0.137916
76.72,4692,0.4714,0.0425,0.01316,0.0214,54200,0.0242,0.6072,0.384,0.003948,0.358,0.485,0.363,0.311,0.272,10.058,0.07154,0.04888,0.158,0.0715,0.184,0.06814,0.02068,0.1738,43.2,3.292,1728.4,10.2,0.0012244,1.58,221.4,56.5,130.8,174,198,54.8,6.866e-06,2.614e-06,76.86,1.88e-06,74.988,1320000.6,110000.6,8.426,14.8,5.72,0.004326,73,105000,18620,0.137916
76.72,4692,0.4714,0.0425,0.01316,0.0214,54200,0.0242,0.6072,0.4356,0.003948,0.358,0.485,0.363,0.311,0.272,10.058,0.07154,0.04888,0.158,0.0715,0.184,0.06814,0.02068,0.1738,43.2,3.292,1728.4,10.2,0.0012244,1.58,221.4,56.5,130.8,174,198,54.8,6.866e-06,2.614e-06,76.86,1.88e-06,74.988,1320000.6,110000.6,8.426,14.8,5.72,0.004326,73,105000,18620,0.137916
76.72,4692,0.4714,0.0425,0.01316,0.0214,54200,0.0242,0.6072,0.4356,0.003948,0.358,0.485,0.363,0.311,0.272,10.058,0.07154,0.04888,0.158,0.0715,0.184,0.06814,0.02068,0.1738,43.2,3.292,1,10.2,0.0012244,1.58,221.4,56.5,130.8,174,198,54.8,6.866e-06,2.614e-06,76.86,1.88e-06,74.988,1320000.6,110000.6,8.426,14.8,5.72,0.004326,73,105000,18620,0.137916
76.72,4692,0.4714,0.0425,0.01316,0.0214,54200,0.0242,0.6072,0.4356,0.003948,0.358,0.485,0.363,0.2774,0.272,10.058,0.07154,0.04888,0.158,0.0715,0.184,0.06814,0.02068,0.1738,43.2,3.292,1,10.2,0.0012244,1.58,221.4,56.5,130.8,174,198,54.8,6.866e-06,2.614e-06,76.86,1.88e-06,74.988,1320000.6,110000.6,8.426,14.8,5.72,0.004326,73,105000,18620,0.137916
76.72,4692,0.4714,0.0425,0.01316,0.0214,54200,0.0242,0.6072,0.4356,0.003948,0.358,0.485,0.363,0.2774,0.272,10.058,0.07154,0.04888,0.158,0.0715,0.184,0.06814,0.02068,0.1738,43.2,3.292,1,10.2,0.0012244,1.58,221.4,56.5,130.8,174,198,54.8,6.866e-06,2.614e-06,76.86,1.88e-06,74.988,1320000.6,275000,8.426,14.8,5.72,0.004326,73,105000,18620,0.137916
76.72,4692,0.4714,0.0425,0.01316,0.0214,54200,0.0242,0.6072,0.4356,0.003948,0.358,0.485,0.363,0.2774,0.272,10.058,0.07154,0.04888,0.158,0.0715,0.184,0.06814,0.02068,0.1738,43.2,3.292,1,10.2,0.0012244,1.58,221.4,56.5,130.8,174,198,54.8,6.866e-06,2.614e-06,76.86,1.88e-06,174,1320000.6,275000,8.426,14.8,5.72,0.004326,73,105000,18620,0.137916
76.72,4692,0.4714,0.0425,0.01316,0.0214,54200,0.0242,0.6072,0.4356,0.003948,0.358,0.485,0.411,0.2774,0.272,10.058,0.07154,0.04888,0.158,0.0715,0.184,0.06814,0.02068,0.1738,43.2,3.292,1,10.2,0.0012244,1.58,221.4,56.5,130.8,174,198,54.8,6.866e-06,2.614e-06,76.86,1.88e-06,174,1320000.6,275000,8.426,14.8,5.72,0.004326,73,105000,18620,0.137916
76.72,4692,0.4714,0.0425,0.01316,0.0214,54200,0.0242,0.6072,0.4356,0.003948,0.358,0.485,0.411,0.2774,0.272,10.058,0.07154,0.04888,0.158,0.0715,0.184,0.06814,0.02068,0.1738,43.2,3.292,1,10.2,0.0012244,1.58,221.4,56.5,130.8,174,198,54.8,6.866e-06,2.614e-06,76.86,1.88e-06,174,1320000.6,275000,8.426,35.5,5.72,0.004326,73,105000,18620,0.137916
76.72,4692,0.4714,0.0425,0.01316,0.0214,54200,0.0242,0.6072,0.4356,0.003948,0.358,0.485,0.411,0.2774,0.272,10.058,0.07154,0.04888,0.158,0.0715,0.184,0.06814,0.02068,0.1738,43.2,3.292,1,10.2,0.0012244,1.58,221.4,56.5,130.8,174,198,54.8,7.754e-06,2.614e-06,76.86,1.88e-06,174,1320000.6,275000,8.426,35.5,5.72,0.004326,73,105000,18620,0.137916
76.72,4692,0.4714,0.0425,0.01316,0.0214,54200,0.0242,0.6072,0.4356,0.003948,0.358,0.485,0.411,0.2774,0.272,10.058,0.07154,0.04888,0.158,0.0715,0.184,0.06814,0.02068,0.1738,43.2,3.292,1,10.2,0.0012244,1.58,221.4,56.5,130.8,174,198,54.8,7.754e-06,2.614e-06,76.86,1.88e-06,174,3300000,275000,8.426,35.5,5.72,0.004326,73,105000,18620,0.137916
76.72,4692,0.4714,0.0425,0.01316,0.0214,54200,0.0242,0.6072,0.4356,0.003948,0.358,0.485,0.411,0.2774,0.272,10.058,0.07154,0.04888,0.158,0.0715,0.184,0.06814,0.02068,0.1738,43.2,3.292,1,10.2,0.0012244,3.32,221.4,56.5,130.8,174,198,54.8,7.754e-06,2.614e-06,76.86,1.88e-06,174,3300000,275000,8.426,35.5,5.72,0.004326,73,105000,18620,0.137916
76.72,4692,0.4714,0.0425,0.01316,0.0214,54200,0.0242,0.6072,0.4356,0.003948,0.358,0.485,0.411,0.2774,0.272,10.058,0.07154,0.04888,0.158,0.0715,0.184,0.06814,0.02068,0.1738,43.2,3.292,1,10.2,0.0012244,3.32,221.4,56.5,130.8,174,198,54.8,7.754e-06,2.614e-06,76.86,1.88e-06,174,3300000,275000,8.426,35.5,12.8,0.004326,73,105000,18620,0.137916
76.72,4692,0.4714,0.0425,0.01316,0.0214,54200,0.0242,0.6072,0.4356,0.003948,0.358,0.485,0.411,0.2774,0.272,10.058,0.07154,0.04888,0.158,0.0715,0.184,0.06814,0.02068,0.1738,43.2,3.292,1,10.2,0.0012244,3.32,221.4,56.5,130.8,174,198,54.8,7.754e-06,2.614e-06,76.86,1.88e-06,174,3300000,275000,8.426,35.5,12.8,0.004326,73,42000.6,18620,0.137916
76.72,4692,0.4714,0.0425,0.01316,0.0214,54200,0.0242,0.6072,0.4356,0.003948,0.358,0.485,0.411,0.2774,0.272,10.058,0.07154,0.04888,0.158,0.0715,0.184,0.06814,0.02068,0.1738,43.2,3.292,1,10.2,0.0012244,3.32,221.4,56.5,130.8,174,198,54.8,7.754e-06,2.614e-06,76.86,1.88e-06,174,3300000,275000,5.774,35.5,12.8,0.004326,73,42000.6,18620,0.137916
76.72,4692,0.4714,0.0425,0.01316,0.0214,54200,0.0242,0.6072,0.4356,0.003948,0.358,0.485,0.411,0.2774,0.272,10.058,0.07154,0.05512,0.158,0.0715,0.184,0.06814,0.02068,0.1738,43.2,3.292,1,10.2,0.0012244,3.32,221.4,56.5,130.8,174,198,54.8,7.754e-06,2.614e-06,76.86,1.88e-06,174,3300000,275000,5.774,35.5,12.8,0.004326,73,42000.6,18620,0.137916
76.72,4692,0.4714,0.0425,0.01316,0.0214,54200,0.0242,0.6072,0.4356,0.003948,0.358,0.485,0.411,0.2774,0.272,10.058,0.07154,0.05512,0.158,0.0637,0.184,0.06814,0.02068,0.1738,43.2,3.292,1,10.2,0.0012244,3.32,221.4,56.5,130.8,174,198,54.8,7.754e-06,2.614e-06,76.86,1.88e-06,174,3300000,275000,5.774,35.5,12.8,0.004326,73,42000.6,18620,0.137916
76.72,4692,0.4714,0.0425,0.01316,0.0214,54200,0.0242,0.6072,0.4356,0.003948,0.358,0.485,0.411,0.2774,0.272,10.058,0.07154,0.05512,0.158,0.0637,0.208,0.06814,0.02068,0.1738,43.2,3.292,1,10.2,0.0012244,3.32,221.4,56.5,130.8,174,198,54.8,7.754e-06,2.614e-06,76.86,1.88e-06,174,3300000,275000,5.774,35.5,12.8,0.004326,73,42000.6,18620,0.137916
76.72,4692,0.4714,0.0425,0.01316,0.0214,54200,0.0242,0.6072,0.4356,0.003948,0.358,0.485,0.411,0.2774,0.272,10.058,0.07154,0.05512,0.158,0.0637,0.208,0.06814,0.02068,0.1738,43.2,3.292,1,10.2,0.0012244,3.32,221.4,56.5,130.8,174,198,54.8,7.754e-06,2.614e-06,76.86,1.88e-06,174,3300000,275000,5.774,35.5,12.8,0.00537,73,42000.6,18620,0.137916
76.72,4692,0.4714,0.0425,0.01316,1.10656,54200,0.0242,0.6072,0.4356,0.003948,0.358,0.485,0.411,0.2774,0.272,10.058,0.07154,0.05512,0.158,0.0637,0.208,0.06814,0.02068,0.1738,43.2,3.292,1,10.2,0.0012244,3.32,221.4,56.5,130.8,174,198,54.8,7.754e-06,2.614e-06,76.86,1.88e-06,174,3300000,275000,5.774,35.5,12.8,0.00537,73,42000.6,18620,0.137916
76.72,4692,0.4714,0.0425,0.01316,1.10656,54200,0.0242,0.6072,0.4356,0.003948,0.358,0.485,0.411,0.2774,0.272,10.058,0.07154,0.05512,0.158,0.0637,0.208,0.06814,0.02068,0.1738,43.2,3.292,1,10.2,0.0012244,3.32,221.4,56.5,130.8,174,176.4,54.8,7.754e-06,2.614e-06,76.86,1.88e-06,174,3300000,275000,5.774,35.5,12.8,0.00537,73,42000.6,18620,0.137916
76.72,4692,0.4714,0.0425,0.01316,1.10656,54200,0.0242,0.6072,0.4356,0.003948,0.358,0.485,0.411,0.2774,0.2426,10.058,0.07154,0.05512,0.158,0.0637,0.208,0.06814,0.02068,0.1738,43.2,3.292,1,10.2,0.0012244,3.32,221.4,56.5,130.8,174,176.4,54.8,7.754e-06,2.614e-06,76.86,1.88e-06,174,3300000,275000,5.774,35.5,12.8,0.00537,73,42000.6,18620,0.137916
76.72,4692,0.4714,0.0425,0.01316,1.10656,54200,0.0242,0.6072,0.4356,0.003948,0.358,0.485,0.411,0.2774,0.2426,10.058,0.07154,0.05512,0.158,0.0637,0.208,0.06814,0.02068,0.1738,43.2,3.292,1,10.2,0.0012244,3.32,221.4,56.5,147,174,176.4,54.8,7.754e-06,2.614e-06,76.86,1.88e-06,174,3300000,275000,5.774,35.5,12.8,0.00537,73,42000.6,18620,0.137916
76.72,4692,0.4714,0.0425,0.01316,1.10656,54200,0.0242,0.6072,0.4356,0.004452,0.358,0.485,0.411,0.2774,0.2426,10.058,0.07154,0.05512,0.158,0.0637,0.208,0.06814,0.02068,0.1738,43.2,3.292,1,10.2,0.0012244,3.32,221.4,56.5,147,174,176.4,54.8,7.754e-06,2.614e-06,76.86,1.88e-06,174,3300000,275000,5.774,35.5,12.8,0.00537,73,42000.6,18620,0.137916
76.72,4692,0.4714,0.0425,0.01316,1.10656,54200,0.0242,0.6072,0.4356,0.004452,0.358,0.485,0.411,0.2774,0.2426,10.058,0.07154,0.05512,0.158,0.0637,0.208,0.06814,0.02068,0.1738,43.2,3.292,1,10.2,0.0012244,3.32,221.4,64.06,147,174,176.4,54.8,7.754e-06,2.614e-06,76.86,1.88e-06,174,3300000,275000,5.774,35.5,12.8,0.00537,73,42000.6,18620,0.137916
76.72,4692,0.4714,0.0479,0.01316,1.10656,54200,0.0242,0.6072,0.4356,0.004452,0.358,0.485,0.411,0.2774,0.2426,10.058,0.07154,0.05512,0.158,0.0637,0.208,0.06814,0.02068,0.1738,43.2,3.292,1,10.2,0.0012244,3.32,221.4,64.06,147,174,176.4,54.8,7.754e-06,2.614e-06,76.86,1.88e-06,174,3300000,275000,5.774,35.5,12.8,0.00537,73,42000.6,18620,0.137916
76.72,4692,0.4714,0.0479,0.01316,1.10656,54200,0.0242,0.6072,0.4356,0.004452,0.358,0.485,0.411,0.2774,0.2426,10.058,0.07154,0.05512,0.158,0.0637,0.208,0.06814,0.02332,0.1738,43.2,3.292,1,10.2,0.0012244,3.32,221.4,64.06,147,174,176.4,54.8,7.754e-06,2.614e-06,76.86,1.88e-06,174,3300000,275000,5.774,35.5,12.8,0.00537,73,42000.6,18620,0.137916
76.72,4692,0.4714,0.0479,0.01316,1.10656,54200,0.0242,0.6072,0.4356,0.004452,0.358,0.485,0.411,0.2774,0.2426,10.058,0.07154,0.05512,0.158,0.0637,0.208,0.06814,0.02332,0.1738,43.2,3.292,1,10.2,0.0012244,3.32,221.4,64.06,147,174,176.4,54.8,7.754e-06,2.614e-06,76.86,1.88e-06,174,3300000,275000,5.774,35.5,12.8,0.00537,41.8,42000.6,18620,0.137916
76.72,4692,0.4714,0.0479,0.01316,1.10656,54200,0.0242,0.6072,0.4356,0.004452,0.358,0.485,0.411,0.2774,0.2426,10.058,0.07154,0.05512,0.158,0.0637,0.208,0.06814,0.02332,0.1738,43.2,3.292,1,10.2,0.0012244,3.32,221.4,64.06,147,174,176.4,54.8,7.754e-06,2.614e-06,76.86,1.88e-06,174,3300000,275000,5.774,35.5,12.8,0.00537,41.8,42000.6,18620,0.00129
76.72,5778,0.4714,0.0479,0.01316,1.10656,54200,0.0242,0.6072,0.4356,0.004452,0.358,0.485,0.411,0.2774,0.2426,10.058,0.07154,0.05512,0.158,0.0637,0.208,0.06814,0.02332,0.1738,43.2,3.292,1,10.2,0.0012244,3.32,221.4,64.06,147,174,176.4,54.8,7.754e-06,2.614e-06,76.86,1.88e-06,174,3300000,275000,5.774,35.5,12.8,0.00537,41.8,42000.6,18620,0.00129
76.72,5778,0.4714,0.0479,0.01316,1.10656,54200,0.0242,0.6072,0.4356,0.004452,0.358,0.485,0.411,0.2774,0.2426,10.058,0.07154,0.05512,0.158,0.0637,0.208,0.06814,0.02332,0.1738,43.2,3.292,1,10.2,0.0012244,3.32,221.4,64.06,147,174,176.4,54.8,7.754e-06,1.996e-06,76.86,1.88e-06,174,3300000,275000,5.774,35.5,12.8,0.00537,41.8,42000.6,18620,0.00129
76.72,5778,0.4714,0.0479,0.01316,1.10656,54200,0.0242,0.6072,0.4356,0.004452,0.358,0.485,0.411,0.2774,0.2426,10.058,0.07154,0.05512,0.158,0.0637,0.208,0.06814,0.02332,0.1738,43.2,3.292,1,10.2,0.0012244,3.32,221.4,64.06,147,174,176.4,54.8,7.754e-06,1.996e-06,28.44,1.88e-06,174,3300000,275000,5.774,35.5,12.8,0.00537,41.8,42000.6,18620,0.00129
76.72,5778,0.4714,0.0479,0.01316,1.10656,54200,0.0242,0.6072,0.4356,0.004452,0.358,0.485,0.411,0.2774,0.2426,10.058,0.07154,0.05512,0.158,0.0637,0.208,0.06814,0.02332,0.1738,43.2,3.292,1,11.88,0.0012244,3.32,221.4,64.06,147,174,176.4,54.8,7.754e-06,1.996e-06,28.44,1.88e-06,174,3300000,275000,5.774,35.5,12.8,0.00537,41.8,42000.6,18620,0.00129
76.72,5778,0.4714,0.0479,0.01316,1.10656,54200,0.0242,0.6072,0.4356,0.004452,0.358,0.485,0.411,0.2774,0.2426,10.058,0.08066,0.05512,0.158,0.0637,0.208,0.06814,0.02332,0.1738,43.2,3.292,1,11.88,0.0012244,3.32,221.4,64.06,147,174,176.4,54.8,7.754e-06,1.996e-06,28.44,1.88e-06,174,3300000,275000,5.774,35.5,12.8,0.00537,41.8,42000.6,18620,0.00129
76.72,5778,0.4714,0.0479,0.01316,1.10656,54200,0.0242,0.6072,0.4356,0.004452,0.406,0.485,0.411,0.2774,0.2426,10.058,0.08066,0.05512,0.158,0.0637,0.208,0.06814,0.02332,0.1738,43.2,3.292,1,11.88,0.0012244,3.32,221.4,64.06,147,174,176.4,54.8,7.754e-06,1.996e-06,28.44,1.88e-06,174,3300000,275000,5.774,35.5,12.8,0.00537,41.8,42000.6,18620,0.00129
76.72,5778,0.4714,0.0479,0.01316,1.10656,54200,0.0242,0.6072,0.4356,0.004452,0.406,0.485,0.411,0.2774,0.2426,10.058,0.08066,0.05512,0.158,0.0637,0.208,0.06814,0.02332,0.1738,43.2,3.292,1,11.88,0.0012244,3.32,221.4,64.06,147,174,176.4,62.12,7.754e-06,1.996e-06,28.44,1.88e-06,174,3300000,275000,5.774,35.5,12.8,0.00537,41.8,42000.6,18620,0.00129
76.72,5778,0.4714,0.0479,0.01316,1.10656,54200,0.0242,0.5388,0.4356,0.004452,0.406,0.485,0.411,0.2774,0.2426,10.058,0.08066,0.05512,0.158,0.0637,0.208,0.06814,0.02332,0.1738,43.2,3.292,1,11.88,0.0012244,3.32,221.4,64.06,147,174,176.4,62.12,7.754e-06,1.996e-06,28.44,1.88e-06,174,3300000,275000,5.774,35.5,12.8,0.00537,41.8,42000.6,18620,0.00129
76.72,5778,0.4714,0.0479,0.01316,1.10656,54200,0.0242,0.5388,0.4356,0.004452,0.406,0.485,0.411,0.2774,0.2426,10.058,0.08066,0.05512,0.158,0.0637,0.208,0.06814,0.02332,0.1738,43.2,3.292,1,11.88,0.0012244,3.32,195,64.06,147,174,176.4,62.12,7.754e-06,1.996e-06,28.44,1.88e-06,174,3300000,275000,5.774,35.5,12.8,0.00537,41.8,42000.6,18620,0.00129
71.58,5778,0.4122,0.0461,0.0126,0.0214,58400,0.0232,0.63,0.384,0.00462,0.422,0.485,0.395,0.2886,0.2426,9.644,0.08066,0.0468,0.1468,0.0585,0.184,0.06046,0.02332,0.211,58.56,3.02,1728.4,10.2,0.0016122,3.32,203.8,66.58,136.2,142,183.6,59.68,6.866e-06,2.408e-06,76.86,2.206e-06,107.992,1,220000.2,9.31,7.9,12.8,0.00537,31.4,42000.6,19360,0.229
71.58,5778,0.4122,0.0461,0.0126,0.0214,58400,0.0232,0.63,0.384,0.00462,0.422,0.485,0.395,0.2886,0.2426,9.644,0.08066,0.0468,0.1468,0.0585,0.184,0.06046,0.02332,0.211,58.56,3.02,1728.4,10.2,0.0016122,3.32,203.8,66.58,136.2,142,183.6,59.68,6.866e-06,2.408e-06,76.86,2.206e-06,107.992,1,220000.2,9.31,28.6,12.8,0.00537,31.4,42000.6,19360,0.229
71.58,5778,0.4122,0.0461,0.0126,0.0214,58400,0.0232,0.63,0.384,0.00462,0.422,0.485,0.395,0.2886,0.2426,9.644,0.08066,0.0468,0.1468,0.0585,0.184,0.06046,0.02332,0.211,58.56,3.428,1728.4,10.2,0.0016122,3.32,203.8,66.58,136.2,142,183.6,59.68,6.866e-06,2.408e-06,76.86,2.206e-06,107.992,1,220000.2,9.31,28.6,12.8,0.00537,31.4,42000.6,19360,0.229
71.58,5778,0.4122,0.0461,0.0126,0.0214,58400,0.0232,0.63,0.384,0.00462,0.422,0.485,0.395,0.2886,0.2426,9.644,0.08066,0.05304,0.1468,0.0585,0.184,0.06046,0.02332,0.211,58.56,3.428,1728.4,10.2,0.0016122,3.32,203.8,66.58,136.2,142,183.6,59.68,6.866e-06,2.408e-06,76.86,2.206e-06,107.992,1,220000.2,9.31,28.6,12.8,0.00537,31.4,42000.6,19360,0.229
71.58,5778,0.4122,0.0461,0.0126,0.0214,71000,0.0232,0.63,0.384,0.00462,0.422,0.485,0.395,0.2886,0.2426,9.644,0.08066,0.05304,0.1468,0.0585,0.184,0.06046,0.02332,0.211,58.56,3.428,1728.4,10.2,0.0016122,3.32,203.8,66.58,136.2,142,183.6,59.68,6.866e-06,2.408e-06,76.86,2.206e-06,107.992,1,220000.2,9.31,28.6,12.8,0.00537,31.4,42000.6,19360,0.229
71.58,5778,0.4122,0.0461,0.0126,0.0214,71000,0.0232,0.63,0.384,0.00462,0.422,0.485,0.395,0.2886,0.2426,9.644,0.08066,0.05304,0.1468,0.0585,0.184,0.06046,0.02332,0.211,58.56,3.428,1728.4,10.2,0.0016122,3.32,203.8,66.58,136.2,142,183.6,59.68,6.866e-06,2.408e-06,76.86,2.206e-06,107.992,1,220000.2,9.31,28.6,12.8,0.00537,31.4,105000,19360,0.229
71.58,5778,0.4122,0.0461,0.0126,0.0214,71000,0.0232,0.63,0.384,0.00462,0.422,0.485,0.395,0.2886,0.2426,9.644,0.08066,0.05304,0.1468,0.0585,0.184,0.06046,0.02068,0.211,58.56,3.428,1728.4,10.2,0.0016122,3.32,203.8,66.58,136.2,142,183.6,59.68,6.866e-06,2.408e-06,76.86,2.206e-06,107.992,1,220000.2,9.31,28.6,12.8,0.00537,31.4,105000,19360,0.229
71.58,5778,0.4122,0.0461,0.0126,0.0214,71000,0.0232,0.63,0.384,0.00462,0.422,0.485,0.395,0.2886,0.2426,9.644,0.08066,0.05304,0.1468,0.0585,0.184,0.06046,0.02068,0.211,104.64,3.428,1728.4,10.2,0.0016122,3.32,203.8,66.58,136.2,142,183.6,59.68,6.866e-06,2.408e-06,76.86,2.206e-06,107.992,1,220000.2,9.31,28.6,12.8,0.00537,31.4,105000,19360,0.229
71.58,5778,0.4122,0.0461,0.0126,0.0214,71000,0.0232,0.63,0.384,0.00462,0.422,0.485,0.395,0.2886,0.2426,9.644,0.08066,0.05304,0.1468,0.0585,0.184,0.06046,0.02068,0.211,104.64,3.428,1728.4,10.2,0.0016122,3.32,203.8,66.58,136.2,142,183.6,59.68,7.754e-06,2.408e-06,76.86,2.206e-06,107.992,1,220000.2,9.31,28.6,12.8,0.00537,31.4,105000,19360,0.229
87,5778,0.4122,0.0461,0.0126,0.0214,71000,0.0232,0.63,0.384,0.00462,0.422,0.485,0.395,0.2886,0.2426,9.644,0.08066,0.05304,0.1468,0.0585,0.184,0.06046,0.02068,0.211,104.64,3.428,1728.4,10.2,0.0016122,3.32,203.8,66.58,136.2,142,183.6,59.68,7.754e-06,2.408e-06,76.86,2.206e-06,107.992,1,220000.2,9.31,28.6,12.8,0.00537,31.4,105000,19360,0.229
87,5778,0.4122,0.0461,0.0126,0.0214,71000,0.0232,0.63,0.384,0.00462,0.422,0.485,0.395,0.2886,0.2426,9.644,0.08066,0.05304,0.1468,0.0663,0.184,0.06046,0.02068,0.211,104.64,3.428,1728.4,10.2,0.0016122,3.32,203.8,66.58,136.2,142,183.6,59.68,7.754e-06,2.408e-06,76.86,2.206e-06,107.992,1,220000.2,9.31,28.6,12.8,0.00537,31.4,105000,19360,0.229
87,5778,0.4122,0.0461,0.0126,1.10656,71000,0.0232,0.63,0.384,0.00462,0.422,0.485,0.395,0.2886,0.2426,9.644,0.08066,0.05304,0.1468,0.0663,0.184,0.06046,0.02068,0.211,104.64,3.428,1728.4,10.2,0.0016122,3.32,203.8,66.58,136.2,142,183.6,59.68,7.754e-06,2.408e-06,76.86,2.206e-06,107.992,1,220000.2,9.31,28.6,12.8,0.00537,31.4,105000,19360,0.229
87,5778,0.4122,0.0461,0.01428,1.10656,71000,0.0232,0.63,0.384,0.00462,0.422,0.485,0.395,0.2886,0.2426,9.644,0.08066,0.05304,0.1468,0.0663,0.184,0.06046,0.02068,0.211,104.64,3.428,1728.4,10.2,0.0016122,3.32,203.8,66.58,136.2,142,183.6,59.68,7.754e-06,2.408e-06,76.86,2.206e-06,107.992,1,220000.2,9.31,28.6,12.8,0.00537,31.4,105000,19360,0.229
87,5778,0.4122,0.0461,0.01428,1.10656,71000,0.0232,0.63,0.384,0.00462,0.422,0.485,0.395,0.2886,0.2426,9.644,0.08066,0.05304,0.1468,0.0663,0.184,0.06046,0.02068,0.211,104.64,3.428,1728.4,10.2,0.0016122,3.32,203.8,66.58,120,142,183.6,59.68,7.754e-06,2.408e-06,76.86,2.206e-06,107.992,1,220000.2,9.31,28.6,12.8,0.00537,31.4,105000,19360,0.229
87,5778,0.4122,0.0461,0.01428,1.10656,71000,0.0232,0.63,0.384,0.00462,0.422,0.485,0.395,0.2886,0.2426,9.644,0.08066,0.05304,0.1468,0.0663,0.184,0.06046,0.02068,0.211,104.64,3.428,1728.4,10.2,0.0016122,3.32,230.2,66.58,120,142,183.6,59.68,7.754e-06,2.408e-06,76.86,2.206e-06,107.992,1,220000.2,9.31,28.6,12.8,0.00537,31.4,105000,19360,0.229
87,5778,0.4122,0.0461,0.01428,1.10656,71000,0.0232,0.63,0.384,0.00462,0.374,0.485,0.395,0.2886,0.2426,9.644,0.08066,0.05304,0.1468,0.0663,0.184,0.06046,0.02068,0.211,104.64,3.428,1728.4,10.2,0.0016122,3.32,230.2,66.58,120,142,183.6,59.68,7.754e-06,2.408e-06,76.86,2.206e-06,107.992,1,220000.2,9.31,28.6,12.8,0.00537,31.4,105000,19360,0.229
87,5778,0.4122,0.0461,0.01428,1.10656,71000,0.0232,0.63,0.384,0.00462,0.374,0.485,0.395,0.2886,0.2426,9.644,0.08066,0.05304,0.1468,0.0663,0.184,0.06046,0.02068,0.211,104.64,3.428,1728.4,10.2,0.0016122,3.32,230.2,66.58,120,142,183.6,59.68,7.754e-06,2.408e-06,76.86,2.206e-06,107.992,1980000.4,220000.2,9.31,28.6,12.8,0.00537,31.4,105000,19360,0.229
87,5778,0.4122,0.0461,0.01428,1.10656,71000,0.0232,0.63,0.384,0.004116,0.374,0.485,0.395,0.2886,0.2426,9.644,0.08066,0.05304,0.1468,0.0663,0.184,0.06046,0.02068,0.211,104.64,3.428,1728.4,10.2,0.0016122,3.32,230.2,66.58,120,142,183.6,59.68,7.754e-06,2.408e-06,76.86,2.206e-06,107.992,1980000.4,220000.2,9.31,28.6,12.8,0.00537,31.4,105000,19360,0.229
87,5778,0.4122,0.0461,0.01428,1.10656,71000,0.0232,0.63,0.384,0.004116,0.374,0.485,0.395,0.2886,0.2426,9.644,0.08066,0.05304,0.1468,0.0663,0.184,0.06814,0.02068,0.211,104.64,3.428,1728.4,10.2,0.0016122,3.32,230.2,66.58,120,142,183.6,59.68,7.754e-06,2.408e-06,76.86,2.206e-06,107.992,1980000.4,220000.2,9.31,28.6,12.8,0.00537,31.4,105000,19360,0.229
87,5778,0.4122,0.0461,0.01428,1.10656,71000,0.0232,0.63,0.384,0.004116,0.374,0.485,0.395,0.255,0.2426,9.644,0.08066,0.05304,0.1468,0.0663,0.184,0.06814,0.02068,0.211,104.64,3.428,1728.4,10.2,0.0016122,3.32,230.2,66.58,120,142,183.6,59.68,7.754e-06,2.408e-06,76.86,2.206e-06,107.992,1980000.4,220000.2,9.31,28.6,12.8,0.00537,31.4,105000,19360,0.229
87,5778,0.4122,0.0461,0.01428,1.10656,71000,0.0232,0.63,0.384,0.004116,0.374,0.485,0.395,0.255,0.2426,10.886,0.08066,0.05304,0.1468,0.0663,0.184,0.06814,0.02068,0.211,104.64,3.428,1728.4,10.2,0.0016122,3.32,230.2,66.58,120,142,183.6,59.68,7.754e-06,2.408e-06,76.86,2.206e-06,107.992,1980000.4,220000.2,9.31,28.6,12.8,0.00537,31.4,105000,19360,0.229
87,5778,0.4122,0.0461,0.01428,1.10656,71000,0.0232,0.5616,0.384,0.004116,0.374,0.485,0.395,0.255,0.2426,10.886,0.08066,0.05304,0.1468,0.0663,0.184,0.06814,0.02068,0.211,104.64,3.428,1728.4,10.2,0.0016122,3.32,230.2,66.58,120,142,183.6,59.68,7.754e-06,2.408e-06,76.86,2.206e-06,107.992,1980000.4,220000.2,9.31,28.6,12.8,0.00537,31.4,105000,19360,0.229
87,5778,0.4122,0.0461,0.01428,1.10656,71000,0.0232,0.5616,0.384,0.004116,0.374,0.485,0.395,0.255,0.2426,10.886,0.08066,0.05304,0.1468,0.0663,0.184,0.06814,0.02068,0.1738,104.64,3.428,1728.4,10.2,0.0016122,3.32,230.2,66.58,120,142,183.6,59.68,7.754e-06,2.408e-06,76.86,2.206e-06,107.992,1980000.4,220000.2,9.31,28.6,12.8,0.00537,31.4,105000,19360,0.229
87,5778,0.4122,0.0461,0.01428,1.10656,71000,0.0232,0.5616,0.384,0.004116,0.374,0.485,0.395,0.255,0.2426,10.886,0.08066,0.05304,0.1468,0.0663,0.184,0.06814,0.02068,0.1738,104.64,3.428,1728.4,10.2,0.0016122,3.32,230.2,66.58,120,142,162,59.68,7.754e-06,2.408e-06,76.86,2.206e-06,107.992,1980000.4,220000.2,9.31,28.6,12.8,0.00537,31.4,105000,19360,0.229
87,5778,0.4122,0.0407,0.01428,1.10656,71000,0.0232,0.5616,0.384,0.004116,0.374,0.485,0.395,0.255,0.2426,10.886,0.08066,0.05304,0.1468,0.0663,0.184,0.06814,0.02068,0.1738,104.64,3.428,1728.4,10.2,0.0016122,3.32,230.2,66.58,120,142,162,59.68,7.754e-06,2.408e-06,76.86,2.206e-06,107.992,1980000.4,220000.2,9.31,28.6,12.8,0.00537,31.4,105000,19360,0.229
87,5778,0.4122,0.0407,0.01428,1.10656,71000,0.0232,0.5616,0.384,0.004116,0.374,0.485,0.395,0.255,0.2426,10.886,0.08066,0.05304,0.1468,0.0663,0.184,0.06814,0.02068,0.1738,104.64,3.428,1,10.2,0.0016122,3.32,230.2,66.58,120,142,162,59.68,7.754e-06,2.408e-06,76.86,2.206e-06,107.992,1980000.4,220000.2,9.31,28.6,12.8,0.00537,31.4,105000,19360,0.229
87,5778,0.4122,0.0407,0.01428,1.10656,71000,0.0232,0.5616,0.384,0.004116,0.374,0.485,0.395,0.255,0.2426,10.886,0.08066,0.05304,0.1468,0.0663,0.184,0.06814,0.02068,0.1738,104.64,3.428,1,10.2,0.0016122,3.32,230.2,66.58,120,142,162,67,7.754e-06,2.408e-06,76.86,2.206e-06,107.992,1980000.4,220000.2,9.31,28.6,12.8,0.00537,31.4,105000,19360,0.229
87,5778,0.4122,0.0407,0.01428,1.10656,71000,0.0262,0.5616,0.384,0.004116,0.374,0.485,0.395,0.255,0.2426,10.886,0.08066,0.05304,0.1468,0.0663,0.184,0.06814,0.02068,0.1738,104.64,3.428,1,10.2,0.0016122,3.32,230.2,66.58,120,142,162,67,7.754e-06,2.408e-06,76.86,2.206e-06,107.992,1980000.4,220000.2,9.31,28.6,12.8,0.00537,31.4,105000,19360,0.229
87,5778,0.4122,0.0407,0.01428,1.10656,71000,0.0262,0.5616,0.384,0.004116,0.374,0.485,0.395,0.255,0.2426,10.886,0.08066,0.05304,0.1468,0.0663,0.208,0.06814,0.02068,0.1738,104.64,3.428,1,10.2,0.0016122,3.32,230.2,66.58,120,142,162,67,7.754e-06,2.408e-06,76.86,2.206e-06,107.992,1980000.4,220000.2,9.31,28.6,12.8,0.00537,31.4,105000,19360,0.229
87,5778,0.4122,0.0407,0.01428,1.10656,71000,0.0262,0.5616,0.384,0.004116,0.374,0.485,0.395,0.255,0.2426,10.886,0.08066,0.05304,0.1468,0.0663,0.208,0.06814,0.02068,0.1738,104.64,3.428,1,10.2,0.0016122,3.32,230.2,66.58,120,142,162,67,7.754e-06,2.408e-06,76.86,2.206e-06,8.98,1980000.4,220000.2,9.31,28.6,12.8,0.00537,31.4,105000,19360,0.229
87,5778,0.4122,0.0407,0.01428,1.10656,71000,0.0262,0.5616,0.384,0.004116,0.374,0.485,0.395,0.255,0.2426,10.886,0.08066,0.05304,0.1468,0.0663,0.208,0.06814,0.02068,0.1738,104.64,3.428,1,10.2,0.0016122,3.32,230.2,66.58,120,142,162,67,7.754e-06,2.408e-06,76.86,2.206e-06,8.98,1980000.4,220000.2,9.31,28.6,12.8,0.00537,31.4,105000,17140,0.229
87,5778,0.4122,0.0407,0.01428,1.10656,71000,0.0262,0.5616,0.384,0.004116,0.374,0.485,0.395,0.255,0.2426,10.886,0.08066,0.05304,0.1468,0.0663,0.208,0.06814,0.02068,0.1738,104.64,3.428,1,10.2,0.0016122,3.32,230.2,66.58,120,142,162,67,7.754e-06,2.408e-06,76.86,2.206e-06,8.98,1980000.4,220000.2,9.31,28.6,12.8,0.00537,31.4,105000,17140,0.092374
87,5778,0.4122,0.0407,0.01428,1.10656,71000,0.0262,0.5616,0.384,0.004116,0.374,0.485,0.443,0.255,0.2426,10.886,0.08066,0.05304,0.1468,0.0663,0.208,0.06814,0.02068,0.1738,104.64,3.428,1,10.2,0.0016122,3.32,230.2,66.58,120,142,162,67,7.754e-06,2.408e-06,76.86,2.206e-06,8.98,1980000.4,220000.2,9.31,28.6,12.8,0.00537,31.4,105000,17140,0.092374
87,5778,0.4122,0.0407,0.01428,1.10656,71000,0.0262,0.5616,0.384,0.004116,0.374,0.485,0.443,0.255,0.2426,10.886,0.08066,0.05304,0.1468,0.0663,0.208,0.06814,0.02068,0.1738,104.64,3.428,1,10.2,0.0016122,3.32,230.2,66.58,120,142,162,67,7.754e-06,2.408e-06,76.86,3.184e-06,8.98,1980000.4,220000.2,9.31,28.6,12.8,0.00537,31.4,105000,17140,0.092374
87,4692,0.4122,0.0407,0.01428,1.10656,71000,0.0262,0.5616,0.384,0.004116,0.374,0.485,0.443,0.255,0.2426,10.886,0.08066,0.05304,0.1468,0.0663,0.208,0.06814,0.02068,0.1738,104.64,3.428,1,10.2,0.0016122,3.32,230.2,66.58,120,142,162,67,7.754e-06,2.408e-06,76.86,3.184e-06,8.98,1980000.4,220000.2,9.31,28.6,12.8,0.00537,31.4,105000,17140,0.092374
87,4692,0.4122,0.0407,0.01428,1.10656,71000,0.0262,0.5616,0.384,0.004116,0.374,0.485,0.443,0.255,0.2426,10.886,0.08066,0.05304,0.1468,0.0663,0.208,0.06814,0.02068,0.1738,104.64,3.428,1,10.2,0.0016122,3.32,230.2,66.58,120,142,162,67,7.754e-06,2.408e-06,76.86,3.184e-06,8.98,1980000.4,220000.2,9.31,28.6,12.8,0.00537,62.6,105000,17140,0.092374
87,4692,0.4122,0.0407,0.01428,1.10656,71000,0.0262,0.5616,0.384,0.004116,0.374,0.485,0.443,0.255,0.2426,10.886,0.08066,0.05304,0.1468,0.0663,0.208,0.06814,0.02068,0.1738,104.64,3.428,1,10.2,0.0016122,3.32,230.2,66.58,120,142,162,67,7.754e-06,2.408e-06,76.86,3.184e-06,8.98,1980000.4,220000.2,9.31,28.6,12.8,0.004326,62.6,105000,17140,0.092374
87,4692,0.501,0.0407,0.01428,1.10656,71000,0.0262,0.5616,0.384,0.004116,0.374,0.485,0.443,0.255,0.2426,10.886,0.08066,0.05304,0.1468,0.0663,0.208,0.06814,0.02068,0.1738,104.64,3.428,1,10.2,0.0016122,3.32,230.2,66.58,120,142,162,67,7.754e-06,2.408e-06,76.86,3.184e-06,8.98,1980000.4,220000.2,9.31,28.6,12.8,0.004326,62.6,105000,17140,0.092374
87,4692,0.501,0.0407,0.01428,1.10656,71000,0.0262,0.5616,0.4356,0.004116,0.374,0.485,0.443,0.255,0.2426,10.886,0.08066,0.05304,0.1468,0.0663,0.208,0.06814,0.02068,0.1738,104.64,3.428,1,10.2,0.0016122,3.32,230.2,66.58,120,142,162,67,7.754e-06,2.408e-06,76.86,3.184e-06,8.98,1980000.4,220000.2,9.31,28.6,12.8,0.004326,62.6,105000,17140,0.092374
87,4692,0.501,0.0407,0.01428,1.10656,71000,0.0262,0.5616,0.4356,0.004116,0.374,0.485,0.443,0.255,0.2426,10.886,0.08066,0.05304,0.1468,0.0663,0.208,0.06814,0.02068,0.1738,104.64,3.428,1,10.2,0.0016122,3.32,230.2,66.58,120,161.2,162,67,7.754e-06,2.408e-06,76.86,3.184e-06,8.98,1980000.4,220000.2,9.31,28.6,12.8,0.004326,62.6,105000,17140,0.092374
87,4692,0.501,0.0407,0.01428,1.10656,71000,0.0262,0.5616,0.4356,0.004116,0.374,0.485,0.443,0.255,0.2426,10.886,0.08066,0.05304,0.1468,0.0663,0.208,0.06814,0.02068,0.1738,104.64,3.428,1,10.2,0.0016122,1.58,230.2,66.58,120,161.2,162,67,7.754e-06,2.408e-06,76.86,3.184e-06,8.98,1980000.4,220000.2,9.31,28.6,12.8,0.004326,62.6,105000,17140,0.092374
87,4692,0.501,0.0407,0.01428,1.10656,71000,0.0262,0.5616,0.4356,0.004116,0.374,0.485,0.443,0.255,0.2426,10.886,0.08066,0.05304,0.1468,0.0663,0.208,0.06814,0.02068,0.1738,104.64,3.428,1,10.2,0.0016122,1.58,230.2,59.02,120,161.2,162,67,7.754e-06,2.408e-06,76.86,3.184e-06,8.98,1980000.4,220000.2,9.31,28.6,12.8,0.004326,62.6,105000,17140,0.092374
87,4692,0.501,0.0407,0.01428,1.10656,71000,0.0262,0.5616,0.4356,0.004116,0.374,0.485,0.443,0.255,0.2426,10.886,0.08066,0.05304,0.1468,0.0663,0.208,0.06814,0.02068,0.1738,104.64,3.428,1,10.2,0.0004488,1.58,230.2,59.02,120,161.2,162,67,7.754e-06,2.408e-06,76.86,3.184e-06,8.98,1980000.4,220000.2,9.31,28.6,12.8,0.004326,62.6,105000,17140,0.092374
87,4692,0.501,0.0407,0.01428,1.10656,71000,0.0262,0.5616,0.4356,0.004116,0.374,0.485,0.443,0.255,0.2426,10.886,0.08066,0.05304,0.1468,0.0663,0.208,0.06814,0.02068,0.1738,104.64,3.428,1,10.2,0.0004488,1.58,230.2,59.02,120,161.2,162,67,7.754e-06,2.408e-06,28.44,3.184e-06,8.98,1980000.4,220000.2,9.31,28.6,12.8,0.004326,62.6,105000,17140,0.092374
87,4692,0.501,0.0407,0.01428,1.10656,71000,0.0262,0.5616,0.4356,0.004116,0.374,0.485,0.443,0.255,0.2426,10.886,0.08066,0.05304,0.1468,0.0663,0.208,0.06814,0.02068,0.1738,104.64,3.428,1,11.88,0.0004488,1.58,230.2,59.02,120,161.2,162,67,7.754e-06,2.408e-06,28.44,3.184e-06,8.98,1980000.4,220000.2,9.31,28.6,12.8,0.004326,62.6,105000,17140,0.092374
87,4692,0.501,0.0407,0.01428,1.10656,71000,0.0262,0.5616,0.4356,0.004116,0.374,0.485,0.443,0.255,0.2426,10.886,0.07154,0.05304,0.1468,0.0663,0.208,0.06814,0.02068,0.1738,104.64,3.428,1,11.88,0.0004488,1.58,230.2,59.02,120,161.2,162,67,7.754e-06,2.408e-06,28.44,3.184e-06,8.98,1980000.4,220000.2,9.31,28.6,12.8,0.004326,62.6,105000,17140,0.092374
87,4692,0.501,0.0407,0.01428,1.10656,71000,0.0262,0.5616,0.4356,0.004116,0.374,0.485,0.443,0.255,0.2426,10.886,0.07154,0.05304,0.1468,0.0663,0.208,0.06814,0.02068,0.1738,104.64,3.428,1,11.88,0.0004488,1.58,230.2,59.02,120,161.2,162,67,7.754e-06,1.79e-06,28.44,3.184e-06,8.98,1980000.4,220000.2,9.31,28.6,12.8,0.004326,62.6,105000,17140,0.092374
87,4692,0.501,0.0407,0.01428,1.10656,71000,0.0262,0.5616,0.4356,0.004116,0.374,0.485,0.443,0.255,0.2426,10.886,0.07154,0.05304,0.13,0.0663,0.208,0.06814,0.02068,0.1738,104.64,3.428,1,11.88,0.0004488,1.58,230.2,59.02,120,161.2,162,67,7.754e-06,1.79e-06,28.44,3.184e-06,8.98,1980000.4,220000.2,9.31,28.6,12.8,0.004326,62.6,105000,17140,0.092374
87,4692,0.501,0.0407,0.01428,1.10656,71000,0.0262,0.5616,0.4356,0.004116,0.374,0.485,0.443,0.255,0.2426,10.886,0.07154,0.05304,0.13,0.0663,0.208,0.06814,0.02068,0.1738,104.64,3.428,1,11.88,0.0004488,1.58,230.2,59.02,120,161.2,162,67,7.754e-06,1.79e-06,28.44,3.184e-06,8.98,1980000.4,220000.2,9.31,28.6,5.72,0.004326,62.6,105000,17140,0.092374
87,4692,0.501,0.0407,0.01428,1.10656,71000,0.0262,0.5616,0.4356,0.004116,0.374,0.485,0.443,0.255,0.2426,10.886,0.07154,0.05304,0.13,0.0663,0.208,0.06814,0.02068,0.1738,104.64,3.428,1,11.88,0.0004488,1.58,230.2,59.02,120,161.2,162,67,7.754e-06,1.79e-06,28.44,3.184e-06,8.98,1980000.4,220000.2,6.658,28.6,5.72,0.004326,62.6,105000,17140,0.092374
87,4692,0.501,0.0407,0.01428,1.10656,71000,0.0262,0.5616,0.4356,0.004116,0.374,0.485,0.443,0.255,0.2426,10.886,0.07154,0.05304,0.13,0.0663,0.208,0.06814,0.02068,0.1738,104.64,3.428,1,11.88,0.0004488,1.58,230.2,59.02,120,161.2,162,67,7.754e-06,1.79e-06,28.44,3.184e-06,8.98,1980000.4,55000.8,6.658,28.6,5.72,0.004326,62.6,105000,17140,0.092374
87,4692,0.501,0.0407,0.01428,1.10656,71000,0.0262,0.5616,0.4356,0.004116,0.374,0.5492,0.443,0.255,0.2426,10.886,0.07154,0.05304,0.13,0.0663,0.208,0.06814,0.02068,0.1738,104.64,3.428,1,11.88,0.0004488,1.58,230.2,59.02,120,161.2,162,67,7.754e-06,1.79e-06,28.44,3.184e-06,8.98,1980000.4,55000.8,6.658,28.6,5.72,0.004326,62.6,105000,17140,0.092374
87,4692,0.501,0.0407,0.01428,1.10656,71000,0.0262,0.5616,0.4356,0.004116,0.374,0.5492,0.443,0.255,0.272,10.886,0.07154,0.05304,0.13,0.0663,0.208,0.06814,0.02068,0.1738,104.64,3.428,1,11.88,0.0004488,1.58,230.2,59.02,120,161.2,162,67,7.754e-06,1.79e-06,28.44,3.184e-06,8.98,1980000.4,55000.8,6.658,28.6,5.72,0.004326,62.6,105000,17140,0.092374
76.72,5054,0.4714,0.0407,0.0154,0.0214,58400,0.0242,0.63,0.384,0.004116,0.358,0.5064,0.395,0.2662,0.223,9.644,0.07458,0.05096,0.13,0.0611,0.2,0.0579,0.02244,0.1986,120,3.02,2304.2,10.76,0.002,2.74,203.8,69.1,136.2,174,190.8,59.68,8.05e-06,2.614e-06,60.72,3.184e-06,174,1320000.6,275000,5.774,1,5.72,0.00537,21,42000.6,17140,0.137916
76.72,5054,0.4714,0.0407,0.0154,0.0214,58400,0.0242,0.63,0.384,0.004116,0.358,0.5064,0.395,0.2662,0.223,9.644,0.07458,0.0572,0.13,0.0611,0.2,0.0579,0.02244,0.1986,120,3.02,2304.2,10.76,0.002,2.74,203.8,69.1,136.2,174,190.8,59.68,8.05e-06,2.614e-06,60.72,3.184e-06,174,1320000.6,275000,5.774,1,5.72,0.00537,21,42000.6,17140,0.137916
76.72,5054,0.4714,0.0407,0.0154,0.0214,58400,0.0242,0.63,0.384,0.004116,0.358,0.5064,0.395,0.2662,0.223,9.644,0.07458,0.0572,0.13,0.0611,0.2,0.0579,0.02244,0.1986,120,3.02,2304.2,10.76,0.0008366,2.74,203.8,69.1,136.2,174,190.8,59.68,8.05e-06,2.614e-06,60.72,3.184e-06,174,1320000.6,275000,5.774,1,5.72,0.00537,21,42000.6,17140,0.137916
76.72,5054,0.4714,0.0407,0.0154,0.0214,58400,0.0242,0.63,0.384,0.004116,0.358,0.5064,0.395,0.2662,0.223,9.644,0.0837,0.0572,0.13,0.0611,0.2,0.0579,0.02244,0.1986,120,3.02,2304.2,10.76,0.0008366,2.74,203.8,69.1,136.2,174,190.8,59.68,8.05e-06,2.614e-06,60.72,3.184e-06,174,1320000.6,275000,5.774,1,5.72,0.00537,21,42000.6,17140,0.137916
76.72,5054,0.4714,0.0407,0.0154,0.0214,58400,0.0272,0.63,0.384,0.004116,0.358,0.5064,0.395,0.2662,0.223,9.644,0.0837,0.0572,0.13,0.0611,0.2,0.0579,0.02244,0.1986,120,3.02,2304.2,10.76,0.0008366,2.74,203.8,69.1,136.2,174,190.8,59.68,8.05e-06,2.614e-06,60.72,3.184e-06,174,1320000.6,275000,5.774,1,5.72,0.00537,21,42000.6,17140,0.137916
76.72,5054,0.4714,0.0407,0.0154,0.0214,71000,0.0272,0.63,0.384,0.004116,0.358,0.5064,0.395,0.2662,0.223,9.644,0.0837,0.0572,0.13,0.0611,0.2,0.0579,0.02244,0.1986,120,3.02,2304.2,10.76,0.0008366,2.74,203.8,69.1,136.2,174,190.8,59.68,8.05e-06,2.614e-06,60.72,3.184e-06,174,1320000.6,275000,5.774,1,5.72,0.00537,21,42000.6,17140,0.137916
76.72,5054,0.4714,0.0407,0.0154,0.0214,71000,0.0272,0.63,0.384,0.004116,0.358,0.5064,0.395,0.2662,0.223,9.644,0.0837,0.0572,0.13,0.0611,0.2,0.0579,0.02244,0.1986,120,3.02,2304.2,10.76,0.0008366,2.74,203.8,69.1,136.2,174,190.8,59.68,8.05e-06,2.614e-06,60.72,3.184e-06,174,1320000.6,275000,5.774,1,12.8,0.00537,21,42000.6,17140,0.137916
76.72,5054,0.4714,0.0407,0.0154,0.0214,71000,0.0272,0.63,0.384,0.004116,0.406,0.5064,0.395,0.2662,0.223,9.644,0.0837,0.0572,0.13,0.0611,0.2,0.0579,0.02244,0.1986,120,3.02,2304.2,10.76,0.0008366,2.74,203.8,69.1,136.2,174,190.8,59.68,8.05e-06,2.614e-06,60.72,3.184e-06,174,1320000.6,275000,5.774,1,12.8,0.00537,21,42000.6,17140,0.137916
61.3,5054,0.4714,0.0407,0.0154,0.0214,71000,0.0272,0.63,0.384,0.004116,0.406,0.5064,0.395,0.2662,0.223,9.644,0.0837,0.0572,0.13,0.0611,0.2,0.0579,0.02244,0.1986,120,3.02,2304.2,10.76,0.0008366,2.74,203.8,69.1,136.2,174,190.8,59.68,8.05e-06,2.614e-06,60.72,3.184e-06,174,1320000.6,275000,5.774,1,12.8,0.00537,21,42000.6,17140,0.137916
61.3,5054,0.4714,0.0407,0.0154,0.0214,71000,0.0272,0.63,0.384,0.004116,0.406,0.5064,0.395,0.2662,0.223,9.644,0.0837,0.0572,0.13,0.0611,0.2,0.0579,0.02244,0.1986,120,3.02,2304.2,10.76,0.0008366,2.74,203.8,69.1,136.2,174,190.8,59.68,8.05e-06,2.614e-06,60.72,3.184e-06,174,1320000.6,275000,5.774,21.7,12.8,0.00537,21,42000.6,17140,0.137916
61.3,5054,0.4714,0.0407,0.0154,0.0214,71000,0.0272,0.63,0.384,0.004116,0.406,0.5064,0.395,0.2662,0.223,9.644,0.0837,0.0572,0.13,0.0611,0.2,0.0579,0.02244,0.1986,73.92,3.02,2304.2,10.76,0.0008366,2.74,203.8,69.1,136.2,174,190.8,59.68,8.05e-06,2.614e-06,60.72,3.184e-06,174,1320000.6,275000,5.774,21.7,12.8,0.00537,21,42000.6,17140,0.137916
61.3,5054,0.4714,0.0407,0.0154,0.0214,71000,0.0272,0.5616,0.384,0.004116,0.406,0.5064,0.395,0.2662,0.223,9.644,0.0837,0.0572,0.13,0.0611,0.2,0.0579,0.02244,0.1986,73.92,3.02,2304.2,10.76,0.0008366,2.74,203.8,69.1,136.2,174,190.8,59.68,8.05e-06,2.614e-06,60.72,3.184e-06,174,1320000.6,275000,5.774,21.7,12.8,0.00537,21,42000.6,17140,0.137916
61.3,5054,0.4714,0.0407,0.0154,0.0214,71000,0.0272,0.5616,0.384,0.004116,0.406,0.5064,0.395,0.2662,0.223,9.644,0.0837,0.0572,0.13,0.0611,0.2,0.0579,0.02244,0.1986,73.92,3.02,2304.2,10.76,0.0008366,2.74,203.8,69.1,136.2,174,190.8,59.68,8.05e-06,2.614e-06,60.72,3.184e-06,174,1320000.6,275000,5.774,21.7,12.8,0.00537,21,42000.6,17140,0.00129
61.3,5054,0.4714,0.0407,0.0154,0.0214,71000,0.0272,0.5616,0.384,0.004116,0.406,0.5064,0.395,0.2662,0.223,9.644,0.0837,0.0572,0.13,0.0611,0.2,0.0579,0.02244,0.1986,73.92,3.02,2304.2,10.76,0.0008366,2.74,230.2,69.1,136.2,174,190.8,59.68,8.05e-06,2.614e-06,60.72,3.184e-06,174,1320000.6,275000,5.774,21.7,12.8,0.00537,21,42000.6,17140,0.00129
61.3,5054,0.4714,0.0407,0.0154,0.0214,71000,0.0272,0.5616,0.384,0.004116,0.406,0.5064,0.395,0.2662,0.223,9.644,0.0837,0.0572,0.13,0.0611,0.2,0.0579,0.02244,0.1986,73.92,3.02,2304.2,10.76,0.0008366,2.74,230.2,69.1,136.2,174,169.2,59.68,8.05e-06,2.614e-06,60.72,3.184e-06,174,1320000.6,275000,5.774,21.7,12.8,0.00537,21,42000.6,17140,0.00129
61.3,5054,0.4714,0.0407,0.0154,0.0214,71000,0.0272,0.5616,0.384,0.004116,0.406,0.5064,0.395,0.2662,0.223,9.644,0.0837,0.0572,0.13,0.0611,0.2,0.0579,0.02244,0.1986,73.92,3.02,2304.2,10.76,0.0008366,2.74,230.2,69.1,120,174,169.2,59.68,8.05e-06,2.614e-06,60.72,3.184e-06,174,1320000.6,275000,5.774,21.7,12.8,0.00537,21,42000.6,17140,0.00129
61.3,5054,0.3826,0.0407,0.0154,0.0214,71000,0.0272,0.5616,0.384,0.004116,0.406,0.5064,0.395,0.2662,0.223,9.644,0.0837,0.0572,0.13,0.0611,0.2,0.0579,0.02244,0.1986,73.92,3.02,2304.2,10.76,0.0008366,2.74,230.2,69.1,120,174,169.2,59.68,8.05e-06,2.614e-06,60.72,3.184e-06,174,1320000.6,275000,5.774,21.7,12.8,0.00537,21,42000.6,17140,0.00129
61.3,5054,0.3826,0.0407,0.0154,0.0214,71000,0.0272,0.5616,0.384,0.004116,0.406,0.5064,0.395,0.2662,0.223,9.644,0.0837,0.0572,0.13,0.0611,0.2,0.0579,0.02244,0.1986,73.92,3.02,2304.2,10.76,0.0008366,2.74,230.2,69.1,120,154.8,169.2,59.68,8.05e-06,2.614e-06,60.72,3.184e-06,174,1320000.6,275000,5.774,21.7,12.8,0.00537,21,42000.6,17140,0.00129
61.3,5054,0.3826,0.0407,0.0154,0.0214,71000,0.0272,0.5616,0.384,0.004116,0.406,0.5064,0.395,0.2662,0.223,9.644,0.0837,0.0572,0.13,0.0611,0.2,0.0579,0.02244,0.1986,73.92,3.428,2304.2,10.76,0.0008366,2.74,230.2,69.1,120,154.8,169.2,59.68,8.05e-06,2.614e-06,60.72,3.184e-06,174,1320000.6,275000,5.774,21.7,12.8,0.00537,21,42000.6,17140,0.00129
61.3,5054,0.3826,0.0407,0.0154,1.10656,71000,0.0272,0.5616,0.384,0.004116,0.406,0.5064,0.395,0.2662,0.223,9.644,0.0837,0.0572,0.13,0.0611,0.2,0.0579,0.02244,0.1986,73.92,3.428,2304.2,10.76,0.0008366,2.74,230.2,69.1,120,154.8,169.2,59.68,8.05e-06,2.614e-06,60.72,3.184e-06,174,1320000.6,275000,5.774,21.7,12.8,0.00537,21,42000.6,17140,0.00129
61.3,5054,0.3826,0.0407,0.0154,1.10656,71000,0.0272,0.5616,0.384,0.004116,0.406,0.5064,0.395,0.2662,0.223,9.644,0.0837,0.0572,0.13,0.0611,0.2,0.0579,0.02244,0.1986,73.92,3.428,2304.2,10.76,0.0008366,2.74,230.2,69.1,120,154.8,169.2,59.68,8.05e-06,2.614e-06,60.72,3.184e-06,174,1320000.6,275000,5.774,21.7,12.8,0.00537,21,105000,17140,0.00129
61.3,5054,0.3826,0.0407,0.0154,1.10656,71000,0.0272,0.5616,0.384,0.004116,0.406,0.5064,0.395,0.2662,0.223,9.644,0.0837,0.0572,0.13,0.0611,0.2,0.0579,0.02244,0.1986,73.92,3.428,2304.2,10.76,0.0008366,1,230.2,69.1,120,154.8,169.2,59.68,8.05e-06,2.614e-06,60.72,3.184e-06,174,1320000.6,275000,5.774,21.7,12.8,0.00537,21,105000,17140,0.00129
61.3,5054,0.3826,0.0407,0.0154,1.10656,71000,0.0272,0.5616,0.384,0.004116,0.406,0.5064,0.395,0.2662,0.223,9.644,0.0837,0.0572,0.1468,0.0611,0.2,0.0579,0.02244,0.1986,73.92,3.428,2304.2,10.76,0.0008366,1,230.2,69.1,120,154.8,169.2,59.68,8.05e-06,2.614e-06,60.72,3.184e-06,174,1320000.6,275000,5.774,21.7,12.8,0.00537,21,105000,17140,0.00129
61.3,5054,0.3826,0.0407,0.0154,1.10656,71000,0.0272,0.5616,0.384,0.004116,0.406,0.5064,0.395,0.2662,0.223,9.644,0.0837,0.0572,0.1468,0.0611,0.2,0.0579,0.02244,0.1986,73.92,3.428,2304.2,10.76,0.0008366,1,230.2,69.1,120,154.8,169.2,59.68,8.05e-06,2.614e-06,60.72,3.184e-06,174,3300000,275000,5.774,21.7,12.8,0.00537,21,105000,17140,0.00129
61.3,5054,0.3826,0.0407,0.0154,1.10656,71000,0.0272,0.5616,0.384,0.004116,0.406,0.5064,0.395,0.2662,0.223,9.644,0.0837,0.0572,0.1468,0.0611,0.2,0.0579,0.02244,0.1986,73.92,3.428,2304.2,12.44,0.0008366,1,230.2,69.1,120,154.8,169.2,59.68,8.05e-06,2.614e-06,60.72,3.184e-06,174,3300000,275000,5.774,21.7,12.8,0.00537,21,105000,17140,0.00129
61.3,5054,0.3826,0.0407,0.0154,1.10656,71000,0.0272,0.5616,0.384,0.004116,0.406,0.5064,0.395,0.2662,0.223,9.644,0.0837,0.0572,0.1468,0.0611,0.2,0.0579,0.02244,0.1614,73.92,3.428,2304.2,12.44,0.0008366,1,230.2,69.1,120,154.8,169.2,59.68,8.05e-06,2.614e-06,60.72,3.184e-06,174,3300000,275000,5.774,21.7,12.8,0.00537,21,105000,17140,0.00129
61.3,5054,0.3826,0.0407,0.0154,1.10656,71000,0.0272,0.5616,0.384,0.004116,0.406,0.5064,0.395,0.2662,0.223,9.644,0.0837,0.0572,0.1468,0.0611,0.2,0.0579,0.02244,0.1614,73.92,3.428,2304.2,12.44,0.0008366,1,230.2,69.1,120,154.8,169.2,59.68,8.05e-06,2.614e-06,60.72,3.184e-06,174,3300000,275000,8.426,21.7,12.8,0.00537,21,105000,17140,0.00129
61.3,5054,0.3826,0.0407,0.0154,1.10656,71000,0.0272,0.5616,0.384,0.004116,0.406,0.5064,0.395,0.2662,0.223,9.644,0.0837,0.0572,0.1468,0.0611,0.2,0.0579,0.02244,0.1614,73.92,3.428,2304.2,12.44,0.0008366,1,230.2,69.1,120,154.8,169.2,59.68,8.05e-06,2.614e-06,60.72,3.184e-06,174,3300000,275000,8.426,21.7,12.8,0.00537,21,105000,19360,0.00129
61.3,5054,0.3826,0.0407,0.0154,1.10656,71000,0.0272,0.5616,0.384,0.004116,0.406,0.5064,0.395,0.2662,0.223,9.644,0.0837,0.0572,0.1468,0.0611,0.176,0.0579,0.02244,0.1614,73.92,3.428,2304.2,12.44,0.0008366,1,230.2,69.1,120,154.8,169.2,59.68,8.05e-06,2.614e-06,60.72,3.184e-06,174,3300000,275000,8.426,21.7,12.8,0.00537,21,105000,19360,0.00129
61.3,5054,0.3826,0.0407,0.0154,1.10656,71000,0.0272,0.5616,0.384,0.004116,0.406,0.5064,0.395,0.2662,0.223,9.644,0.0837,0.0572,0.1468,0.0611,0.176,0.0579,0.02244,0.1614,73.92,3.428,2304.2,12.44,0.0008366,1,230.2,69.1,120,154.8,169.2,59.68,8.05e-06,2.614e-06,60.72,2.206e-06,174,3300000,275000,8.426,21.7,12.8,0.00537,21,105000,19360,0.00129
61.3,5054,0.3826,0.0407,0.0154,1.10656,71000,0.0272,0.5616,0.384,0.004116,0.406,0.5064,0.395,0.2662,0.223,9.644,0.0837,0.0572,0.1468,0.0611,0.176,0.0579,0.02244,0.1614,73.92,3.428,2304.2,12.44,0.0008366,1,230.2,69.1,120,154.8,169.2,59.68,7.162e-06,2.614e-06,60.72,2.206e-06,174,3300000,275000,8.426,21.7,12.8,0.00537,21,105000,19360,0.00129
61.3,5054,0.3826,0.0407,0.0154,1.10656,71000,0.0272,0.5616,0.384,0.004116,0.406,0.5064,0.395,0.2662,0.223,9.644,0.0837,0.0572,0.1468,0.0611,0.176,0.06558,0.02244,0.1614,73.92,3.428,2304.2,12.44,0.0008366,1,230.2,69.1,120,154.8,169.2,59.68,7.162e-06,2.614e-06,60.72,2.206e-06,174,3300000,275000,8.426,21.7,12.8,0.00537,21,105000,19360,0.00129
61.3,5054,0.3826,0.0407,0.0154,1.10656,71000,0.0272,0.5616,0.384,0.004116,0.406,0.5064,0.395,0.2662,0.223,9.644,0.0837,0.0572,0.1468,0.0689,0.176,0.06558,0.02244,0.1614,73.92,3.428,2304.2,12.44,0.0008366,1,230.2,69.1,120,154.8,169.2,59.68,7.162e-06,2.614e-06,60.72,2.206e-06,174,3300000,275000,8.426,21.7,12.8,0.00537,21,105000,19360,0.00129
61.3,5054,0.3826,0.0407,0.0154,1.10656,71000,0.0272,0.5616,0.384,0.004116,0.406,0.5064,0.443,0.2662,0.223,9.644,0.0837,0.0572,0.1468,0.0689,0.176,0.06558,0.02244,0.1614,73.92,3.428,2304.2,12.44,0.0008366,1,230.2,69.1,120,154.8,169.2,59.68,7.162e-06,2.614e-06,60.72,2.206e-06,174,3300000,275000,8.426,21.7,12.8,0.00537,21,105000,19360,0.00129
61.3,5054,0.3826,0.0407,0.0154,1.10656,71000,0.0272,0.5616,0.384,0.004116,0.406,0.5064,0.443,0.2662,0.223,9.644,0.0837,0.0572,0.1468,0.0689,0.176,0.06558,0.02244,0.1614,73.92,3.428,2304.2,12.44,0.0008366,1,230.2,69.1,120,154.8,169.2,59.68,7.162e-06,2.614e-06,60.72,2.206e-06,74.988,3300000,275000,8.426,21.7,12.8,0.00537,21,105000,19360,0.00129
61.3,5054,0.3826,0.0407,0.01372,1.10656,71000,0.0272,0.5616,0.384,0.004116,0.406,0.5064,0.443,0.2662,0.223,9.644,0.0837,0.0572,0.1468,0.0689,0.176,0.06558,0.02244,0.1614,73.92,3.428,2304.2,12.44,0.0008366,1,230.2,69.1,120,154.8,169.2,59.68,7.162e-06,2.614e-06,60.72,2.206e-06,74.988,3300000,275000,8.426,21.7,12.8,0.00537,21,105000,19360,0.00129
61.3,5054,0.3826,0.0407,0.01372,1.10656,71000,0.0272,0.5616,0.384,0.004116,0.406,0.5064,0.443,0.2662,0.223,10.886,0.0837,0.0572,0.1468,0.0689,0.176,0.06558,0.02244,0.1614,73.92,3.428,2304.2,12.44,0.0008366,1,230.2,69.1,120,154.8,169.2,59.68,7.162e-06,2.614e-06,60.72,2.206e-06,74.988,3300000,275000,8.426,21.7,12.8,0.00537,21,105000,19360,0.00129
61.3,5054,0.3826,0.0407,0.01372,1.10656,71000,0.0272,0.5616,0.4356,0.004116,0.406,0.5064,0.443,0.2662,0.223,10.886,0.0837,0.0572,0.1468,0.0689,0.176,0.06558,0.02244,0.1614,73.92,3.428,2304.2,12.44,0.0008366,1,230.2,69.1,120,154.8,169.2,59.68,7.162e-06,2.614e-06,60.72,2.206e-06,74.988,3300000,275000,8.426,21.7,12.8,0.00537,21,105000,19360,0.00129
61.3,5054,0.3826,0.0407,0.01372,1.10656,71000,0.0272,0.5616,0.4356,0.004116,0.406,0.5064,0.443,0.2662,0.2524,10.886,0.0837,0.0572,0.1468,0.0689,0.176,0.06558,0.02244,0.1614,73.92,3.428,2304.2,12.44,0.0008366,1,230.2,69.1,120,154.8,169.2,59.68,7.162e-06,2.614e-06,60.72,2.206e-06,74.988,3300000,275000,8.426,21.7,12.8,0.00537,21,105000,19360,0.00129
61.3,5054,0.3826,0.0407,0.01372,1.10656,71000,0.0272,0.5616,0.4356,0.004116,0.406,0.5064,0.443,0.2662,0.2524,10.886,0.0837,0.0572,0.1468,0.0689,0.176,0.06558,0.02244,0.1614,73.92,3.428,576.8,12.44,0.0008366,1,230.2,69.1,120,154.8,169.2,59.68,7.162e-06,2.614e-06,60.72,2.206e-06,74.988,3300000,275000,8.426,21.7,12.8,0.00537,21,105000,19360,0.00129
61.3,5054,0.3826,0.0407,0.01372,1.10656,71000,0.0272,0.5616,0.4356,0.004116,0.406,0.5064,0.443,0.2662,0.2524,10.886,0.0837,0.0572,0.1468,0.0689,0.176,0.06558,0.02244,0.1614,73.92,3.428,576.8,12.44,0.0008366,1,230.2,69.1,120,154.8,169.2,59.68,7.162e-06,2.614e-06,60.72,2.206e-06,74.988,3300000,275000,8.426,21.7,12.8,0.004326,21,105000,19360,0.00129
61.3,5054,0.3826,0.0407,0.01372,1.10656,71000,0.0272,0.5616,0.4356,0.004116,0.406,0.5064,0.443,0.2662,0.2524,10.886,0.0837,0.0572,0.1468,0.0689,0.176,0.06558,0.0198,0.1614,73.92,3.428,576.8,12.44,0.0008366,1,230.2,69.1,120,154.8,169.2,59.68,7.162e-06,2.614e-06,60.72,2.206e-06,74.988,3300000,275000,8.426,21.7,12.8,0.004326,21,105000,19360,0.00129
61.3,5054,0.3826,0.0461,0.01372,1.10656,71000,0.0272,0.5616,0.4356,0.004116,0.406,0.5064,0.443,0.2662,0.2524,10.886,0.0837,0.0572,0.1468,0.0689,0.176,0.06558,0.0198,0.1614,73.92,3.428,576.8,12.44,0.0008366,1,230.2,69.1,120,154.8,169.2,59.68,7.162e-06,2.614e-06,60.72,2.206e-06,74.988,3300000,275000,8.426,21.7,12.8,0.004326,21,105000,19360,0.00129
61.3,5054,0.3826,0.0461,0.01372,1.10656,71000,0.0272,0.5616,0.4356,0.004116,0.406,0.5064,0.443,0.2662,0.2524,10.886,0.0837,0.0572,0.1468,0.0689,0.176,0.06558,0.0198,0.1614,73.92,3.428,576.8,12.44,0.0008366,1,230.2,69.1,120,154.8,169.2,67,7.162e-06,2.614e-06,60.72,2.206e-06,74.988,3300000,275000,8.426,21.7,12.8,0.004326,21,105000,19360,0.00129
61.3,5054,0.3826,0.0461,0.01372,1.10656,71000,0.0272,0.5616,0.4356,0.004116,0.406,0.5706,0.443,0.2662,0.2524,10.886,0.0837,0.0572,0.1468,0.0689,0.176,0.06558,0.0198,0.1614,73.92,3.428,576.8,12.44,0.0008366,1,230.2,69.1,120,154.8,169.2,67,7.162e-06,2.614e-06,60.72,2.206e-06,74.988,3300000,275000,8.426,21.7,12.8,0.004326,21,105000,19360,0.00129
61.3,5054,0.3826,0.0461,0.01372,1.10656,71000,0.0272,0.5616,0.4356,0.004116,0.406,0.5706,0.443,0.2662,0.2524,10.886,0.0837,0.0572,0.1468,0.0689,0.176,0.06558,0.0198,0.1614,73.92,3.428,576.8,12.44,0.0008366,1,230.2,69.1,120,154.8,169.2,67,7.162e-06,2.614e-06,12.3,2.206e-06,74.988,3300000,275000,8.426,21.7,12.8,0.004326,21,105000,19360,0.00129
61.3,5054,0.3826,0.0461,0.01372,1.10656,71000,0.0272,0.5616,0.4356,0.004116,0.406,0.5706,0.443,0.2662,0.2524,10.886,0.0837,0.0572,0.1468,0.0689,0.176,0.06558,0.0198,0.1614,73.92,3.428,576.8,12.44,0.0008366,1,230.2,61.54,120,154.8,169.2,67,7.162e-06,2.614e-06,12.3,2.206e-06,74.988,3300000,275000,8.426,21.7,12.8,0.004326,21,105000,19360,0.00129
61.3,6140,0.3826,0.0461,0.01372,1.10656,71000,0.0272,0.5616,0.4356,0.004116,0.406,0.5706,0.443,0.2662,0.2524,10.886,0.0837,0.0572,0.1468,0.0689,0.176,0.06558,0.0198,0.1614,73.92,3.428,576.8,12.44,0.0008366,1,230.2,61.54,120,154.8,169.2,67,7.162e-06,2.614e-06,12.3,2.206e-06,74.988,3300000,275000,8.426,21.7,12.8,0.004326,21,105000,19360,0.00129
61.3,6140,0.3826,0.0461,0.01372,1.10656,71000,0.0272,0.5616,0.4356,0.004116,0.406,0.5706,0.443,0.2998,0.2524,10.886,0.0837,0.0572,0.1468,0.0689,0.176,0.06558,0.0198,0.1614,73.92,3.428,576.8,12.44,0.0008366,1,230.2,61.54,120,154.8,169.2,67,7.162e-06,2.614e-06,12.3,2.206e-06,74.988,3300000,275000,8.426,21.7,12.8,0.004326,21,105000,19360,0.00129
61.3,6140,0.3826,0.0461,0.01372,1.10656,71000,0.0272,0.5616,0.4356,0.004116,0.406,0.5706,0.443,0.2998,0.2524,10.886,0.0837,0.0572,0.1468,0.0689,0.176,0.06558,0.0198,0.1614,73.92,3.428,576.8,12.44,0.0008366,1,230.2,61.54,120,154.8,169.2,67,7.162e-06,1.996e-06,12.3,2.206e-06,74.988,3300000,275000,8.426,21.7,12.8,0.004326,21,105000,19360,0.00129
61.3,6140,0.3826,0.0461,0.01372,1.10656,71000,0.0272,0.5616,0.4356,0.004116,0.406,0.5706,0.443,0.2998,0.2524,10.886,0.0837,0.0572,0.1468,0.0689,0.176,0.06558,0.0198,0.1614,73.92,3.428,576.8,12.44,0.0008366,1,230.2,61.54,120,154.8,169.2,67,7.162e-06,1.996e-06,12.3,2.206e-06,74.988,3300000,275000,8.426,21.7,12.8,0.004326,52.2,105000,19360,0.00129
61.3,6140,0.3826,0.0461,0.01372,1.10656,71000,0.0272,0.5616,0.4356,0.00462,0.406,0.5706,0.443,0.2998,0.2524,10.886,0.0837,0.0572,0.1468,0.0689,0.176,0.06558,0.0198,0.1614,73.92,3.428,576.8,12.44,0.0008366,1,230.2,61.54,120,154.8,169.2,67,7.162e-06,1.996e-06,12.3,2.206e-06,74.988,3300000,275000,8.426,21.7,12.8,0.004326,52.2,105000,19360,0.00129
61.3,6140,0.3826,0.0461,0.01372,1.10656,71000,0.0272,0.5616,0.4356,0.00462,0.406,0.5706,0.443,0.2998,0.2524,10.886,0.0837,0.0572,0.1468,0.0689,0.176,0.06558,0.0198,0.1614,73.92,3.428,576.8,12.44,0.0008366,1,230.2,61.54,120,154.8,169.2,67,7.162e-06,1.996e-06,12.3,2.206e-06,74.988,3300000,110000.6,8.426,21.7,12.8,0.004326,52.2,105000,19360,0.00129
81.86,4330,0.4714,0.0497,0.01428,0.74484,58400,0.0272,0.5616,0.4184,0.004116,0.39,0.5278,0.379,0.311,0.2426,11.3,0.0837,0.05304,0.158,0.0637,0.192,0.06302,0.02244,0.1614,43.2,3.156,576.8,10.2,0.0012244,1,203.8,66.58,125.4,148.4,169.2,64.56,7.754e-06,2.614e-06,60.72,3.184e-06,41.984,1980000.4,275000,6.658,21.7,10.44,0.005022,31.4,42000.6,16400,0.183458
81.86,4330,0.4714,0.0497,0.01428,0.74484,58400,0.0272,0.5616,0.4184,0.004116,0.39,0.5278,0.379,0.311,0.2426,11.3,0.0837,0.05304,0.158,0.0637,0.192,0.06302,0.02244,0.1614,43.2,3.156,576.8,10.2,0.0012244,1,203.8,66.58,125.4,167.6,169.2,64.56,7.754e-06,2.614e-06,60.72,3.184e-06,41.984,1980000.4,275000,6.658,21.7,10.44,0.005022,31.4,42000.6,16400,0.183458
81.86,4330,0.4714,0.0497,0.01428,0.74484,58400,0.0272,0.5616,0.4184,0.004116,0.39,0.5278,0.379,0.311,0.2426,11.3,0.0837,0.05304,0.158,0.0715,0.192,0.06302,0.02244,0.1614,43.2,3.156,576.8,10.2,0.0012244,1,203.8,66.58,125.4,167.6,169.2,64.56,7.754e-06,2.614e-06,60.72,3.184e-06,41.984,1980000.4,275000,6.658,21.7,10.44,0.005022,31.4,42000.6,16400,0.183458
81.86,4330,0.4714,0.0497,0.01428,0.74484,58400,0.0272,0.5616,0.4184,0.004116,0.39,0.5278,0.379,0.311,0.2426,11.3,0.0837,0.05304,0.158,0.0715,0.192,0.06302,0.02244,0.1614,43.2,3.156,576.8,10.2,0.0012244,1,203.8,66.58,125.4,167.6,169.2,64.56,7.754e-06,2.614e-06,60.72,3.184e-06,41.984,1980000.4,275000,6.658,21.7,10.44,0.005022,31.4,42000.6,16400,0.046832
81.86,4330,0.4714,0.0497,0.01428,0.74484,58400,0.0272,0.5616,0.4184,0.004116,0.438,0.5278,0.379,0.311,0.2426,11.3,0.0837,0.05304,0.158,0.0715,0.192,0.06302,0.02244,0.1614,43.2,3.156,576.8,10.2,0.0012244,1,203.8,66.58,125.4,167.6,169.2,64.56,7.754e-06,2.614e-06,60.72,3.184e-06,41.984,1980000.4,275000,6.658,21.7,10.44,0.005022,31.4,42000.6,16400,0.046832
81.86,4330,0.4714,0.0497,0.01428,0.74484,58400,0.0272,0.5616,0.4184,0.004116,0.438,0.5278,0.379,0.311,0.2426,11.3,0.0837,0.05304,0.158,0.0715,0.192,0.06302,0.02244,0.1614,43.2,3.156,576.8,10.2,0.0012244,1,203.8,66.58,125.4,167.6,169.2,64.56,6.866e-06,2.614e-06,60.72,3.184e-06,41.984,1980000.4,275000,6.658,21.7,10.44,0.005022,31.4,42000.6,16400,0.046832
81.86,4330,0.4714,0.0497,0.01428,0.74484,58400,0.0272,0.5616,0.4184,0.004116,0.438,0.5278,0.379,0.311,0.2426,11.3,0.0837,0.05304,0.158,0.0715,0.192,0.06302,0.02244,0.1614,43.2,3.156,576.8,10.2,0.0012244,1,203.8,66.58,125.4,167.6,169.2,64.56,6.866e-06,2.614e-06,60.72,3.184e-06,41.984,1980000.4,110000.6,6.658,21.7,10.44,0.005022,31.4,42000.6,16400,0.046832
81.86,4330,0.4714,0.0497,0.01428,0.74484,58400,0.0272,0.5616,0.4184,0.004116,0.438,0.5278,0.379,0.311,0.2426,11.3,0.0837,0.05304,0.158,0.0715,0.192,0.06302,0.02244,0.1614,89.28,3.156,576.8,10.2,0.0012244,1,203.8,66.58,125.4,167.6,169.2,64.56,6.866e-06,2.614e-06,60.72,3.184e-06,41.984,1980000.4,110000.6,6.658,21.7,10.44,0.005022,31.4,42000.6,16400,0.046832
81.86,4330,0.4714,0.0497,0.01428,0.74484,58400,0.0272,0.5616,0.4184,0.004116,0.438,0.5278,0.379,0.311,0.2426,11.3,0.0837,0.05304,0.158,0.0715,0.192,0.06302,0.02244,0.1614,89.28,3.156,576.8,10.2,0.0012244,1,230.2,66.58,125.4,167.6,169.2,64.56,6.866e-06,2.614e-06,60.72,3.184e-06,41.984,1980000.4,110000.6,6.658,21.7,10.44,0.005022,31.4,42000.6,16400,0.046832
81.86,4330,0.4714,0.0497,0.01428,0.74484,58400,0.0272,0.5616,0.4184,0.004116,0.438,0.5278,0.379,0.311,0.2426,10.058,0.0837,0.05304,0.158,0.0715,0.192,0.06302,0.02244,0.1614,89.28,3.156,576.8,10.2,0.0012244,1,230.2,66.58,125.4,167.6,169.2,64.56,6.866e-06,2.614e-06,60.72,3.184e-06,41.984,1980000.4,110000.6,6.658,21.7,10.44,0.005022,31.4,42000.6,16400,0.046832
81.86,4330,0.4714,0.0497,0.01428,0.74484,58400,0.0272,0.5616,0.4184,0.004116,0.438,0.5278,0.379,0.311,0.2426,10.058,0.0837,0.0468,0.158,0.0715,0.192,0.06302,0.02244,0.1614,89.28,3.156,576.8,10.2,0.0012244,1,230.2,66.58,125.4,167.6,169.2,64.56,6.866e-06,2.614e-06,60.72,3.184e-06,41.984,1980000.4,110000.6,6.658,21.7,10.44,0.005022,31.4,42000.6,16400,0.046832
81.86,4330,0.4714,0.0497,0.01428,0.74484,58400,0.0272,0.5616,0.4184,0.004116,0.438,0.5278,0.379,0.311,0.2426,10.058,0.0837,0.0468,0.158,0.0715,0.192,0.06302,0.02244,0.1986,89.28,3.156,576.8,10.2,0.0012244,1,230.2,66.58,125.4,167.6,169.2,64.56,6.866e-06,2.614e-06,60.72,3.184e-06,41.984,1980000.4,110000.6,6.658,21.7,10.44,0.005022,31.4,42000.6,16400,0.046832
81.86,4330,0.4714,0.0497,0.01428,0.74484,58400,0.0272,0.63,0.4184,0.004116,0.438,0.5278,0.379,0.311,0.2426,10.058,0.0837,0.0468,0.158,0.0715,0.192,0.06302,0.02244,0.1986,89.28,3.156,576.8,10.2,0.0012244,1,230.2,66.58,125.4,167.6,169.2,64.56,6.866e-06,2.614e-06,60.72,3.184e-06,41.984,1980000.4,110000.6,6.658,21.7,10.44,0.005022,31.4,42000.6,16400,0.046832
81.86,4330,0.4714,0.0497,0.01428,0.74484,58400,0.0272,0.63,0.4184,0.004116,0.438,0.5278,0.379,0.311,0.2426,10.058,0.0837,0.0468,0.158,0.0715,0.192,0.06302,0.02244,0.1986,89.28,3.156,576.8,10.2,0.0012244,1,230.2,66.58,125.4,167.6,169.2,64.56,6.866e-06,2.614e-06,60.72,3.184e-06,41.984,1980000.4,110000.6,6.658,21.7,10.44,0.005022,31.4,42000.6,18620,0.046832
81.86,4330,0.4714,0.0497,0.01428,0.74484,58400,0.0272,0.63,0.4184,0.004116,0.438,0.5278,0.379,0.311,0.2426,10.058,0.0837,0.0468,0.158,0.0715,0.192,0.06302,0.02244,0.1986,89.28,3.156,576.8,11.88,0.0012244,1,230.2,66.58,125.4,167.6,169.2,64.56,6.866e-06,2.614e-06,60.72,3.184e-06,41.984,1980000.4,110000.6,6.658,21.7,10.44,0.005022,31.4,42000.6,18620,0.046832
81.86,4330,0.4714,0.0497,0.01428,0.74484,58400,0.0272,0.63,0.4184,0.004116,0.438,0.5278,0.379,0.311,0.2426,10.058,0.0837,0.0468,0.158,0.0715,0.192,0.06302,0.02244,0.1986,89.28,3.156,576.8,11.88,0.0012244,1,230.2,66.58,125.4,167.6,169.2,64.56,6.866e-06,1.996e-06,60.72,3.184e-06,41.984,1980000.4,110000.6,6.658,21.7,10.44,0.005022,31.4,42000.6,18620,0.046832
81.86,4330,0.4714,0.0497,0.01428,0.74484,58400,0.0272,0.63,0.4184,0.004116,0.438,0.5278,0.379,0.311,0.2426,10.058,0.0837,0.0468,0.158,0.0715,0.192,0.06302,0.02244,0.1986,89.28,3.156,576.8,11.88,0.0012244,1,230.2,59.02,125.4,167.6,169.2,64.56,6.866e-06,1.996e-06,60.72,3.184e-06,41.984,1980000.4,110000.6,6.658,21.7,10.44,0.005022,31.4,42000.6,18620,0.046832
81.86,4330,0.4714,0.0497,0.01428,0.74484,58400,0.0272,0.63,0.4184,0.004116,0.438,0.5278,0.379,0.311,0.2426,10.058,0.0837,0.0468,0.158,0.0715,0.192,0.06302,0.02244,0.1986,89.28,3.156,576.8,11.88,0.0012244,1,230.2,59.02,125.4,167.6,169.2,57.24,6.866e-06,1.996e-06,60.72,3.184e-06,41.984,1980000.4,110000.6,6.658,21.7,10.44,0.005022,31.4,42000.6,18620,0.046832
81.86,4330,0.4714,0.0497,0.01428,0.74484,58400,0.0272,0.63,0.4184,0.004116,0.438,0.5278,0.379,0.311,0.2426,10.058,0.0837,0.0468,0.158,0.0715,0.192,0.06302,0.02244,0.1986,89.28,3.156,576.8,11.88,0.0012244,1,230.2,59.02,125.4,167.6,190.8,57.24,6.866e-06,1.996e-06,60.72,3.184e-06,41.984,1980000.4,110000.6,6.658,21.7,10.44,0.005022,31.4,42000.6,18620,0.046832
81.86,4330,0.4714,0.0497,0.01428,0.74484,58400,0.0272,0.63,0.4184,0.004116,0.438,0.5278,0.379,0.311,0.2426,10.058,0.0837,0.0468,0.158,0.0715,0.192,0.06302,0.02244,0.1986,89.28,3.156,576.8,11.88,0.0012244,1,230.2,59.02,125.4,167.6,190.8,57.24,6.866e-06,1.996e-06,60.72,3.184e-06,41.984,1980000.4,110000.6,9.31,21.7,10.44,0.005022,31.4,42000.6,18620,0.046832
81.86,4330,0.4714,0.0497,0.01428,0.74484,58400,0.0272,0.63,0.4184,0.004116,0.438,0.5278,0.427,0.311,0.2426,10.058,0.0837,0.0468,0.158,0.0715,0.192,0.06302,0.02244,0.1986,89.28,3.156,576.8,11.88,0.0012244,1,230.2,59.02,125.4,167.6,190.8,57.24,6.866e-06,1.996e-06,60.72,3.184e-06,41.984,1980000.4,110000.6,9.31,21.7,10.44,0.005022,31.4,42000.6,18620,0.046832
81.86,4330,0.4714,0.0497,0.01428,0.74484,58400,0.0272,0.63,0.4184,0.004116,0.438,0.5278,0.427,0.311,0.2426,10.058,0.0837,0.0468,0.158,0.0715,0.216,0.06302,0.02244,0.1986,89.28,3.156,576.8,11.88,0.0012244,1,230.2,59.02,125.4,167.6,190.8,57.24,6.866e-06,1.996e-06,60.72,3.184e-06,41.984,1980000.4,110000.6,9.31,21.7,10.44,0.005022,31.4,42000.6,18620,0.046832
81.86,4330,0.4714,0.0497,0.01428,0.74484,58400,0.0242,0.63,0.4184,0.004116,0.438,0.5278,0.427,0.311,0.2426,10.058,0.0837,0.0468,0.158,0.0715,0.216,0.06302,0.02244,0.1986,89.28,3.156,576.8,11.88,0.0012244,1,230.2,59.02,125.4,167.6,190.8,57.24,6.866e-06,1.996e-06,60.72,3.184e-06,41.984,1980000.4,110000.6,9.31,21.7,10.44,0.005022,31.4,42000.6,18620,0.046832
81.86,4330,0.4714,0.0497,0.01428,0.74484,58400,0.0242,0.63,0.47,0.004116,0.438,0.5278,0.427,0.311,0.2426,10.058,0.0837,0.0468,0.158,0.0715,0.216,0.06302,0.02244,0.1986,89.28,3.156,576.8,11.88,0.0012244,1,230.2,59.02,125.4,167.6,190.8,57.24,6.866e-06,1.996e-06,60.72,3.184e-06,41.984,1980000.4,110000.6,9.31,21.7,10.44,0.005022,31.4,42000.6,18620,0.046832
81.86,4330,0.4714,0.0497,0.01428,1.83,58400,0.0242,0.63,0.47,0.004116,0.438,0.5278,0.427,0.311,0.2426,10.058,0.0837,0.0468,0.158,0.0715,0.216,0.06302,0.02244,0.1986,89.28,3.156,576.8,11.88,0.0012244,1,230.2,59.02,125.4,167.6,190.8,57.24,6.866e-06,1.996e-06,60.72,3.184e-06,41.984,1980000.4,110000.6,9.31,21.7,10.44,0.005022,31.4,42000.6,18620,0.046832
81.86,4330,0.4714,0.0497,0.01428,1.83,58400,0.0242,0.63,0.47,0.004116,0.438,0.592,0.427,0.311,0.2426,10.058,0.0837,0.0468,0.158,0.0715,0.216,0.06302,0.02244,0.1986,89.28,3.156,576.8,11.88,0.0012244,1,230.2,59.02,125.4,167.6,190.8,57.24,6.866e-06,1.996e-06,60.72,3.184e-06,41.984,1980000.4,110000.6,9.31,21.7,10.44,0.005022,31.4,42000.6,18620,0.046832
81.86,4330,0.4714,0.0497,0.01428,1.83,58400,0.0242,0.63,0.47,0.004116,0.438,0.592,0.427,0.2774,0.2426,10.058,0.0837,0.0468,0.158,0.0715,0.216,0.06302,0.02244,0.1986,89.28,3.156,576.8,11.88,0.0012244,1,230.2,59.02,125.4,167.6,190.8,57.24,6.866e-06,1.996e-06,60.72,3.184e-06,41.984,1980000.4,110000.6,9.31,21.7,10.44,0.005022,31.4,42000.6,18620,0.046832
81.86,4330,0.4714,0.0497,0.01428,1.83,58400,0.0242,0.63,0.47,0.004116,0.438,0.592,0.427,0.2774,0.2426,10.058,0.0837,0.0468,0.158,0.0715,0.216,0.06302,0.0198,0.1986,89.28,3.156,576.8,11.88,0.0012244,1,230.2,59.02,125.4,167.6,190.8,57.24,6.866e-06,1.996e-06,60.72,3.184e-06,41.984,1980000.4,110000.6,9.31,21.7,10.44,0.005022,31.4,42000.6,18620,0.046832
81.86,4330,0.4714,0.0497,0.01428,1.83,58400,0.0242,0.63,0.47,0.004116,0.438,0.592,0.427,0.2774,0.2426,10.058,0.0837,0.0468,0.158,0.0715,0.216,0.06302,0.0198,0.1986,89.28,3.156,576.8,11.88,0.0012244,1,230.2,59.02,125.4,167.6,190.8,57.24,6.866e-06,1.996e-06,12.3,3.184e-06,41.984,1980000.4,110000.6,9.31,21.7,10.44,0.005022,31.4,42000.6,18620,0.046832
81.86,4330,0.4714,0.0443,0.01428,1.83,58400,0.0242,0.63,0.47,0.004116,0.438,0.592,0.427,0.2774,0.2426,10.058,0.0837,0.0468,0.158,0.0715,0.216,0.06302,0.0198,0.1986,89.28,3.156,576.8,11.88,0.0012244,1,230.2,59.02,125.4,167.6,190.8,57.24,6.866e-06,1.996e-06,12.3,3.184e-06,41.984,1980000.4,110000.6,9.31,21.7,10.44,0.005022,31.4,42000.6,18620,0.046832
81.86,4330,0.4714,0.0443,0.01428,1.83,58400,0.0242,0.63,0.47,0.004116,0.438,0.592,0.427,0.2774,0.2426,10.058,0.0837,0.0468,0.158,0.0715,0.216,0.06302,0.0198,0.1986,89.28,3.156,576.8,11.88,0.0012244,1,230.2,59.02,141.6,167.6,190.8,57.24,6.866e-06,1.996e-06,12.3,3.184e-06,41.984,1980000.4,110000.6,9.31,21.7,10.44,0.005022,31.4,42000.6,18620,0.046832
81.86,4330,0.4714,0.0443,0.01428,1.83,58400,0.0242,0.63,0.47,0.004116,0.438,0.592,0.427,0.2774,0.2426,10.058,0.0837,0.0468,0.158,0.0715,0.216,0.06302,0.0198,0.1986,89.28,3.156,576.8,11.88,0.0012244,1,230.2,59.02,141.6,167.6,190.8,57.24,6.866e-06,1.996e-06,12.3,2.206e-06,41.984,1980000.4,110000.6,9.31,21.7,10.44,0.005022,31.4,42000.6,18620,0.046832
81.86,4330,0.4714,0.0443,0.01428,1.83,58400,0.0242,0.63,0.47,0.004116,0.438,0.592,0.427,0.2774,0.2426,10.058,0.0837,0.0468,0.158,0.0715,0.216,0.0707,0.0198,0.1986,89.28,3.156,576.8,11.88,0.0012244,1,230.2,59.02,141.6,167.6,190.8,57.24,6.866e-06,1.996e-06,12.3,2.206e-06,41.984,1980000.4,110000.6,9.31,21.7,10.44,0.005022,31.4,42000.6,18620,0.046832
81.86,4330,0.4714,0.0443,0.01428,1.83,58400,0.0242,0.63,0.47,0.004116,0.438,0.592,0.427,0.2774,0.2426,10.058,0.0837,0.0468,0.158,0.0715,0.216,0.0707,0.0198,0.1986,89.28,3.156,576.8,11.88,0.0012244,1,230.2,59.02,141.6,167.6,190.8,57.24,6.866e-06,1.996e-06,12.3,2.206e-06,140.996,1980000.4,110000.6,9.31,21.7,10.44,0.005022,31.4,42000.6,18620,0.046832
81.86,4330,0.4714,0.0443,0.01428,1.83,58400,0.0242,0.63,0.47,0.00462,0.438,0.592,0.427,0.2774,0.2426,10.058,0.0837,0.0468,0.158,0.0715,0.216,0.0707,0.0198,0.1986,89.28,3.156,576.8,11.88,0.0012244,1,230.2,59.02,141.6,167.6,190.8,57.24,6.866e-06,1.996e-06,12.3,2.206e-06,140.996,1980000.4,110000.6,9.31,21.7,10.44,0.005022,31.4,42000.6,18620,0.046832
81.86,4330,0.4714,0.0443,0.01428,1.83,58400,0.0242,0.63,0.47,0.00462,0.438,0.592,0.427,0.2774,0.2426,10.058,0.0837,0.0468,0.158,0.0715,0.216,0.0707,0.0198,0.1986,89.28,3.156,576.8,11.88,6.1e-05,1,230.2,59.02,141.6,167.6,190.8,57.24,6.866e-06,1.996e-06,12.3,2.206e-06,140.996,1980000.4,110000.6,9.31,21.7,10.44,0.005022,31.4,42000.6,18620,0.046832
66.44,4330,0.4714,0.0443,0.01428,1.83,58400,0.0242,0.63,0.47,0.00462,0.438,0.592,0.427,0.2774,0.2426,10.058,0.0837,0.0468,0.158,0.0715,0.216,0.0707,0.0198,0.1986,89.28,3.156,576.8,11.88,6.1e-05,1,230.2,59.02,141.6,167.6,190.8,57.24,6.866e-06,1.996e-06,12.3,2.206e-06,140.996,1980000.4,110000.6,9.31,21.7,10.44,0.005022,31.4,42000.6,18620,0.046832
66.44,4330,0.4714,0.0443,0.01428,1.83,58400,0.0242,0.63,0.47,0.00462,0.438,0.592,0.427,0.2774,0.2426,10.058,0.0837,0.0468,0.158,0.0715,0.216,0.0707,0.0198,0.1986,89.28,3.156,576.8,11.88,6.1e-05,1,230.2,59.02,141.6,167.6,190.8,57.24,6.866e-06,1.996e-06,12.3,2.206e-06,140.996,1980000.4,110000.6,9.31,21.7,10.44,0.005022,31.4,105000,18620,0.046832
66.44,4330,0.4714,0.0443,0.01428,1.83,58400,0.0242,0.63,0.47,0.00462,0.438,0.592,0.427,0.2774,0.2426,10.058,0.0837,0.0468,0.1412,0.0715,0.216,0.0707,0.0198,0.1986,89.28,3.156,576.8,11.88,6.1e-05,1,230.2,59.02,141.6,167.6,190.8,57.24,6.866e-06,1.996e-06,12.3,2.206e-06,140.996,1980000.4,110000.6,9.31,21.7,10.44,0.005022,31.4,105000,18620,0.046832
66.44,4330,0.4714,0.0443,0.01428,1.83,71000,0.0242,0.63,0.47,0.00462,0.438,0.592,0.427,0.2774,0.2426,10.058,0.0837,0.0468,0.1412,0.0715,0.216,0.0707,0.0198,0.1986,89.28,3.156,576.8,11.88,6.1e-05,1,230.2,59.02,141.6,167.6,190.8,57.24,6.866e-06,1.996e-06,12.3,2.206e-06,140.996,1980000.4,110000.6,9.31,21.7,10.44,0.005022,31.4,105000,18620,0.046832
66.44,4330,0.4714,0.0443,0.01428,1.83,71000,0.0242,0.63,0.47,0.00462,0.438,0.592,0.427,0.2774,0.2426,10.058,0.07458,0.0468,0.1412,0.0715,0.216,0.0707,0.0198,0.1986,89.28,3.156,576.8,11.88,6.1e-05,1,230.2,59.02,141.6,167.6,190.8,57.24,6.866e-06,1.996e-06,12.3,2.206e-06,140.996,1980000.4,110000.6,9.31,21.7,10.44,0.005022,31.4,105000,18620,0.046832
66.44,4330,0.4714,0.0443,0.01428,1.83,71000,0.0242,0.63,0.47,0.00462,0.438,0.592,0.427,0.2774,0.2426,10.058,0.07458,0.0468,0.1412,0.0715,0.216,0.0707,0.0198,0.1986,89.28,3.156,576.8,11.88,6.1e-05,1,230.2,59.02,141.6,167.6,190.8,57.24,6.866e-06,1.996e-06,12.3,2.206e-06,140.996,1980000.4,110000.6,9.31,21.7,10.44,0.003978,31.4,105000,18620,0.046832
66.44,4330,0.4714,0.0443,0.0126,1.83,71000,0.0242,0.63,0.47,0.00462,0.438,0.592,0.427,0.2774,0.2426,10.058,0.07458,0.0468,0.1412,0.0715,0.216,0.0707,0.0198,0.1986,89.28,3.156,576.8,11.88,6.1e-05,1,230.2,59.02,141.6,167.6,190.8,57.24,6.866e-06,1.996e-06,12.3,2.206e-06,140.996,1980000.4,110000.6,9.31,21.7,10.44,0.003978,31.4,105000,18620,0.046832
66.44,4330,0.4714,0.0443,0.0126,1.83,71000,0.0242,0.63,0.47,0.00462,0.438,0.592,0.427,0.2774,0.2426,10.058,0.07458,0.0468,0.1412,0.0715,0.216,0.0707,0.0198,0.1986,89.28,3.156,576.8,11.88,6.1e-05,1,230.2,59.02,141.6,167.6,190.8,57.24,6.866e-06,1.996e-06,12.3,2.206e-06,140.996,1980000.4,110000.6,9.31,21.7,3.36,0.003978,31.4,105000,18620,0.046832
66.44,4330,0.4714,0.0443,0.0126,1.83,71000,0.0242,0.63,0.47,0.00462,0.438,0.592,0.427,0.2774,0.272,10.058,0.07458,0.0468,0.1412,0.0715,0.216,0.0707,0.0198,0.1986,89.28,3.156,576.8,11.88,6.1e-05,1,230.2,59.02,141.6,167.6,190.8,57.24,6.866e-06,1.996e-06,12.3,2.206e-06,140.996,1980000.4,110000.6,9.31,21.7,3.36,0.003978,31.4,105000,18620,0.046832
66.44,4330,0.4714,0.0443,0.0126,1.83,71000,0.0242,0.63,0.47,0.00462,0.438,0.592,0.427,0.2774,0.272,10.058,0.07458,0.0468,0.1412,0.0715,0.216,0.0707,0.0198,0.1986,89.28,3.156,576.8,11.88,6.1e-05,2.74,230.2,59.02,141.6,167.6,190.8,57.24,6.866e-06,1.996e-06,12.3,2.206e-06,140.996,1980000.4,110000.6,9.31,21.7,3.36,0.003978,31.4,105000,18620,0.046832
66.44,4330,0.4714,0.0443,0.0126,1.83,71000,0.0242,0.63,0.47,0.00462,0.438,0.592,0.427,0.2774,0.272,10.058,0.07458,0.0468,0.1412,0.0715,0.216,0.0707,0.0198,0.1986,89.28,3.156,576.8,11.88,6.1e-05,2.74,230.2,59.02,141.6,167.6,190.8,57.24,6.866e-06,1.996e-06,12.3,2.206e-06,140.996,1,110000.6,9.31,21.7,3.36,0.003978,31.4,105000,18620,0.046832
66.44,4330,0.4714,0.0443,0.0126,1.83,71000,0.0242,0.63,0.47,0.00462,0.438,0.592,0.427,0.2774,0.272,10.058,0.07458,0.0468,0.1412,0.0715,0.216,0.0707,0.0198,0.1986,89.28,3.156,2304.2,11.88,6.1e-05,2.74,230.2,59.02,141.6,167.6,190.8,57.24,6.866e-06,1.996e-06,12.3,2.206e-06,140.996,1,110000.6,9.31,21.7,3.36,0.003978,31.4,105000,18620,0.046832
66.44,4330,0.3826,0.0443,0.0126,1.83,71000,0.0242,0.63,0.47,0.00462,0.438,0.592,0.427,0.2774,0.272,10.058,0.07458,0.0468,0.1412,0.0715,0.216,0.0707,0.0198,0.1986,89.28,3.156,2304.2,11.88,6.1e-05,2.74,230.2,59.02,141.6,167.6,190.8,57.24,6.866e-06,1.996e-06,12.3,2.206e-06,140.996,1,110000.6,9.31,21.7,3.36,0.003978,31.4,105000,18620,0.046832
66.44,4330,0.3826,0.0443,0.0126,1.83,71000,0.0242,0.63,0.47,0.00462,0.438,0.592,0.427,0.2774,0.272,10.058,0.07458,0.0468,0.1412,0.0715,0.216,0.0707,0.0198,0.1986,89.28,3.156,2304.2,11.88,6.1e-05,2.74,230.2,59.02,141.6,167.6,190.8,57.24,6.866e-06,1.996e-06,12.3,2.206e-06,140.996,1,110000.6,9.31,1,3.36,0.003978,31.4,105000,18620,0.046832
66.44,5416,0.3826,0.0443,0.0126,1.83,71000,0.0242,0.63,0.47,0.00462,0.438,0.592,0.427,0.2774,0.272,10.058,0.07458,0.0468,0.1412,0.0715,0.216,0.0707,0.0198,0.1986,89.28,3.156,2304.2,11.88,6.1e-05,2.74,230.2,59.02,141.6,167.6,190.8,57.24,6.866e-06,1.996e-06,12.3,2.206e-06,140.996,1,110000.6,9.31,1,3.36,0.003978,31.4,105000,18620,0.046832
66.44,5416,0.3826,0.0443,0.0126,1.83,71000,0.0242,0.63,0.47,0.00462,0.438,0.592,0.427,0.2774,0.272,10.058,0.07458,0.0468,0.1412,0.0715,0.216,0.0707,0.0198,0.1986,89.28,3.156,2304.2,11.88,6.1e-05,2.74,230.2,59.02,141.6,167.6,190.8,57.24,6.866e-06,1.996e-06,12.3,2.206e-06,140.996,1,110000.6,9.31,1,3.36,0.003978,62.6,105000,18620,0.046832
66.44,5416,0.3826,0.0443,0.0126,1.83,71000,0.0242,0.63,0.47,0.00462,0.438,0.592,0.427,0.2774,0.272,10.058,0.07458,0.0468,0.1412,0.0715,0.216,0.0707,0.0198,0.1986,89.28,3.564,2304.2,11.88,6.1e-05,2.74,230.2,59.02,141.6,167.6,190.8,57.24,6.866e-06,1.996e-06,12.3,2.206e-06,140.996,1,110000.6,9.31,1,3.36,0.003978,62.6,105000,18620,0.046832
81.86,5416,0.4714,0.0407,0.01372,0.0214,62600,0.0272,0.63,0.4012,0.00378,0.438,0.485,0.427,0.2662,0.2622,10.886,0.07762,0.0468,0.158,0.0611,0.176,0.06046,0.02068,0.149,89.28,3.428,2880,10.76,0.0008366,1.58,221.4,64.06,130.8,142,183.6,59.68,6.57e-06,2.82e-06,93,3.51e-06,140.996,2640000.2,1,4.89,28.6,5.72,0.005022,21,84000.2,19360,0.229
81.86,5416,0.4714,0.0407,0.01372,0.0214,62600,0.0272,0.63,0.4012,0.00378,0.438,0.485,0.427,0.2662,0.2622,10.886,0.07762,0.0468,0.158,0.0689,0.176,0.06046,0.02068,0.149,89.28,3.428,2880,10.76,0.0008366,1.58,221.4,64.06,130.8,142,183.6,59.68,6.57e-06,2.82e-06,93,3.51e-06,140.996,2640000.2,1,4.89,28.6,5.72,0.005022,21,84000.2,19360,0.229
81.86,5416,0.4714,0.0407,0.01372,0.0214,62600,0.0272,0.63,0.4012,0.00378,0.438,0.485,0.427,0.2662,0.2622,10.886,0.07762,0.0468,0.158,0.0689,0.176,0.06046,0.02068,0.149,89.28,3.428,2880,10.76,0.0008366,1.58,221.4,64.06,130.8,161.2,183.6,59.68,6.57e-06,2.82e-06,93,3.51e-06,140.996,2640000.2,1,4.89,28.6,5.72,0.005022,21,84000.2,19360,0.229
81.86,5416,0.4714,0.0407,0.01372,0.0214,50000,0.0272,0.63,0.4012,0.00378,0.438,0.485,0.427,0.2662,0.2622,10.886,0.07762,0.0468,0.158,0.0689,0.176,0.06046,0.02068,0.149,89.28,3.428,2880,10.76,0.0008366,1.58,221.4,64.06,130.8,161.2,183.6,59.68,6.57e-06,2.82e-06,93,3.51e-06,140.996,2640000.2,1,4.89,28.6,5.72,0.005022,21,84000.2,19360,0.229
81.86,5416,0.4714,0.0407,0.01372,0.0214,50000,0.0272,0.5616,0.4012,0.00378,0.438,0.485,0.427,0.2662,0.2622,10.886,0.07762,0.0468,0.158,0.0689,0.176,0.06046,0.02068,0.149,89.28,3.428,2880,10.76,0.0008366,1.58,221.4,64.06,130.8,161.2,183.6,59.68,6.57e-06,2.82e-06,93,3.51e-06,140.996,2640000.2,1,4.89,28.6,5.72,0.005022,21,84000.2,19360,0.229
81.86,5416,0.4714,0.0407,0.01372,0.0214,50000,0.0272,0.5616,0.4012,0.00378,0.438,0.485,0.427,0.2662,0.2622,10.886,0.07762,0.0468,0.158,0.0689,0.176,0.06046,0.02068,0.1862,89.28,3.428,2880,10.76,0.0008366,1.58,221.4,64.06,130.8,161.2,183.6,59.68,6.57e-06,2.82e-06,93,3.51e-06,140.996,2640000.2,1,4.89,28.6,5.72,0.005022,21,84000.2,19360,0.229
81.86,5416,0.4714,0.0407,0.01372,0.0214,50000,0.0272,0.5616,0.4012,0.00378,0.438,0.485,0.427,0.2662,0.2622,10.886,0.07762,0.0468,0.158,0.0689,0.176,0.06046,0.02068,0.1862,89.28,3.428,2880,10.76,0.0008366,3.32,221.4,64.06,130.8,161.2,183.6,59.68,6.57e-06,2.82e-06,93,3.51e-06,140.996,2640000.2,1,4.89,28.6,5.72,0.005022,21,84000.2,19360,0.229
81.86,5416,0.4714,0.0407,0.01372,0.0214,50000,0.0272,0.5616,0.4012,0.00378,0.438,0.485,0.427,0.2662,0.2622,10.886,0.07762,0.0468,0.158,0.0689,0.176,0.06046,0.02068,0.1862,89.28,3.428,1152.6,10.76,0.0008366,3.32,221.4,64.06,130.8,161.2,183.6,59.68,6.57e-06,2.82e-06,93,3.51e-06,140.996,2640000.2,1,4.89,28.6,5.72,0.005022,21,84000.2,19360,0.229
81.86,5416,0.3826,0.0407,0.01372,0.0214,50000,0.0272,0.5616,0.4012,0.00378,0.438,0.485,0.427,0.2662,0.2622,10.886,0.07762,0.0468,0.158,0.0689,0.176,0.06046,0.02068,0.1862,89.28,3.428,1152.6,10.76,0.0008366,3.32,221.4,64.06,130.8,161.2,183.6,59.68,6.57e-06,2.82e-06,93,3.51e-06,140.996,2640000.2,1,4.89,28.6,5.72,0.005022,21,84000.2,19360,0.229
81.86,5416,0.3826,0.0407,0.01372,0.0214,50000,0.0272,0.5616,0.4012,0.00378,0.438,0.485,0.379,0.2662,0.2622,10.886,0.07762,0.0468,0.158,0.0689,0.176,0.06046,0.02068,0.1862,89.28,3.428,1152.6,10.76,0.0008366,3.32,221.4,64.06,130.8,161.2,183.6,59.68,6.57e-06,2.82e-06,93,3.51e-06,140.996,2640000.2,1,4.89,28.6,5.72,0.005022,21,84000.2,19360,0.229
66.44,5416,0.3826,0.0407,0.01372,0.0214,50000,0.0272,0.5616,0.4012,0.00378,0.438,0.485,0.379,0.2662,0.2622,10.886,0.07762,0.0468,0.158,0.0689,0.176,0.06046,0.02068,0.1862,89.28,3.428,1152.6,10.76,0.0008366,3.32,221.4,64.06,130.8,161.2,183.6,59.68,6.57e-06,2.82e-06,93,3.51e-06,140.996,2640000.2,1,4.89,28.6,5.72,0.005022,21,84000.2,19360,0.229
66.44,5416,0.3826,0.0407,0.01372,0.0214,50000,0.0242,0.5616,0.4012,0.00378,0.438,0.485,0.379,0.2662,0.2622,10.886,0.07762,0.0468,0.158,0.0689,0.176,0.06046,0.02068,0.1862,89.28,3.428,1152.6,10.76,0.0008366,3.32,221.4,64.06,130.8,161.2,183.6,59.68,6.57e-06,2.82e-06,93,3.51e-06,140.996,2640000.2,1,4.89,28.6,5.72,0.005022,21,84000.2,19360,0.229
66.44,5416,0.3826,0.0407,0.01372,0.0214,50000,0.0242,0.5616,0.4012,0.00378,0.438,0.485,0.379,0.2662,0.2622,10.886,0.0685,0.0468,0.158,0.0689,0.176,0.06046,0.02068,0.1862,89.28,3.428,1152.6,10.76,0.0008366,3.32,221.4,64.06,130.8,161.2,183.6,59.68,6.57e-06,2.82e-06,93,3.51e-06,140.996,2640000.2,1,4.89,28.6,5.72,0.005022,21,84000.2,19360,0.229
66.44,5416,0.3826,0.0407,0.01372,0.0214,50000,0.0242,0.5616,0.4012,0.00378,0.438,0.485,0.379,0.2662,0.2622,10.886,0.0685,0.0468,0.158,0.0689,0.176,0.06046,0.02068,0.1862,89.28,3.428,1152.6,10.76,0.0008366,3.32,221.4,64.06,130.8,161.2,183.6,59.68,6.57e-06,2.82e-06,93,3.51e-06,140.996,660000.8,1,4.89,28.6,5.72,0.005022,21,84000.2,19360,0.229
66.44,4330,0.3826,0.0407,0.01372,0.0214,50000,0.0242,0.5616,0.4012,0.00378,0.438,0.485,0.379,0.2662,0.2622,10.886,0.0685,0.0468,0.158,0.0689,0.176,0.06046,0.02068,0.1862,89.28,3.428,1152.6,10.76,0.0008366,3.32,221.4,64.06,130.8,161.2,183.6,59.68,6.57e-06,2.82e-06,93,3.51e-06,140.996,660000.8,1,4.89,28.6,5.72,0.005022,21,84000.2,19360,0.229
66.44,4330,0.3826,0.0407,0.01372,0.0214,50000,0.0242,0.5616,0.4012,0.00378,0.438,0.485,0.379,0.2662,0.2622,10.886,0.0685,0.0468,0.158,0.0689,0.176,0.06046,0.02068,0.1862,89.28,3.428,1152.6,10.76,0.0008366,3.32,221.4,64.06,130.8,161.2,183.6,59.68,6.57e-06,2.202e-06,93,3.51e-06,140.996,660000.8,1,4.89,28.6,5.72,0.005022,21,84000.2,19360,0.229
66.44,4330,0.3826,0.0407,0.01372,0.0214,50000,0.0242,0.5616,0.4012,0.00378,0.438,0.485,0.379,0.2662,0.2622,10.886,0.0685,0.0468,0.158,0.0689,0.176,0.06046,0.02068,0.1862,89.28,3.428,1152.6,10.76,0.0008366,3.32,221.4,64.06,130.8,161.2,162,59.68,6.57e-06,2.202e-06,93,3.51e-06,140.996,660000.8,1,4.89,28.6,5.72,0.005022,21,84000.2,19360,0.229
66.44,4330,0.3826,0.0461,0.01372,0.0214,50000,0.0242,0.5616,0.4012,0.00378,0.438,0.485,0.379,0.2662,0.2622,10.886,0.0685,0.0468,0.158,0.0689,0.176,0.06046,0.02068,0.1862,89.28,3.428,1152.6,10.76,0.0008366,3.32,221.4,64.06,130.8,161.2,162,59.68,6.57e-06,2.202e-06,93,3.51e-06,140.996,660000.8,1,4.89,28.6,5.72,0.005022,21,84000.2,19360,0.229
66.44,4330,0.3826,0.0461,0.01372,0.0214,50000,0.0242,0.5616,0.4012,0.00378,0.438,0.485,0.379,0.2662,0.2622,10.886,0.0685,0.0468,0.158,0.0689,0.176,0.06046,0.02068,0.1862,43.2,3.428,1152.6,10.76,0.0008366,3.32,221.4,64.06,130.8,161.2,162,59.68,6.57e-06,2.202e-06,93,3.51e-06,140.996,660000.8,1,4.89,28.6,5.72,0.005022,21,84000.2,19360,0.229
66.44,4330,0.3826,0.0461,0.01372,0.0214,50000,0.0242,0.5616,0.4012,0.004284,0.438,0.485,0.379,0.2662,0.2622,10.886,0.0685,0.0468,0.158,0.0689,0.176,0.06046,0.02068,0.1862,43.2,3.428,1152.6,10.76,0.0008366,3.32,221.4,64.06,130.8,161.2,162,59.68,6.57e-06,2.202e-06,93,3.51e-06,140.996,660000.8,1,4.89,28.6,5.72,0.005022,21,84000.2,19360,0.229
66.44,4330,0.3826,0.0461,0.01372,0.0214,50000,0.0242,0.5616,0.4012,0.004284,0.438,0.485,0.379,0.2662,0.2622,10.886,0.0685,0.0468,0.158,0.0689,0.176,0.06046,0.02068,0.1862,43.2,3.428,1152.6,10.76,0.0008366,3.32,221.4,64.06,130.8,161.2,162,59.68,6.57e-06,2.202e-06,93,3.51e-06,41.984,660000.8,1,4.89,28.6,5.72,0.005022,21,84000.2,19360,0.229
66.44,4330,0.3826,0.0461,0.01372,0.0214,50000,0.0242,0.5616,0.4012,0.004284,0.438,0.485,0.379,0.2662,0.2622,9.644,0.0685,0.0468,0.158,0.0689,0.176,0.06046,0.02068,0.1862,43.2,3.428,1152.6,10.76,0.0008366,3.32,221.4,64.06,130.8,161.2,162,59.68,6.57e-06,2.202e-06,93,3.51e-06,41.984,660000.8,1,4.89,28.6,5.72,0.005022,21,84000.2,19360,0.229
66.44,4330,0.3826,0.0461,0.01372,0.0214,50000,0.0242,0.5616,0.4012,0.004284,0.438,0.485,0.379,0.2662,0.2622,9.644,0.0685,0.0468,0.158,0.0689,0.176,0.06046,0.02068,0.1862,43.2,3.02,1152.6,10.76,0.0008366,3.32,221.4,64.06,130.8,161.2,162,59.68,6.57e-06,2.202e-06,93,3.51e-06,41.984,660000.8,1,4.89,28.6,5.72,0.005022,21,84000.2,19360,0.229
66.44,4330,0.3826,0.0461,0.01372,0.0214,50000,0.0242,0.5616,0.4012,0.004284,0.438,0.5492,0.379,0.2662,0.2622,9.644,0.0685,0.0468,0.158,0.0689,0.176,0.06046,0.02068,0.1862,43.2,3.02,1152.6,10.76,0.0008366,3.32,221.4,64.06,130.8,161.2,162,59.68,6.57e-06,2.202e-06,93,3.51e-06,41.984,660000.8,1,4.89,28.6,5.72,0.005022,21,84000.2,19360,0.229
66.44,4330,0.3826,0.0461,0.01372,0.0214,50000,0.0242,0.5616,0.4012,0.004284,0.438,0.5492,0.379,0.2662,0.2622,9.644,0.0685,0.0468,0.158,0.0689,0.176,0.06814,0.02068,0.1862,43.2,3.02,1152.6,10.76,0.0008366,3.32,221.4,64.06,130.8,161.2,162,59.68,6.57e-06,2.202e-06,93,3.51e-06,41.984,660000.8,1,4.89,28.6,5.72,0.005022,21,84000.2,19360,0.229
66.44,4330,0.3826,0.0461,0.01372,0.0214,50000,0.0242,0.5616,0.4012,0.004284,0.438,0.5492,0.379,0.2662,0.2622,9.644,0.0685,0.0468,0.158,0.0689,0.176,0.06814,0.02068,0.1862,43.2,3.02,1152.6,10.76,0.0008366,3.32,221.4,64.06,130.8,161.2,162,59.68,6.57e-06,2.202e-06,93,3.51e-06,41.984,660000.8,1,4.89,28.6,5.72,0.005022,52.2,84000.2,19360,0.229
66.44,4330,0.3826,0.0461,0.01372,0.0214,50000,0.0242,0.5616,0.4012,0.004284,0.438,0.5492,0.379,0.2662,0.2622,9.644,0.0685,0.0468,0.158,0.0689,0.176,0.06814,0.02068,0.1862,43.2,3.02,1152.6,10.76,0.0008366,3.32,221.4,64.06,130.8,161.2,162,59.68,6.57e-06,2.202e-06,93,3.51e-06,41.984,660000.8,165000.4,4.89,28.6,5.72,0.005022,52.2,84000.2,19360,0.229
66.44,4330,0.3826,0.0461,0.01372,0.0214,50000,0.0242,0.5616,0.4012,0.004284,0.438,0.5492,0.379,0.2662,0.2622,9.644,0.0685,0.0468,0.158,0.0689,0.176,0.06814,0.02068,0.1862,43.2,3.02,1152.6,10.76,0.0008366,3.32,221.4,64.06,130.8,161.2,162,59.68,6.57e-06,2.202e-06,44.58,3.51e-06,41.984,660000.8,165000.4,4.89,28.6,5.72,0.005022,52.2,84000.2,19360,0.229
66.44,4330,0.3826,0.0461,0.01372,0.0214,50000,0.0242,0.5616,0.4012,0.004284,0.438,0.5492,0.379,0.2662,0.2622,9.644,0.0685,0.0468,0.158,0.0689,0.176,0.06814,0.02068,0.1862,43.2,3.02,1152.6,10.76,0.0008366,3.32,221.4,56.5,130.8,161.2,162,59.68,6.57e-06,2.202e-06,44.58,3.51e-06,41.984,660000.8,165000.4,4.89,28.6,5.72,0.005022,52.2,84000.2,19360,0.229
66.44,4330,0.3826,0.0461,0.01372,0.0214,50000,0.0242,0.5616,0.4012,0.004284,0.438,0.5492,0.379,0.2662,0.2622,9.644,0.0685,0.0468,0.158,0.0689,0.176,0.06814,0.02068,0.1862,43.2,3.02,1152.6,10.76,0.0008366,3.32,221.4,56.5,130.8,161.2,162,59.68,6.57e-06,2.202e-06,44.58,3.51e-06,41.984,660000.8,165000.4,4.89,7.9,5.72,0.005022,52.2,84000.2,19360,0.229
66.44,4330,0.3826,0.0461,0.01372,0.0214,50000,0.0242,0.5616,0.4012,0.004284,0.438,0.5492,0.379,0.2662,0.2622,9.644,0.0685,0.0468,0.158,0.0689,0.176,0.06814,0.02068,0.1862,43.2,3.02,1152.6,12.44,0.0008366,3.32,221.4,56.5,130.8,161.2,162,59.68,6.57e-06,2.202e-06,44.58,3.51e-06,41.984,660000.8,165000.4,4.89,7.9,5.72,0.005022,52.2,84000.2,19360,0.229
66.44,4330,0.3826,0.0461,0.01372,0.0214,50000,0.0242,0.5616,0.4012,0.004284,0.438,0.5492,0.379,0.2662,0.2622,9.644,0.0685,0.0468,0.158,0.0689,0.176,0.06814,0.02068,0.1862,43.2,3.02,1152.6,12.44,0.0008366,3.32,221.4,56.5,130.8,161.2,162,59.68,6.57e-06,2.202e-06,44.58,3.51e-06,41.984,660000.8,165000.4,4.89,7.9,5.72,0.005022,52.2,21000.8,19360,0.229
66.44,4330,0.3826,0.0461,0.01372,0.0214,50000,0.0242,0.5616,0.4012,0.004284,0.438,0.5492,0.379,0.2998,0.2622,9.644,0.0685,0.0468,0.158,0.0689,0.176,0.06814,0.02068,0.1862,43.2,3.02,1152.6,12.44,0.0008366,3.32,221.4,56.5,130.8,161.2,162,59.68,6.57e-06,2.202e-06,44.58,3.51e-06,41.984,660000.8,165000.4,4.89,7.9,5.72,0.005022,52.2,21000.8,19360,0.229
66.44,4330,0.3826,0.0461,0.01372,0.0214,50000,0.0242,0.5616,0.4012,0.004284,0.438,0.5492,0.379,0.2998,0.2622,9.644,0.0685,0.0468,0.158,0.0689,0.176,0.06814,0.02332,0.1862,43.2,3.02,1152.6,12.44,0.0008366,3.32,221.4,56.5,130.8,161.2,162,59.68,6.57e-06,2.202e-06,44.58,3.51e-06,41.984,660000.8,165000.4,4.89,7.9,5.72,0.005022,52.2,21000.8,19360,0.229
66.44,4330,0.3826,0.0461,0.01372,1.10656,50000,0.0242,0.5616,0.4012,0.004284,0.438,0.5492,0.379,0.2998,0.2622,9.644,0.0685,0.0468,0.158,0.0689,0.176,0.06814,0.02332,0.1862,43.2,3.02,1152.6,12.44,0.0008366,3.32,221.4,56.5,130.8,161.2,162,59.68,6.57e-06,2.202e-06,44.58,3.51e-06,41.984,660000.8,165000.4,4.89,7.9,5.72,0.005022,52.2,21000.8,19360,0.229
66.44,4330,0.3826,0.0461,0.01372,1.10656,50000,0.0242,0.5616,0.4012,0.004284,0.438,0.5492,0.379,0.2998,0.2622,9.644,0.0685,0.0468,0.158,0.0689,0.2,0.06814,0.02332,0.1862,43.2,3.02,1152.6,12.44,0.0008366,3.32,221.4,56.5,130.8,161.2,162,59.68,6.57e-06,2.202e-06,44.58,3.51e-06,41.984,660000.8,165000.4,4.89,7.9,5.72,0.005022,52.2,21000.8,19360,0.229
66.44,4330,0.3826,0.0461,0.01372,1.10656,50000,0.0242,0.5616,0.4012,0.004284,0.438,0.5492,0.379,0.2998,0.2622,9.644,0.0685,0.0468,0.1412,0.0689,0.2,0.06814,0.02332,0.1862,43.2,3.02,1152.6,12.44,0.0008366,3.32,221.4,56.5,130.8,161.2,162,59.68,6.57e-06,2.202e-06,44.58,3.51e-06,41.984,660000.8,165000.4,4.89,7.9,5.72,0.005022,52.2,21000.8,19360,0.229
66.44,4330,0.3826,0.0461,0.01372,1.10656,50000,0.0242,0.5616,0.4012,0.004284,0.438,0.5492,0.379,0.2998,0.2622,9.644,0.0685,0.0468,0.1412,0.0689,0.2,0.06814,0.02332,0.1862,43.2,3.02,1152.6,12.44,0.0008366,3.32,221.4,56.5,130.8,161.2,162,67,6.57e-06,2.202e-06,44.58,3.51e-06,41.984,660000.8,165000.4,4.89,7.9,5.72,0.005022,52.2,21000.8,19360,0.229
66.44,4330,0.3826,0.0461,0.01372,1.10656,50000,0.0242,0.5616,0.4012,0.004284,0.438,0.5492,0.379,0.2998,0.2622,9.644,0.0685,0.0468,0.1412,0.0689,0.2,0.06814,0.02332,0.1862,43.2,3.02,1152.6,12.44,0.0008366,3.32,221.4,56.5,130.8,161.2,162,67,6.57e-06,2.202e-06,44.58,3.51e-06,41.984,660000.8,165000.4,4.89,7.9,5.72,0.005022,52.2,21000.8,17140,0.229
66.44,4330,0.3826,0.0461,0.01372,1.10656,50000,0.0242,0.5616,0.4528,0.004284,0.438,0.5492,0.379,0.2998,0.2622,9.644,0.0685,0.0468,0.1412,0.0689,0.2,0.06814,0.02332,0.1862,43.2,3.02,1152.6,12.44,0.0008366,3.32,221.4,56.5,130.8,161.2,162,67,6.57e-06,2.202e-06,44.58,3.51e-06,41.984,660000.8,165000.4,4.89,7.9,5.72,0.005022,52.2,21000.8,17140,0.229
66.44,4330,0.3826,0.0461,0.01372,1.10656,50000,0.0242,0.5616,0.4528,0.004284,0.438,0.5492,0.379,0.2998,0.2622,9.644,0.0685,0.0468,0.1412,0.0689,0.2,0.06814,0.02332,0.1862,43.2,3.02,1152.6,12.44,0.0008366,3.32,221.4,56.5,147,161.2,162,67,6.57e-06,2.202e-06,44.58,3.51e-06,41.984,660000.8,165000.4,4.89,7.9,5.72,0.005022,52.2,21000.8,17140,0.229
66.44,4330,0.3826,0.0461,0.01372,1.10656,50000,0.0242,0.5616,0.4528,0.004284,0.39,0.5492,0.379,0.2998,0.2622,9.644,0.0685,0.0468,0.1412,0.0689,0.2,0.06814,0.02332,0.1862,43.2,3.02,1152.6,12.44,0.0008366,3.32,221.4,56.5,147,161.2,162,67,6.57e-06,2.202e-06,44.58,3.51e-06,41.984,660000.8,165000.4,4.89,7.9,5.72,0.005022,52.2,21000.8,17140,0.229
66.44,4330,0.3826,0.0461,0.01372,1.10656,50000,0.0242,0.5616,0.4528,0.004284,0.39,0.5492,0.379,0.2998,0.2622,9.644,0.0685,0.0468,0.1412,0.0689,0.2,0.06814,0.02332,0.1862,43.2,3.02,1152.6,12.44,0.0008366,3.32,221.4,56.5,147,161.2,162,67,6.57e-06,2.202e-06,44.58,3.51e-06,41.984,660000.8,165000.4,4.89,7.9,5.72,0.003978,52.2,21000.8,17140,0.229
66.44,4330,0.3826,0.0461,0.0154,1.10656,50000,0.0242,0.5616,0.4528,0.004284,0.39,0.5492,0.379,0.2998,0.2622,9.644,0.0685,0.0468,0.1412,0.0689,0.2,0.06814,0.02332,0.1862,43.2,3.02,1152.6,12.44,0.0008366,3.32,221.4,56.5,147,161.2,162,67,6.57e-06,2.202e-06,44.58,3.51e-06,41.984,660000.8,165000.4,4.89,7.9,5.72,0.003978,52.2,21000.8,17140,0.229
66.44,4330,0.3826,0.0461,0.0154,1.10656,50000,0.0242,0.5616,0.4528,0.004284,0.39,0.5492,0.379,0.2998,0.2622,9.644,0.0685,0.0468,0.1412,0.0689,0.2,0.06814,0.02332,0.1862,43.2,3.02,1152.6,12.44,0.0008366,3.32,221.4,56.5,147,161.2,162,67,6.57e-06,2.202e-06,44.58,3.51e-06,41.984,660000.8,165000.4,7.542,7.9,5.72,0.003978,52.2,21000.8,17140,0.229
66.44,4330,0.3826,0.0461,0.0154,1.10656,50000,0.0242,0.5616,0.4528,0.004284,0.39,0.5492,0.379,0.2998,0.2622,9.644,0.0685,0.0468,0.1412,0.0689,0.2,0.06814,0.02332,0.1862,43.2,3.02,1152.6,12.44,0.0008366,3.32,221.4,56.5,147,161.2,162,67,6.57e-06,2.202e-06,44.58,3.51e-06,41.984,660000.8,165000.4,7.542,7.9,12.8,0.003978,52.2,21000.8,17140,0.229
66.44,4330,0.3826,0.0461,0.0154,1.10656,50000,0.0242,0.5616,0.4528,0.004284,0.39,0.5492,0.379,0.2998,0.2622,9.644,0.0685,0.0468,0.1412,0.0689,0.2,0.06814,0.02332,0.1862,43.2,3.02,1152.6,12.44,0.0008366,3.32,221.4,56.5,147,161.2,162,67,7.458e-06,2.202e-06,44.58,3.51e-06,41.984,660000.8,165000.4,7.542,7.9,12.8,0.003978,52.2,21000.8,17140,0.229
66.44,4330,0.3826,0.0461,0.0154,1.10656,50000,0.0242,0.5616,0.4528,0.004284,0.39,0.5492,0.379,0.2998,0.2622,9.644,0.0685,0.0468,0.1412,0.0689,0.2,0.06814,0.02332,0.1862,43.2,3.02,1152.6,12.44,0.0008366,3.32,195,56.5,147,161.2,162,67,7.458e-06,2.202e-06,44.58,3.51e-06,41.984,660000.8,165000.4,7.542,7.9,12.8,0.003978,52.2,21000.8,17140,0.229
66.44,4330,0.3826,0.0461,0.0154,1.10656,50000,0.0242,0.5616,0.4528,0.004284,0.39,0.5492,0.379,0.2998,0.2328,9.644,0.0685,0.0468,0.1412,0.0689,0.2,0.06814,0.02332,0.1862,43.2,3.02,1152.6,12.44,0.0008366,3.32,195,56.5,147,161.2,162,67,7.458e-06,2.202e-06,44.58,3.51e-06,41.984,660000.8,165000.4,7.542,7.9,12.8,0.003978,52.2,21000.8,17140,0.229
66.44,4330,0.3826,0.0461,0.0154,1.10656,50000,0.0242,0.5616,0.4528,0.004284,0.39,0.5492,0.379,0.2998,0.2328,9.644,0.0685,0.0468,0.1412,0.0689,0.2,0.06814,0.02332,0.1862,43.2,3.02,1152.6,12.44,0.0008366,3.32,195,56.5,147,161.2,162,67,7.458e-06,2.202e-06,44.58,2.532e-06,41.984,660000.8,165000.4,7.542,7.9,12.8,0.003978,52.2,21000.8,17140,0.229
66.44,4330,0.3826,0.0461,0.0154,1.10656,50000,0.0242,0.5616,0.4528,0.004284,0.39,0.5492,0.379,0.2998,0.2328,9.644,0.0685,0.05304,0.1412,0.0689,0.2,0.06814,0.02332,0.1862,43.2,3.02,1152.6,12.44,0.0008366,3.32,195,56.5,147,161.2,162,67,7.458e-06,2.202e-06,44.58,2.532e-06,41.984,660000.8,165000.4,7.542,7.9,12.8,0.003978,52.2,21000.8,17140,0.229
66.44,4330,0.3826,0.0461,0.0154,1.10656,50000,0.0242,0.5616,0.4528,0.004284,0.39,0.5492,0.379,0.2998,0.2328,9.644,0.0685,0.05304,0.1412,0.0689,0.2,0.06814,0.02332,0.1862,43.2,3.02,1152.6,12.44,0.002,3.32,195,56.5,147,161.2,162,67,7.458e-06,2.202e-06,44.58,2.532e-06,41.984,660000.8,165000.4,7.542,7.9,12.8,0.003978,52.2,21000.8,17140,0.229
66.44,4330,0.3826,0.0461,0.0154,1.10656,50000,0.0242,0.5616,0.4528,0.004284,0.39,0.5492,0.379,0.2998,0.2328,9.644,0.0685,0.05304,0.1412,0.0689,0.2,0.06814,0.02332,0.1862,43.2,3.02,1152.6,12.44,0.002,3.32,195,56.5,147,161.2,162,67,7.458e-06,2.202e-06,44.58,2.532e-06,41.984,660000.8,165000.4,7.542,7.9,12.8,0.003978,52.2,21000.8,17140,0.092374
81.86,5054,0.3826,0.0407,0.0126,0.74484,58400,0.0242,0.516,0.4012,0.00462,0.438,0.5706,0.379,0.2774,0.223,10.472,0.08066,0.05304,0.1356,0.0611,0.184,0.06814,0.02156,0.1862,104.64,3.7,1728.4,12.44,0.0004488,1.58,239,61.54,120,174,198,67,7.162e-06,2.82e-06,60.72,3.51e-06,41.984,1,220000.2,7.542,14.8,10.44,0.005022,21,63000.4,19360,0.183458
81.86,5054,0.3826,0.0407,0.0126,0.74484,58400,0.0242,0.516,0.4012,0.00462,0.438,0.5706,0.379,0.2774,0.223,10.472,0.08066,0.05304,0.1356,0.0611,0.184,0.06814,0.02156,0.1862,104.64,3.7,1728.4,12.44,0.0004488,1.58,239,61.54,120,174,198,67,8.05e-06,2.82e-06,60.72,3.51e-06,41.984,1,220000.2,7.542,14.8,10.44,0.005022,21,63000.4,19360,0.183458
81.86,5054,0.3826,0.0407,0.0126,0.74484,58400,0.0242,0.516,0.4012,0.00462,0.438,0.5706,0.379,0.2774,0.223,9.23,0.08066,0.05304,0.1356,0.0611,0.184,0.06814,0.02156,0.1862,104.64,3.7,1728.4,12.44,0.0004488,1.58,239,61.54,120,174,198,67,8.05e-06,2.82e-06,60.72,3.51e-06,41.984,1,220000.2,7.542,14.8,10.44,0.005022,21,63000.4,19360,0.183458
81.86,5054,0.3826,0.0407,0.0126,0.74484,58400,0.0242,0.516,0.4012,0.00462,0.438,0.5706,0.379,0.2774,0.223,9.23,0.08066,0.05304,0.1524,0.0611,0.184,0.06814,0.02156,0.1862,104.64,3.7,1728.4,12.44,0.0004488,1.58,239,61.54,120,174,198,67,8.05e-06,2.82e-06,60.72,3.51e-06,41.984,1,220000.2,7.542,14.8,10.44,0.005022,21,63000.4,19360,0.183458
81.86,5054,0.3826,0.0407,0.0126,0.74484,58400,0.0242,0.516,0.4012,0.00462,0.438,0.5706,0.379,0.2774,0.223,9.23,0.08066,0.05304,0.1524,0.0611,0.184,0.06814,0.0242,0.1862,104.64,3.7,1728.4,12.44,0.0004488,1.58,239,61.54,120,174,198,67,8.05e-06,2.82e-06,60.72,3.51e-06,41.984,1,220000.2,7.542,14.8,10.44,0.005022,21,63000.4,19360,0.183458
81.86,5054,0.3826,0.0407,0.0126,0.74484,58400,0.0242,0.516,0.4012,0.00462,0.438,0.5706,0.379,0.2774,0.223,9.23,0.08066,0.05304,0.1524,0.0611,0.208,0.06814,0.0242,0.1862,104.64,3.7,1728.4,12.44,0.0004488,1.58,239,61.54,120,174,198,67,8.05e-06,2.82e-06,60.72,3.51e-06,41.984,1,220000.2,7.542,14.8,10.44,0.005022,21,63000.4,19360,0.183458
66.44,5054,0.3826,0.0407,0.0126,0.74484,58400,0.0242,0.516,0.4012,0.00462,0.438,0.5706,0.379,0.2774,0.223,9.23,0.08066,0.05304,0.1524,0.0611,0.208,0.06814,0.0242,0.1862,104.64,3.7,1728.4,12.44,0.0004488,1.58,239,61.54,120,174,198,67,8.05e-06,2.82e-06,60.72,3.51e-06,41.984,1,220000.2,7.542,14.8,10.44,0.005022,21,63000.4,19360,0.183458
66.44,5054,0.3826,0.0407,0.0126,0.74484,58400,0.0242,0.516,0.4012,0.00462,0.438,0.5706,0.379,0.2774,0.223,9.23,0.08066,0.05304,0.1524,0.0611,0.208,0.06814,0.0242,0.1862,104.64,3.7,1728.4,12.44,0.0004488,1.58,239,61.54,120,174,198,59.68,8.05e-06,2.82e-06,60.72,3.51e-06,41.984,1,220000.2,7.542,14.8,10.44,0.005022,21,63000.4,19360,0.183458
66.44,5054,0.3826,0.0407,0.0126,0.74484,58400,0.0242,0.516,0.4012,0.00462,0.438,0.5064,0.379,0.2774,0.223,9.23,0.08066,0.05304,0.1524,0.0611,0.208,0.06814,0.0242,0.1862,104.64,3.7,1728.4,12.44,0.0004488,1.58,239,61.54,120,174,198,59.68,8.05e-06,2.82e-06,60.72,3.51e-06,41.984,1,220000.2,7.542,14.8,10.44,0.005022,21,63000.4,19360,0.183458
66.44,5054,0.3826,0.0407,0.0126,0.74484,58400,0.0242,0.516,0.4012,0.00462,0.438,0.5064,0.379,0.2774,0.223,9.23,0.08066,0.05304,0.1524,0.0611,0.208,0.06814,0.0242,0.1862,104.64,3.7,1728.4,10.76,0.0004488,1.58,239,61.54,120,174,198,59.68,8.05e-06,2.82e-06,60.72,3.51e-06,41.984,1,220000.2,7.542,14.8,10.44,0.005022,21,63000.4,19360,0.183458
66.44,5054,0.3826,0.0407,0.0126,0.74484,58400,0.0242,0.516,0.4012,0.00462,0.438,0.5064,0.379,0.2774,0.2524,9.23,0.08066,0.05304,0.1524,0.0611,0.208,0.06814,0.0242,0.1862,104.64,3.7,1728.4,10.76,0.0004488,1.58,239,61.54,120,174,198,59.68,8.05e-06,2.82e-06,60.72,3.51e-06,41.984,1,220000.2,7.542,14.8,10.44,0.005022,21,63000.4,19360,0.183458
66.44,5054,0.3826,0.0407,0.0126,0.74484,58400,0.0242,0.516,0.4012,0.00462,0.438,0.5064,0.379,0.2774,0.2524,9.23,0.08066,0.05304,0.1524,0.0611,0.208,0.06814,0.0242,0.1862,104.64,3.7,1728.4,10.76,0.0004488,1.58,239,61.54,120,174,198,59.68,8.05e-06,2.82e-06,60.72,2.532e-06,41.984,1,220000.2,7.542,14.8,10.44,0.005022,21,63000.4,19360,0.183458
66.44,5054,0.3826,0.0407,0.0126,0.74484,58400,0.0242,0.516,0.4012,0.00462,0.438,0.5064,0.379,0.2774,0.2524,9.23,0.08066,0.05304,0.1524,0.0611,0.208,0.06814,0.0242,0.1862,104.64,3.7,1728.4,10.76,0.0004488,1.58,239,61.54,120,174,176.4,59.68,8.05e-06,2.82e-06,60.72,2.532e-06,41.984,1,220000.2,7.542,14.8,10.44,0.005022,21,63000.4,19360,0.183458
66.44,5054,0.3826,0.0407,0.0126,0.74484,58400,0.0242,0.516,0.4012,0.00462,0.438,0.5064,0.379,0.2774,0.2524,9.23,0.08066,0.05304,0.1524,0.0611,0.208,0.06814,0.0242,0.1862,104.64,3.7,1728.4,10.76,0.0004488,1.58,239,61.54,120,174,176.4,59.68,8.05e-06,2.82e-06,60.72,2.532e-06,41.984,1980000.4,220000.2,7.542,14.8,10.44,0.005022,21,63000.4,19360,0.183458
66.44,5054,0.3826,0.0407,0.0126,0.74484,58400,0.0242,0.516,0.4012,0.00462,0.438,0.5064,0.379,0.2774,0.2524,9.23,0.07154,0.05304,0.1524,0.0611,0.208,0.06814,0.0242,0.1862,104.64,3.7,1728.4,10.76,0.0004488,1.58,239,61.54,120,174,176.4,59.68,8.05e-06,2.82e-06,60.72,2.532e-06,41.984,1980000.4,220000.2,7.542,14.8,10.44,0.005022,21,63000.4,19360,0.183458
66.44,5054,0.3826,0.0407,0.0126,0.74484,58400,0.0242,0.516,0.4012,0.00462,0.438,0.5064,0.379,0.2774,0.2524,9.23,0.07154,0.05304,0.1524,0.0611,0.208,0.06814,0.0242,0.1862,104.64,3.7,1728.4,10.76,0.0004488,1.58,239,61.54,136.2,174,176.4,59.68,8.05e-06,2.82e-06,60.72,2.532e-06,41.984,1980000.4,220000.2,7.542,14.8,10.44,0.005022,21,63000.4,19360,0.183458
66.44,5054,0.3826,0.0407,0.0126,0.74484,58400,0.0242,0.516,0.4012,0.00462,0.438,0.5064,0.379,0.2774,0.2524,9.23,0.07154,0.05304,0.1524,0.0611,0.208,0.06814,0.0242,0.1862,104.64,3.7,1728.4,10.76,0.0004488,1.58,212.6,61.54,136.2,174,176.4,59.68,8.05e-06,2.82e-06,60.72,2.532e-06,41.984,1980000.4,220000.2,7.542,14.8,10.44,0.005022,21,63000.4,19360,0.183458
66.44,5054,0.3826,0.0407,0.0126,0.74484,58400,0.0242,0.516,0.4012,0.00462,0.438,0.5064,0.379,0.2774,0.2524,9.23,0.07154,0.05304,0.1524,0.0611,0.208,0.06814,0.0242,0.1862,104.64,3.7,1728.4,10.76,0.0004488,1.58,212.6,61.54,136.2,174,176.4,59.68,8.05e-06,2.82e-06,60.72,2.532e-06,41.984,1980000.4,55000.8,7.542,14.8,10.44,0.005022,21,63000.4,19360,0.183458
66.44,5054,0.3826,0.0407,0.0126,0.74484,58400,0.0242,0.516,0.4012,0.00462,0.438,0.5064,0.379,0.2774,0.2524,9.23,0.07154,0.05304,0.1524,0.0611,0.208,0.06814,0.0242,0.1862,104.64,3.7,1728.4,10.76,0.0004488,1.58,212.6,61.54,136.2,174,176.4,59.68,8.05e-06,2.82e-06,60.72,2.532e-06,41.984,1980000.4,55000.8,7.542,14.8,10.44,0.003978,21,63000.4,19360,0.183458
66.44,5054,0.3826,0.0407,0.0126,0.74484,71000,0.0242,0.516,0.4012,0.00462,0.438,0.5064,0.379,0.2774,0.2524,9.23,0.07154,0.05304,0.1524,0.0611,0.208,0.06814,0.0242,0.1862,104.64,3.7,1728.4,10.76,0.0004488,1.58,212.6,61.54,136.2,174,176.4,59.68,8.05e-06,2.82e-06,60.72,2.532e-06,41.984,1980000.4,55000.8,7.542,14.8,10.44,0.003978,21,63000.4,19360,0.183458
66.44,5054,0.3826,0.0461,0.0126,0.74484,71000,0.0242,0.516,0.4012,0.00462,0.438,0.5064,0.379,0.2774,0.2524,9.23,0.07154,0.05304,0.1524,0.0611,0.208,0.06814,0.0242,0.1862,104.64,3.7,1728.4,10.76,0.0004488,1.58,212.6,61.54,136.2,174,176.4,59.68,8.05e-06,2.82e-06,60.72,2.532e-06,41.984,1980000.4,55000.8,7.542,14.8,10.44,0.003978,21,63000.4,19360,0.183458
66.44,5054,0.3826,0.0461,0.0126,0.74484,71000,0.0242,0.516,0.4012,0.00462,0.438,0.5064,0.379,0.2774,0.2524,9.23,0.07154,0.05304,0.1524,0.0611,0.208,0.06814,0.0242,0.1862,104.64,3.7,1728.4,10.76,0.0016122,1.58,212.6,61.54,136.2,174,176.4,59.68,8.05e-06,2.82e-06,60.72,2.532e-06,41.984,1980000.4,55000.8,7.542,14.8,10.44,0.003978,21,63000.4,19360,0.183458
66.44,5054,0.4714,0.0461,0.0126,0.74484,71000,0.0242,0.516,0.4012,0.00462,0.438,0.5064,0.379,0.2774,0.2524,9.23,0.07154,0.05304,0.1524,0.0611,0.208,0.06814,0.0242,0.1862,104.64,3.7,1728.4,10.76,0.0016122,1.58,212.6,61.54,136.2,174,176.4,59.68,8.05e-06,2.82e-06,60.72,2.532e-06,41.984,1980000.4,55000.8,7.542,14.8,10.44,0.003978,21,63000.4,19360,0.183458
66.44,5054,0.4714,0.0461,0.0126,0.74484,71000,0.0242,0.516,0.4012,0.00462,0.438,0.5064,0.379,0.2774,0.2524,9.23,0.07154,0.05304,0.1524,0.0611,0.208,0.06814,0.0242,0.1862,104.64,3.7,1728.4,10.76,0.0016122,1.58,212.6,61.54,136.2,174,176.4,59.68,8.05e-06,2.82e-06,60.72,2.532e-06,41.984,1980000.4,55000.8,4.89,14.8,10.44,0.003978,21,63000.4,19360,0.183458
66.44,5054,0.4714,0.0461,0.0126,0.74484,71000,0.0242,0.516,0.4012,0.00462,0.438,0.5064,0.379,0.2774,0.2524,9.23,0.07154,0.05304,0.1524,0.0611,0.208,0.06814,0.0242,0.1862,58.56,3.7,1728.4,10.76,0.0016122,1.58,212.6,61.54,136.2,174,176.4,59.68,8.05e-06,2.82e-06,60.72,2.532e-06,41.984,1980000.4,55000.8,4.89,14.8,10.44,0.003978,21,63000.4,19360,0.183458
66.44,6140,0.4714,0.0461,0.0126,0.74484,71000,0.0242,0.516,0.4012,0.00462,0.438,0.5064,0.379,0.2774,0.2524,9.23,0.07154,0.05304,0.1524,0.0611,0.208,0.06814,0.0242,0.1862,58.56,3.7,1728.4,10.76,0.0016122,1.58,212.6,61.54,136.2,174,176.4,59.68,8.05e-06,2.82e-06,60.72,2.532e-06,41.984,1980000.4,55000.8,4.89,14.8,10.44,0.003978,21,63000.4,19360,0.183458
66.44,6140,0.4714,0.0461,0.0126,0.74484,71000,0.0242,0.516,0.4012,0.00462,0.39,0.5064,0.379,0.2774,0.2524,9.23,0.07154,0.05304,0.1524,0.0611,0.208,0.06814,0.0242,0.1862,58.56,3.7,1728.4,10.76,0.0016122,1.58,212.6,61.54,136.2,174,176.4,59.68,8.05e-06,2.82e-06,60.72,2.532e-06,41.984,1980000.4,55000.8,4.89,14.8,10.44,0.003978,21,63000.4,19360,0.183458
66.44,6140,0.4714,0.0461,0.0126,0.74484,71000,0.0242,0.516,0.4528,0.00462,0.39,0.5064,0.379,0.2774,0.2524,9.23,0.07154,0.05304,0.1524,0.0611,0.208,0.06814,0.0242,0.1862,58.56,3.7,1728.4,10.76,0.0016122,1.58,212.6,61.54,136.2,174,176.4,59.68,8.05e-06,2.82e-06,60.72,2.532e-06,41.984,1980000.4,55000.8,4.89,14.8,10.44,0.003978,21,63000.4,19360,0.183458
66.44,6140,0.4714,0.0461,0.0126,0.74484,71000,0.0242,0.516,0.4528,0.00462,0.39,0.5064,0.379,0.2774,0.2524,9.23,0.07154,0.05304,0.1524,0.0611,0.208,0.06814,0.0242,0.1862,58.56,3.292,1728.4,10.76,0.0016122,1.58,212.6,61.54,136.2,174,176.4,59.68,8.05e-06,2.82e-06,60.72,2.532e-06,41.984,1980000.4,55000.8,4.89,14.8,10.44,0.003978,21,63000.4,19360,0.183458
66.44,6140,0.4714,0.0461,0.0126,0.74484,71000,0.0242,0.516,0.4528,0.00462,0.39,0.5064,0.379,0.2774,0.2524,9.23,0.07154,0.05304,0.1524,0.0611,0.208,0.06814,0.0242,0.1862,58.56,3.292,1728.4,10.76,0.0016122,1.58,212.6,61.54,136.2,174,176.4,59.68,8.05e-06,2.82e-06,60.72,2.532e-06,41.984,1980000.4,55000.8,4.89,35.5,10.44,0.003978,21,63000.4,19360,0.183458
66.44,6140,0.4714,0.0461,0.0126,0.74484,71000,0.0242,0.516,0.4528,0.00462,0.39,0.5064,0.379,0.2774,0.2524,9.23,0.07154,0.05304,0.1524,0.0611,0.208,0.06814,0.0242,0.1862,58.56,3.292,1728.4,10.76,0.0016122,1.58,212.6,61.54,136.2,174,176.4,59.68,8.05e-06,2.202e-06,60.72,2.532e-06,41.984,1980000.4,55000.8,4.89,35.5,10.44,0.003978,21,63000.4,19360,0.183458
66.44,6140,0.4714,0.0461,0.0126,0.74484,71000,0.0242,0.516,0.4528,0.00462,0.39,0.5064,0.379,0.2774,0.2524,9.23,0.07154,0.05304,0.1524,0.0611,0.208,0.06814,0.0242,0.1862,58.56,3.292,1728.4,10.76,0.0016122,1.58,212.6,61.54,136.2,174,176.4,59.68,8.05e-06,2.202e-06,60.72,2.532e-06,41.984,1980000.4,55000.8,4.89,35.5,10.44,0.003978,21,1,19360,0.183458
66.44,6140,0.4714,0.0461,0.0126,0.74484,71000,0.0242,0.516,0.4528,0.00462,0.39,0.5064,0.379,0.2774,0.2524,9.23,0.07154,0.05304,0.1524,0.0611,0.208,0.06814,0.0242,0.1862,58.56,3.292,1728.4,10.76,0.0016122,1.58,212.6,61.54,136.2,174,176.4,59.68,8.05e-06,2.202e-06,60.72,2.532e-06,140.996,1980000.4,55000.8,4.89,35.5,10.44,0.003978,21,1,19360,0.183458
66.44,6140,0.4714,0.0461,0.0126,0.74484,71000,0.0242,0.516,0.4528,0.00462,0.39,0.5064,0.379,0.2774,0.2524,9.23,0.07154,0.05304,0.1524,0.0611,0.208,0.06814,0.0242,0.149,58.56,3.292,1728.4,10.76,0.0016122,1.58,212.6,61.54,136.2,174,176.4,59.68,8.05e-06,2.202e-06,60.72,2.532e-06,140.996,1980000.4,55000.8,4.89,35.5,10.44,0.003978,21,1,19360,0.183458
66.44,6140,0.4714,0.0461,0.0126,0.74484,71000,0.0242,0.516,0.4528,0.00462,0.39,0.5064,0.379,0.2774,0.2524,9.23,0.07154,0.05304,0.1524,0.0611,0.208,0.06046,0.0242,0.149,58.56,3.292,1728.4,10.76,0.0016122,1.58,212.6,61.54,136.2,174,176.4,59.68,8.05e-06,2.202e-06,60.72,2.532e-06,140.996,1980000.4,55000.8,4.89,35.5,10.44,0.003978,21,1,19360,0.183458
66.44,6140,0.4714,0.0461,0.0126,0.74484,71000,0.0242,0.516,0.4528,0.004116,0.39,0.5064,0.379,0.2774,0.2524,9.23,0.07154,0.05304,0.1524,0.0611,0.208,0.06046,0.0242,0.149,58.56,3.292,1728.4,10.76,0.0016122,1.58,212.6,61.54,136.2,174,176.4,59.68,8.05e-06,2.202e-06,60.72,2.532e-06,140.996,1980000.4,55000.8,4.89,35.5,10.44,0.003978,21,1,19360,0.183458
66.44,6140,0.4714,0.0461,0.0126,1.83,71000,0.0242,0.516,0.4528,0.004116,0.39,0.5064,0.379,0.2774,0.2524,9.23,0.07154,0.05304,0.1524,0.0611,0.208,0.06046,0.0242,0.149,58.56,3.292,1728.4,10.76,0.0016122,1.58,212.6,61.54,136.2,174,176.4,59.68,8.05e-06,2.202e-06,60.72,2.532e-06,140.996,1980000.4,55000.8,4.89,35.5,10.44,0.003978,21,1,19360,0.183458
66.44,6140,0.4714,0.0461,0.0126,1.83,71000,0.0242,0.516,0.4528,0.004116,0.39,0.5064,0.379,0.2774,0.2524,9.23,0.07154,0.05304,0.1524,0.0611,0.208,0.06046,0.0242,0.149,58.56,3.292,1,10.76,0.0016122,1.58,212.6,61.54,136.2,174,176.4,59.68,8.05e-06,2.202e-06,60.72,2.532e-06,140.996,1980000.4,55000.8,4.89,35.5,10.44,0.003978,21,1,19360,0.183458
66.44,6140,0.4714,0.0461,0.0126,1.83,71000,0.0242,0.516,0.4528,0.004116,0.39,0.5064,0.379,0.2774,0.2524,9.23,0.07154,0.0468,0.1524,0.0611,0.208,0.06046,0.0242,0.149,58.56,3.292,1,10.76,0.0016122,1.58,212.6,61.54,136.2,174,176.4,59.68,8.05e-06,2.202e-06,60.72,2.532e-06,140.996,1980000.4,55000.8,4.89,35.5,10.44,0.003978,21,1,19360,0.183458
66.44,6140,0.4714,0.0461,0.0126,1.83,71000,0.0242,0.516,0.4528,0.004116,0.39,0.5064,0.379,0.2774,0.2524,9.23,0.07154,0.0468,0.1524,0.0611,0.208,0.06046,0.0242,0.149,58.56,3.292,1,10.76,0.0016122,1.58,212.6,61.54,136.2,174,176.4,59.68,8.05e-06,2.202e-06,60.72,2.532e-06,140.996,1980000.4,55000.8,4.89,35.5,10.44,0.003978,21,1,17140,0.183458
66.44,6140,0.4714,0.0461,0.0126,1.83,71000,0.0242,0.516,0.4528,0.004116,0.39,0.5064,0.379,0.2774,0.2524,9.23,0.07154,0.0468,0.1524,0.0611,0.208,0.06046,0.0242,0.149,58.56,3.292,1,10.76,0.0016122,1.58,212.6,61.54,136.2,174,176.4,59.68,8.05e-06,2.202e-06,60.72,2.532e-06,140.996,1980000.4,55000.8,4.89,35.5,10.44,0.003978,52.2,1,17140,0.183458
66.44,6140,0.4714,0.0461,0.0126,1.83,71000,0.0242,0.516,0.4528,0.004116,0.39,0.5064,0.379,0.2774,0.2524,9.23,0.07154,0.0468,0.1524,0.0611,0.208,0.06046,0.0242,0.149,58.56,3.292,1,10.76,0.0016122,1.58,212.6,61.54,136.2,174,176.4,59.68,8.05e-06,2.202e-06,60.72,2.532e-06,140.996,1980000.4,55000.8,4.89,35.5,3.36,0.003978,52.2,1,17140,0.183458
66.44,6140,0.4714,0.0461,0.0126,1.83,71000,0.0272,0.516,0.4528,0.004116,0.39,0.5064,0.379,0.2774,0.2524,9.23,0.07154,0.0468,0.1524,0.0611,0.208,0.06046,0.0242,0.149,58.56,3.292,1,10.76,0.0016122,1.58,212.6,61.54,136.2,174,176.4,59.68,8.05e-06,2.202e-06,60.72,2.532e-06,140.996,1980000.4,55000.8,4.89,35.5,3.36,0.003978,52.2,1,17140,0.183458
66.44,6140,0.4714,0.0461,0.0126,1.83,71000,0.0272,0.516,0.4528,0.004116,0.39,0.5064,0.379,0.2774,0.2524,9.23,0.07154,0.0468,0.1524,0.0611,0.208,0.06046,0.0242,0.149,58.56,3.292,1,10.76,0.0016122,3.32,212.6,61.54,136.2,174,176.4,59.68,8.05e-06,2.202e-06,60.72,2.532e-06,140.996,1980000.4,55000.8,4.89,35.5,3.36,0.003978,52.2,1,17140,0.183458
66.44,6140,0.4714,0.0461,0.0126,1.83,71000,0.0272,0.516,0.4528,0.004116,0.39,0.5064,0.379,0.2774,0.2524,9.23,0.07154,0.0468,0.1524,0.0689,0.208,0.06046,0.0242,0.149,58.56,3.292,1,10.76,0.0016122,3.32,212.6,61.54,136.2,174,176.4,59.68,8.05e-06,2.202e-06,60.72,2.532e-06,140.996,1980000.4,55000.8,4.89,35.5,3.36,0.003978,52.2,1,17140,0.183458
66.44,6140,0.4714,0.0461,0.0126,1.83,71000,0.0272,0.516,0.4528,0.004116,0.39,0.5064,0.379,0.2774,0.2524,9.23,0.07154,0.0468,0.1524,0.0689,0.208,0.06046,0.0242,0.149,58.56,3.292,1,10.76,0.0016122,3.32,212.6,61.54,136.2,174,176.4,59.68,8.05e-06,2.202e-06,60.72,2.532e-06,140.996,1980000.4,55000.8,4.89,35.5,3.36,0.003978,52.2,1,17140,0.046832
66.44,6140,0.4714,0.0461,0.0126,1.83,71000,0.0272,0.516,0.4528,0.004116,0.39,0.5064,0.379,0.311,0.2524,9.23,0.07154,0.0468,0.1524,0.0689,0.208,0.06046,0.0242,0.149,58.56,3.292,1,10.76,0.0016122,3.32,212.6,61.54,136.2,174,176.4,59.68,8.05e-06,2.202e-06,60.72,2.532e-06,140.996,1980000.4,55000.8,4.89,35.5,3.36,0.003978,52.2,1,17140,0.046832
66.44,6140,0.4714,0.0461,0.0126,1.83,71000,0.0272,0.516,0.4528,0.004116,0.39,0.5064,0.427,0.311,0.2524,9.23,0.07154,0.0468,0.1524,0.0689,0.208,0.06046,0.0242,0.149,58.56,3.292,1,10.76,0.0016122,3.32,212.6,61.54,136.2,174,176.4,59.68,8.05e-06,2.202e-06,60.72,2.532e-06,140.996,1980000.4,55000.8,4.89,35.5,3.36,0.003978,52.2,1,17140,0.046832
66.44,6140,0.4714,0.0461,0.0126,1.83,71000,0.0272,0.516,0.4528,0.004116,0.39,0.5064,0.427,0.311,0.2524,9.23,0.07154,0.0468,0.1524,0.0689,0.208,0.06046,0.0242,0.149,58.56,3.292,1,10.76,0.0016122,3.32,212.6,61.54,136.2,154.8,176.4,59.68,8.05e-06,2.202e-06,60.72,2.532e-06,140.996,1980000.4,55000.8,4.89,35.5,3.36,0.003978,52.2,1,17140,0.046832
66.44,6140,0.4714,0.0461,0.0126,1.83,71000,0.0272,0.516,0.4528,0.004116,0.39,0.5064,0.427,0.311,0.2524,9.23,0.07154,0.0468,0.1524,0.0689,0.208,0.06046,0.0242,0.149,58.56,3.292,1,10.76,0.0016122,3.32,212.6,61.54,136.2,154.8,176.4,59.68,8.05e-06,2.202e-06,12.3,2.532e-06,140.996,1980000.4,55000.8,4.89,35.5,3.36,0.003978,52.2,1,17140,0.046832
66.44,6140,0.4714,0.0461,0.0126,1.83,71000,0.0272,0.516,0.4528,0.004116,0.39,0.5064,0.427,0.311,0.2524,9.23,0.07154,0.0468,0.1524,0.0689,0.208,0.06046,0.0242,0.149,58.56,3.292,1,10.76,0.0016122,3.32,212.6,69.1,136.2,154.8,176.4,59.68,8.05e-06,2.202e-06,12.3,2.532e-06,140.996,1980000.4,55000.8,4.89,35.5,3.36,0.003978,52.2,1,17140,0.046832
66.44,6140,0.4714,0.0461,0.0126,1.83,71000,0.0272,0.5844,0.4528,0.004116,0.39,0.5064,0.427,0.311,0.2524,9.23,0.07154,0.0468,0.1524,0.0689,0.208,0.06046,0.0242,0.149,58.56,3.292,1,10.76,0.0016122,3.32,212.6,69.1,136.2,154.8,176.4,59.68,8.05e-06,2.202e-06,12.3,2.532e-06,140.996,1980000.4,55000.8,4.89,35.5,3.36,0.003978,52.2,1,17140,0.046832
66.44,6140,0.4714,0.0461,0.01428,1.83,71000,0.0272,0.5844,0.4528,0.004116,0.39,0.5064,0.427,0.311,0.2524,9.23,0.07154,0.0468,0.1524,0.0689,0.208,0.06046,0.0242,0.149,58.56,3.292,1,10.76,0.0016122,3.32,212.6,69.1,136.2,154.8,176.4,59.68,8.05e-06,2.202e-06,12.3,2.532e-06,140.996,1980000.4,55000.8,4.89,35.5,3.36,0.003978,52.2,1,17140,0.046832
81.86,5778,0.501,0.0443,0.0126,0.38312,50000,0.0272,0.5844,0.4528,0.004452,0.39,0.5064,0.443,0.2998,0.223,10.886,0.07154,0.04888,0.158,0.0715,0.216,0.06302,0.02332,0.149,73.92,3.02,1728.4,12.44,0.0004488,3.32,203.8,61.54,130.8,174,190.8,59.68,7.458e-06,2.408e-06,44.58,2.532e-06,107.992,2640000.2,110000.6,8.426,28.6,1,0.005022,31.4,1,16400,0.229
81.86,5778,0.501,0.0443,0.0126,0.38312,50000,0.0272,0.5844,0.4528,0.004452,0.39,0.5064,0.443,0.2998,0.223,10.886,0.07154,0.04888,0.158,0.0715,0.216,0.06302,0.02332,0.149,73.92,3.02,1728.4,12.44,0.0016122,3.32,203.8,61.54,130.8,174,190.8,59.68,7.458e-06,2.408e-06,44.58,2.532e-06,107.992,2640000.2,110000.6,8.426,28.6,1,0.005022,31.4,1,16400,0.229
81.86,5778,0.501,0.0443,0.0126,0.38312,62600,0.0272,0.5844,0.4528,0.004452,0.39,0.5064,0.443,0.2998,0.223,10.886,0.07154,0.04888,0.158,0.0715,0.216,0.06302,0.02332,0.149,73.92,3.02,1728.4,12.44,0.0016122,3.32,203.8,61.54,130.8,174,190.8,59.68,7.458e-06,2.408e-06,44.58,2.532e-06,107.992,2640000.2,110000.6,8.426,28.6,1,0.005022,31.4,1,16400,0.229
81.86,5778,0.501,0.0443,0.0126,0.38312,62600,0.0272,0.5844,0.4528,0.004452,0.39,0.5064,0.443,0.2998,0.223,10.886,0.07154,0.04888,0.158,0.0715,0.216,0.06302,0.02332,0.149,73.92,3.02,1728.4,12.44,0.0016122,3.32,230.2,61.54,130.8,174,190.8,59.68,7.458e-06,2.408e-06,44.58,2.532e-06,107.992,2640000.2,110000.6,8.426,28.6,1,0.005022,31.4,1,16400,0.229
81.86,5778,0.501,0.0443,0.0126,0.38312,62600,0.0272,0.5844,0.4528,0.004452,0.39,0.5064,0.443,0.2998,0.223,10.886,0.07154,0.04888,0.158,0.0715,0.216,0.06302,0.02332,0.149,73.92,3.02,1,12.44,0.0016122,3.32,230.2,61.54,130.8,174,190.8,59.68,7.458e-06,2.408e-06,44.58,2.532e-06,107.992,2640000.2,110000.6,8.426,28.6,1,0.005022,31.4,1,16400,0.229
81.86,5778,0.501,0.0443,0.0126,0.38312,62600,0.0272,0.5844,0.4528,0.004452,0.39,0.5064,0.443,0.2998,0.223,10.886,0.07154,0.04888,0.158,0.0715,0.216,0.06302,0.02332,0.149,73.92,3.02,1,12.44,0.0016122,3.32,230.2,61.54,130.8,174,190.8,59.68,7.458e-06,2.408e-06,93,2.532e-06,107.992,2640000.2,110000.6,8.426,28.6,1,0.005022,31.4,1,16400,0.229
81.86,5778,0.501,0.0497,0.0126,0.38312,62600,0.0272,0.5844,0.4528,0.004452,0.39,0.5064,0.443,0.2998,0.223,10.886,0.07154,0.04888,0.158,0.0715,0.216,0.06302,0.02332,0.149,73.92,3.02,1,12.44,0.0016122,3.32,230.2,61.54,130.8,174,190.8,59.68,7.458e-06,2.408e-06,93,2.532e-06,107.992,2640000.2,110000.6,8.426,28.6,1,0.005022,31.4,1,16400,0.229
81.86,5778,0.501,0.0497,0.0126,0.38312,62600,0.0272,0.5844,0.4528,0.004452,0.39,0.5064,0.443,0.2998,0.223,10.886,0.07154,0.04888,0.158,0.0715,0.216,0.06302,0.02332,0.149,73.92,3.02,1,12.44,0.0016122,3.32,230.2,61.54,130.8,174,190.8,59.68,7.458e-06,2.408e-06,93,2.532e-06,107.992,660000.8,110000.6,8.426,28.6,1,0.005022,31.4,1,16400,0.229
81.86,5778,0.501,0.0497,0.0126,0.38312,62600,0.0272,0.5844,0.4528,0.004452,0.39,0.5706,0.443,0.2998,0.223,10.886,0.07154,0.04888,0.158,0.0715,0.216,0.06302,0.02332,0.149,73.92,3.02,1,12.44,0.0016122,3.32,230.2,61.54,130.8,174,190.8,59.68,7.458e-06,2.408e-06,93,2.532e-06,107.992,660000.8,110000.6,8.426,28.6,1,0.005022,31.4,1,16400,0.229
81.86,5778,0.501,0.0497,0.0126,0.38312,62600,0.0272,0.5844,0.4528,0.004452,0.39,0.5706,0.443,0.2998,0.223,10.886,0.07154,0.04888,0.158,0.0715,0.216,0.06302,0.02332,0.1862,73.92,3.02,1,12.44,0.0016122,3.32,230.2,61.54,130.8,174,190.8,59.68,7.458e-06,2.408e-06,93,2.532e-06,107.992,660000.8,110000.6,8.426,28.6,1,0.005022,31.4,1,16400,0.229
66.44,5778,0.501,0.0497,0.0126,0.38312,62600,0.0272,0.5844,0.4528,0.004452,0.39,0.5706,0.443,0.2998,0.223,10.886,0.07154,0.04888,0.158,0.0715,0.216,0.06302,0.02332,0.1862,73.92,3.02,1,12.44,0.0016122,3.32,230.2,61.54,130.8,174,190.8,59.68,7.458e-06,2.408e-06,93,2.532e-06,107.992,660000.8,110000.6,8.426,28.6,1,0.005022,31.4,1,16400,0.229
66.44,5778,0.501,0.0497,0.0126,0.38312,62600,0.0272,0.5844,0.4528,0.004452,0.39,0.5706,0.443,0.2998,0.223,10.886,0.07154,0.04888,0.158,0.0715,0.216,0.06302,0.02332,0.1862,73.92,3.02,1,12.44,0.0016122,3.32,230.2,61.54,130.8,174,190.8,67,7.458e-06,2.408e-06,93,2.532e-06,107.992,660000.8,110000.6,8.426,28.6,1,0.005022,31.4,1,16400,0.229
66.44,5778,0.501,0.0497,0.0126,0.38312,62600,0.0272,0.5844,0.4528,0.004452,0.39,0.5706,0.443,0.2998,0.223,10.886,0.07154,0.05512,0.158,0.0715,0.216,0.06302,0.02332,0.1862,73.92,3.02,1,12.44,0.0016122,3.32,230.2,61.54,130.8,174,190.8,67,7.458e-06,2.408e-06,93,2.532e-06,107.992,660000.8,110000.6,8.426,28.6,1,0.005022,31.4,1,16400,0.229
66.44,5778,0.501,0.0497,0.0126,0.38312,62600,0.0272,0.5844,0.4528,0.004452,0.39,0.5706,0.443,0.2998,0.223,10.886,0.07154,0.05512,0.1412,0.0715,0.216,0.06302,0.02332,0.1862,73.92,3.02,1,12.44,0.0016122,3.32,230.2,61.54,130.8,174,190.8,67,7.458e-06,2.408e-06,93,2.532e-06,107.992,660000.8,110000.6,8.426,28.6,1,0.005022,31.4,1,16400,0.229
66.44,5778,0.501,0.0497,0.0126,0.38312,62600,0.0272,0.5844,0.4528,0.004452,0.39,0.5706,0.443,0.2998,0.223,10.886,0.07154,0.05512,0.1412,0.0715,0.216,0.06302,0.02332,0.1862,73.92,3.02,1,12.44,0.0016122,3.32,230.2,61.54,130.8,174,190.8,67,7.458e-06,2.408e-06,93,2.532e-06,107.992,660000.8,110000.6,5.774,28.6,1,0.005022,31.4,1,16400,0.229
66.44,5778,0.501,0.0497,0.0126,0.38312,62600,0.0272,0.5844,0.4528,0.004452,0.39,0.5706,0.443,0.2998,0.223,10.886,0.07154,0.05512,0.1412,0.0715,0.216,0.06302,0.02332,0.1862,73.92,3.02,1,12.44,0.0016122,3.32,230.2,61.54,130.8,174,190.8,67,7.458e-06,2.408e-06,93,2.532e-06,107.992,660000.8,110000.6,5.774,28.6,1,0.005022,31.4,63000.4,16400,0.229
66.44,5778,0.4122,0.0497,0.0126,0.38312,62600,0.0272,0.5844,0.4528,0.004452,0.39,0.5706,0.443,0.2998,0.223,10.886,0.07154,0.05512,0.1412,0.0715,0.216,0.06302,0.02332,0.1862,73.92,3.02,1,12.44,0.0016122,3.32,230.2,61.54,130.8,174,190.8,67,7.458e-06,2.408e-06,93,2.532e-06,107.992,660000.8,110000.6,5.774,28.6,1,0.005022,31.4,63000.4,16400,0.229
66.44,5778,0.4122,0.0497,0.0126,0.38312,62600,0.0272,0.5844,0.4528,0.004452,0.39,0.5706,0.395,0.2998,0.223,10.886,0.07154,0.05512,0.1412,0.0715,0.216,0.06302,0.02332,0.1862,73.92,3.02,1,12.44,0.0016122,3.32,230.2,61.54,130.8,174,190.8,67,7.458e-06,2.408e-06,93,2.532e-06,107.992,660000.8,110000.6,5.774,28.6,1,0.005022,31.4,63000.4,16400,0.229
66.44,5778,0.4122,0.0497,0.0126,0.38312,62600,0.0242,0.5844,0.4528,0.004452,0.39,0.5706,0.395,0.2998,0.223,10.886,0.07154,0.05512,0.1412,0.0715,0.216,0.06302,0.02332,0.1862,73.92,3.02,1,12.44,0.0016122,3.32,230.2,61.54,130.8,174,190.8,67,7.458e-06,2.408e-06,93,2.532e-06,107.992,660000.8,110000.6,5.774,28.6,1,0.005022,31.4,63000.4,16400,0.229
66.44,5778,0.4122,0.0497,0.0126,0.38312,62600,0.0242,0.516,0.4528,0.004452,0.39,0.5706,0.395,0.2998,0.223,10.886,0.07154,0.05512,0.1412,0.0715,0.216,0.06302,0.02332,0.1862,73.92,3.02,1,12.44,0.0016122,3.32,230.2,61.54,130.8,174,190.8,67,7.458e-06,2.408e-06,93,2.532e-06,107.992,660000.8,110000.6,5.774,28.6,1,0.005022,31.4,63000.4,16400,0.229
66.44,5778,0.4122,0.0497,0.0126,0.38312,62600,0.0242,0.516,0.4528,0.004452,0.39,0.5706,0.395,0.2998,0.223,10.886,0.07154,0.05512,0.1412,0.0715,0.216,0.06302,0.02332,0.1862,73.92,3.02,1,10.76,0.0016122,3.32,230.2,61.54,130.8,174,190.8,67,7.458e-06,2.408e-06,93,2.532e-06,107.992,660000.8,110000.6,5.774,28.6,1,0.005022,31.4,63000.4,16400,0.229
66.44,5778,0.4122,0.0497,0.0126,0.38312,62600,0.0242,0.516,0.4528,0.004452,0.39,0.5706,0.395,0.2998,0.223,10.886,0.07154,0.05512,0.1412,0.0715,0.216,0.06302,0.02332,0.1862,73.92,3.02,1,10.76,0.0016122,3.32,230.2,61.54,130.8,174,190.8,67,7.458e-06,2.408e-06,93,2.532e-06,107.992,660000.8,110000.6,5.774,28.6,1,0.005022,62.6,63000.4,16400,0.229
66.44,5778,0.4122,0.0497,0.0126,0.38312,62600,0.0242,0.516,0.4528,0.004452,0.39,0.5706,0.395,0.2998,0.223,10.886,0.07154,0.05512,0.1412,0.0715,0.216,0.06302,0.02332,0.1862,73.92,3.02,1,10.76,0.0016122,3.32,230.2,61.54,147,174,190.8,67,7.458e-06,2.408e-06,93,2.532e-06,107.992,660000.8,110000.6,5.774,28.6,1,0.005022,62.6,63000.4,16400,0.229
66.44,5778,0.4122,0.0497,0.0126,0.38312,62600,0.0242,0.516,0.4528,0.004452,0.39,0.5706,0.395,0.2998,0.2524,10.886,0.07154,0.05512,0.1412,0.0715,0.216,0.06302,0.02332,0.1862,73.92,3.02,1,10.76,0.0016122,3.32,230.2,61.54,147,174,190.8,67,7.458e-06,2.408e-06,93,2.532e-06,107.992,660000.8,110000.6,5.774,28.6,1,0.005022,62.6,63000.4,16400,0.229
66.44,5778,0.4122,0.0497,0.0126,0.38312,62600,0.0242,0.516,0.4528,0.004452,0.39,0.5706,0.395,0.2998,0.2524,10.886,0.07154,0.05512,0.1412,0.0715,0.216,0.06302,0.02332,0.1862,73.92,3.02,1,10.76,0.0016122,3.32,230.2,61.54,147,174,190.8,67,7.458e-06,2.408e-06,93,2.532e-06,107.992,660000.8,110000.6,5.774,28.6,1,0.003978,62.6,63000.4,16400,0.229
66.44,5778,0.4122,0.0497,0.0126,0.38312,62600,0.0242,0.516,0.4528,0.004452,0.39,0.5706,0.395,0.2998,0.2524,10.886,0.07154,0.05512,0.1412,0.0715,0.216,0.06302,0.02068,0.1862,73.92,3.02,1,10.76,0.0016122,3.32,230.2,61.54,147,174,190.8,67,7.458e-06,2.408e-06,93,2.532e-06,107.992,660000.8,110000.6,5.774,28.6,1,0.003978,62.6,63000.4,16400,0.229
66.44,5778,0.4122,0.0497,0.0126,0.38312,62600,0.0242,0.516,0.4012,0.004452,0.39,0.5706,0.395,0.2998,0.2524,10.886,0.07154,0.05512,0.1412,0.0715,0.216,0.06302,0.02068,0.1862,73.92,3.02,1,10.76,0.0016122,3.32,230.2,61.54,147,174,190.8,67,7.458e-06,2.408e-06,93,2.532e-06,107.992,660000.8,110000.6,5.774,28.6,1,0.003978,62.6,63000.4,16400,0.229
66.44,5778,0.4122,0.0497,0.0126,0.38312,62600,0.0242,0.516,0.4012,0.004452,0.39,0.5706,0.395,0.2998,0.2524,10.886,0.07154,0.05512,0.1412,0.0637,0.216,0.06302,0.02068,0.1862,73.92,3.02,1,10.76,0.0016122,3.32,230.2,61.54,147,174,190.8,67,7.458e-06,2.408e-06,93,2.532e-06,107.992,660000.8,110000.6,5.774,28.6,1,0.003978,62.6,63000.4,16400,0.229
66.44,5778,0.4122,0.0497,0.0126,0.38312,62600,0.0242,0.516,0.4012,0.003948,0.39,0.5706,0.395,0.2998,0.2524,10.886,0.07154,0.05512,0.1412,0.0637,0.216,0.06302,0.02068,0.1862,73.92,3.02,1,10.76,0.0016122,3.32,230.2,61.54,147,174,190.8,67,7.458e-06,2.408e-06,93,2.532e-06,107.992,660000.8,110000.6,5.774,28.6,1,0.003978,62.6,63000.4,16400,0.229
66.44,5778,0.4122,0.0497,0.0126,0.38312,62600,0.0242,0.516,0.4012,0.003948,0.39,0.5706,0.395,0.2998,0.2524,10.886,0.07154,0.05512,0.1412,0.0637,0.216,0.06302,0.02068,0.1862,73.92,3.02,1,10.76,0.0016122,3.32,230.2,61.54,147,174,190.8,67,7.458e-06,2.408e-06,93,2.532e-06,107.992,660000.8,110000.6,5.774,28.6,8.08,0.003978,62.6,63000.4,16400,0.229
66.44,5778,0.4122,0.0497,0.0126,0.38312,62600,0.0242,0.516,0.4012,0.003948,0.39,0.5706,0.395,0.2998,0.2524,10.886,0.07154,0.05512,0.1412,0.0637,0.216,0.06302,0.02068,0.1862,73.92,3.02,1,10.76,0.0016122,3.32,230.2,61.54,147,174,190.8,67,6.57e-06,2.408e-06,93,2.532e-06,107.992,660000.8,110000.6,5.774,28.6,8.08,0.003978,62.6,63000.4,16400,0.229
66.44,5778,0.4122,0.0497,0.0126,0.38312,62600,0.0242,0.516,0.4012,0.003948,0.39,0.5706,0.395,0.2998,0.2524,10.886,0.07154,0.05512,0.1412,0.0637,0.216,0.06302,0.02068,0.1862,73.92,3.02,1,10.76,0.0016122,3.32,230.2,61.54,147,174,190.8,67,6.57e-06,2.408e-06,93,2.532e-06,107.992,660000.8,110000.6,5.774,28.6,8.08,0.003978,62.6,63000.4,18620,0.229
66.44,5778,0.4122,0.0497,0.0126,0.38312,62600,0.0242,0.516,0.4012,0.003948,0.39,0.5706,0.395,0.2998,0.2524,10.886,0.08066,0.05512,0.1412,0.0637,0.216,0.06302,0.02068,0.1862,73.92,3.02,1,10.76,0.0016122,3.32,230.2,61.54,147,174,190.8,67,6.57e-06,2.408e-06,93,2.532e-06,107.992,660000.8,110000.6,5.774,28.6,8.08,0.003978,62.6,63000.4,18620,0.229
66.44,5778,0.4122,0.0497,0.0126,0.38312,62600,0.0242,0.516,0.4012,0.003948,0.39,0.5706,0.395,0.2998,0.2524,10.886,0.08066,0.05512,0.1412,0.0637,0.216,0.06302,0.02068,0.1862,73.92,3.02,1,10.76,0.0016122,3.32,230.2,61.54,147,174,190.8,67,6.57e-06,2.408e-06,93,2.532e-06,107.992,660000.8,275000,5.774,28.6,8.08,0.003978,62.6,63000.4,18620,0.229
66.44,5778,0.4122,0.0497,0.01428,0.38312,62600,0.0242,0.516,0.4012,0.003948,0.39,0.5706,0.395,0.2998,0.2524,10.886,0.08066,0.05512,0.1412,0.0637,0.216,0.06302,0.02068,0.1862,73.92,3.02,1,10.76,0.0016122,3.32,230.2,61.54,147,174,190.8,67,6.57e-06,2.408e-06,93,2.532e-06,107.992,660000.8,275000,5.774,28.6,8.08,0.003978,62.6,63000.4,18620,0.229
66.44,5778,0.4122,0.0497,0.01428,0.38312,62600,0.0242,0.516,0.4012,0.003948,0.39,0.5706,0.395,0.2998,0.2524,10.886,0.08066,0.05512,0.1412,0.0637,0.216,0.06302,0.02068,0.1862,73.92,3.02,1,10.76,0.0016122,3.32,230.2,61.54,147,174,190.8,67,6.57e-06,2.408e-06,93,2.532e-06,107.992,660000.8,275000,5.774,7.9,8.08,0.003978,62.6,63000.4,18620,0.229
66.44,5778,0.4122,0.0497,0.01428,0.38312,62600,0.0242,0.516,0.4012,0.003948,0.39,0.5706,0.395,0.2998,0.2524,10.886,0.08066,0.05512,0.1412,0.0637,0.216,0.06302,0.02068,0.1862,73.92,3.02,1,10.76,0.0016122,1.58,230.2,61.54,147,174,190.8,67,6.57e-06,2.408e-06,93,2.532e-06,107.992,660000.8,275000,5.774,7.9,8.08,0.003978,62.6,63000.4,18620,0.229
66.44,5778,0.4122,0.0497,0.01428,0.38312,62600,0.0242,0.516,0.4012,0.003948,0.39,0.5706,0.395,0.2998,0.2524,10.886,0.08066,0.05512,0.1412,0.0637,0.216,0.06302,0.02068,0.1862,73.92,3.02,1,10.76,0.0016122,1.58,230.2,61.54,147,174,190.8,67,6.57e-06,2.408e-06,93,2.532e-06,8.98,660000.8,275000,5.774,7.9,8.08,0.003978,62.6,63000.4,18620,0.229
66.44,5778,0.4122,0.0497,0.01428,1.46828,62600,0.0242,0.516,0.4012,0.003948,0.39,0.5706,0.395,0.2998,0.2524,10.886,0.08066,0.05512,0.1412,0.0637,0.216,0.06302,0.02068,0.1862,73.92,3.02,1,10.76,0.0016122,1.58,230.2,61.54,147,174,190.8,67,6.57e-06,2.408e-06,93,2.532e-06,8.98,660000.8,275000,5.774,7.9,8.08,0.003978,62.6,63000.4,18620,0.229
66.44,5778,0.4122,0.0497,0.01428,1.46828,62600,0.0242,0.516,0.4012,0.003948,0.39,0.5706,0.395,0.2998,0.2524,10.886,0.08066,0.05512,0.1412,0.0637,0.216,0.06302,0.02068,0.1862,73.92,3.02,1,10.76,0.0016122,1.58,230.2,61.54,147,174,190.8,67,6.57e-06,1.79e-06,93,2.532e-06,8.98,660000.8,275000,5.774,7.9,8.08,0.003978,62.6,63000.4,18620,0.229
66.44,5778,0.4122,0.0497,0.01428,1.46828,62600,0.0242,0.516,0.4012,0.003948,0.39,0.5706,0.395,0.2998,0.2524,10.886,0.08066,0.05512,0.1412,0.0637,0.192,0.06302,0.02068,0.1862,73.92,3.02,1,10.76,0.0016122,1.58,230.2,61.54,147,174,190.8,67,6.57e-06,1.79e-06,93,2.532e-06,8.98,660000.8,275000,5.774,7.9,8.08,0.003978,62.6,63000.4,18620,0.229
66.44,5778,0.4122,0.0497,0.01428,1.46828,62600,0.0242,0.516,0.4012,0.003948,0.39,0.5706,0.395,0.2998,0.2524,9.644,0.08066,0.05512,0.1412,0.0637,0.192,0.06302,0.02068,0.1862,73.92,3.02,1,10.76,0.0016122,1.58,230.2,61.54,147,174,190.8,67,6.57e-06,1.79e-06,93,2.532e-06,8.98,660000.8,275000,5.774,7.9,8.08,0.003978,62.6,63000.4,18620,0.229
66.44,5778,0.4122,0.0497,0.01428,1.46828,62600,0.0242,0.516,0.4012,0.003948,0.39,0.5706,0.395,0.2998,0.2524,9.644,0.08066,0.05512,0.1412,0.0637,0.192,0.06302,0.02068,0.1862,73.92,3.02,1,10.76,0.0016122,1.58,230.2,61.54,147,154.8,190.8,67,6.57e-06,1.79e-06,93,2.532e-06,8.98,660000.8,275000,5.774,7.9,8.08,0.003978,62.6,63000.4,18620,0.229
66.44,5778,0.4122,0.0497,0.01428,1.46828,62600,0.0242,0.516,0.4012,0.003948,0.39,0.5706,0.395,0.2998,0.2524,9.644,0.08066,0.05512,0.1412,0.0637,0.192,0.06302,0.02068,0.1862,73.92,3.02,1,10.76,0.0016122,1.58,230.2,61.54,147,154.8,190.8,67,6.57e-06,1.79e-06,93,3.51e-06,8.98,660000.8,275000,5.774,7.9,8.08,0.003978,62.6,63000.4,18620,0.229
66.44,5778,0.4122,0.0497,0.01428,1.46828,62600,0.0242,0.516,0.4012,0.003948,0.39,0.5706,0.395,0.2998,0.2524,9.644,0.08066,0.05512,0.1412,0.0637,0.192,0.06302,0.02068,0.1862,73.92,3.02,1,10.76,0.0016122,1.58,230.2,61.54,147,154.8,169.2,67,6.57e-06,1.79e-06,93,3.51e-06,8.98,660000.8,275000,5.774,7.9,8.08,0.003978,62.6,63000.4,18620,0.229
66.44,5778,0.4122,0.0497,0.01428,1.46828,62600,0.0242,0.516,0.4012,0.003948,0.39,0.5706,0.395,0.2998,0.2524,9.644,0.08066,0.05512,0.1412,0.0637,0.192,0.06302,0.02068,0.1862,73.92,3.02,1,10.76,0.0016122,1.58,230.2,69.1,147,154.8,169.2,67,6.57e-06,1.79e-06,93,3.51e-06,8.98,660000.8,275000,5.774,7.9,8.08,0.003978,62.6,63000.4,18620,0.229
66.44,5778,0.4122,0.0497,0.01428,1.46828,62600,0.0242,0.516,0.4012,0.003948,0.39,0.5706,0.395,0.2998,0.2524,9.644,0.08066,0.05512,0.1412,0.0637,0.192,0.06302,0.02068,0.1862,73.92,3.02,1,10.76,0.0016122,1.58,230.2,69.1,147,154.8,169.2,67,6.57e-06,1.79e-06,93,3.51e-06,8.98,660000.8,275000,5.774,7.9,8.08,0.003978,62.6,63000.4,18620,0.092374
66.44,5778,0.4122,0.0497,0.01428,1.46828,62600,0.0242,0.516,0.4012,0.003948,0.438,0.5706,0.395,0.2998,0.2524,9.644,0.08066,0.05512,0.1412,0.0637,0.192,0.06302,0.02068,0.1862,73.92,3.02,1,10.76,0.0016122,1.58,230.2,69.1,147,154.8,169.2,67,6.57e-06,1.79e-06,93,3.51e-06,8.98,660000.8,275000,5.774,7.9,8.08,0.003978,62.6,63000.4,18620,0.092374
66.44,5778,0.4122,0.0497,0.01428,1.46828,62600,0.0242,0.516,0.4012,0.003948,0.438,0.5706,0.395,0.2998,0.2524,9.644,0.08066,0.05512,0.1412,0.0637,0.192,0.06302,0.02068,0.1862,73.92,3.428,1,10.76,0.0016122,1.58,230.2,69.1,147,154.8,169.2,67,6.57e-06,1.79e-06,93,3.51e-06,8.98,660000.8,275000,5.774,7.9,8.08,0.003978,62.6,63000.4,18620,0.092374
66.44,5778,0.4122,0.0497,0.01428,1.46828,62600,0.0242,0.516,0.4012,0.003948,0.438,0.5706,0.395,0.2662,0.2524,9.644,0.08066,0.05512,0.1412,0.0637,0.192,0.06302,0.02068,0.1862,73.92,3.428,1,10.76,0.0016122,1.58,230.2,69.1,147,154.8,169.2,67,6.57e-06,1.79e-06,93,3.51e-06,8.98,660000.8,275000,5.774,7.9,8.08,0.003978,62.6,63000.4,18620,0.092374
66.44,5778,0.4122,0.0497,0.01428,1.46828,62600,0.0242,0.516,0.4012,0.003948,0.438,0.5706,0.395,0.2662,0.2524,9.644,0.08066,0.05512,0.1412,0.0637,0.192,0.06302,0.02068,0.1862,120,3.428,1,10.76,0.0016122,1.58,230.2,69.1,147,154.8,169.2,67,6.57e-06,1.79e-06,93,3.51e-06,8.98,660000.8,275000,5.774,7.9,8.08,0.003978,62.6,63000.4,18620,0.092374
66.44,4692,0.4122,0.0497,0.01428,1.46828,62600,0.0242,0.516,0.4012,0.003948,0.438,0.5706,0.395,0.2662,0.2524,9.644,0.08066,0.05512,0.1412,0.0637,0.192,0.06302,0.02068,0.1862,120,3.428,1,10.76,0.0016122,1.58,230.2,69.1,147,154.8,169.2,67,6.57e-06,1.79e-06,93,3.51e-06,8.98,660000.8,275000,5.774,7.9,8.08,0.003978,62.6,63000.4,18620,0.092374
66.44,4692,0.4122,0.0497,0.01428,1.46828,62600,0.0242,0.516,0.4012,0.003948,0.438,0.5706,0.395,0.2662,0.2524,9.644,0.08066,0.05512,0.1412,0.0637,0.192,0.0707,0.02068,0.1862,120,3.428,1,10.76,0.0016122,1.58,230.2,69.1,147,154.8,169.2,67,6.57e-06,1.79e-06,93,3.51e-06,8.98,660000.8,275000,5.774,7.9,8.08,0.003978,62.6,63000.4,18620,0.092374
61.3,5416,0.3826,0.0497,0.01316,0.0214,54200,0.0272,0.5616,0.4012,0.00378,0.374,0.592,0.443,0.2886,0.2328,10.472,0.0685,0.0572,0.13,0.0715,0.184,0.06814,0.02244,0.211,120,3.7,576.8,12.44,6.1e-05,1.58,212.6,66.58,125.4,167.6,176.4,64.56,6.57e-06,2.202e-06,28.44,2.206e-06,140.996,2640000.2,110000.6,5.774,21.7,1,0.003978,31.4,1,17140,0.00129
61.3,5416,0.3826,0.0497,0.01316,0.0214,54200,0.0272,0.5616,0.4012,0.00378,0.374,0.592,0.443,0.2886,0.2328,10.472,0.0685,0.0572,0.13,0.0715,0.184,0.06814,0.02244,0.211,120,3.7,576.8,12.44,6.1e-05,1.58,212.6,66.58,125.4,167.6,176.4,64.56,6.57e-06,2.202e-06,28.44,2.206e-06,140.996,2640000.2,110000.6,5.774,1,1,0.003978,31.4,1,17140,0.00129
61.3,5416,0.3826,0.0497,0.01316,0.0214,54200,0.0272,0.5616,0.4012,0.00378,0.374,0.592,0.443,0.2886,0.2328,10.472,0.0685,0.0572,0.13,0.0715,0.184,0.06814,0.02244,0.211,120,3.7,576.8,12.44,6.1e-05,1.58,212.6,66.58,125.4,167.6,176.4,64.56,6.57e-06,2.202e-06,28.44,2.206e-06,140.996,2640000.2,110000.6,5.774,1,1,0.003978,31.4,63000.4,17140,0.00129
61.3,5416,0.3826,0.0497,0.01316,0.0214,54200,0.0272,0.5616,0.4012,0.00378,0.374,0.592,0.443,0.2886,0.2328,10.472,0.0685,0.0572,0.13,0.0715,0.184,0.06814,0.02244,0.211,120,3.7,576.8,12.44,6.1e-05,1.58,212.6,66.58,125.4,167.6,176.4,64.56,6.57e-06,2.202e-06,28.44,2.206e-06,140.996,660000.8,110000.6,5.774,1,1,0.003978,31.4,63000.4,17140,0.00129
61.3,5416,0.3826,0.0443,0.01316,0.0214,54200,0.0272,0.5616,0.4012,0.00378,0.374,0.592,0.443,0.2886,0.2328,10.472,0.0685,0.0572,0.13,0.0715,0.184,0.06814,0.02244,0.211,120,3.7,576.8,12.44,6.1e-05,1.58,212.6,66.58,125.4,167.6,176.4,64.56,6.57e-06,2.202e-06,28.44,2.206e-06,140.996,660000.8,110000.6,5.774,1,1,0.003978,31.4,63000.4,17140,0.00129
61.3,5416,0.3826,0.0443,0.01316,0.0214,54200,0.0272,0.5616,0.4012,0.00378,0.374,0.592,0.443,0.2886,0.2328,10.472,0.0685,0.0572,0.13,0.0637,0.184,0.06814,0.02244,0.211,120,3.7,576.8,12.44,6.1e-05,1.58,212.6,66.58,125.4,167.6,176.4,64.56,6.57e-06,2.202e-06,28.44,2.206e-06,140.996,660000.8,110000.6,5.774,1,1,0.003978,31.4,63000.4,17140,0.00129
61.3,5416,0.3826,0.0443,0.01316,0.0214,54200,0.0272,0.5616,0.4528,0.00378,0.374,0.592,0.443,0.2886,0.2328,10.472,0.0685,0.0572,0.13,0.0637,0.184,0.06814,0.02244,0.211,120,3.7,576.8,12.44,6.1e-05,1.58,212.6,66.58,125.4,167.6,176.4,64.56,6.57e-06,2.202e-06,28.44,2.206e-06,140.996,660000.8,110000.6,5.774,1,1,0.003978,31.4,63000.4,17140,0.00129
61.3,5416,0.3826,0.0443,0.01316,0.0214,54200,0.0272,0.5616,0.4528,0.00378,0.374,0.592,0.443,0.2886,0.2328,10.472,0.0685,0.0572,0.13,0.0637,0.184,0.06814,0.02244,0.211,73.92,3.7,576.8,12.44,6.1e-05,1.58,212.6,66.58,125.4,167.6,176.4,64.56,6.57e-06,2.202e-06,28.44,2.206e-06,140.996,660000.8,110000.6,5.774,1,1,0.003978,31.4,63000.4,17140,0.00129
61.3,5416,0.3826,0.0443,0.01316,0.0214,54200,0.0272,0.5616,0.4528,0.00378,0.374,0.592,0.443,0.2886,0.2328,10.472,0.0685,0.05096,0.13,0.0637,0.184,0.06814,0.02244,0.211,73.92,3.7,576.8,12.44,6.1e-05,1.58,212.6,66.58,125.4,167.6,176.4,64.56,6.57e-06,2.202e-06,28.44,2.206e-06,140.996,660000.8,110000.6,5.774,1,1,0.003978,31.4,63000.4,17140,0.00129
61.3,5416,0.3826,0.0443,0.01316,0.0214,54200,0.0272,0.5616,0.4528,0.00378,0.374,0.592,0.443,0.255,0.2328,10.472,0.0685,0.05096,0.13,0.0637,0.184,0.06814,0.02244,0.211,73.92,3.7,576.8,12.44,6.1e-05,1.58,212.6,66.58,125.4,167.6,176.4,64.56,6.57e-06,2.202e-06,28.44,2.206e-06,140.996,660000.8,110000.6,5.774,1,1,0.003978,31.4,63000.4,17140,0.00129
61.3,5416,0.3826,0.0443,0.01316,0.0214,54200,0.0272,0.5616,0.4528,0.00378,0.374,0.592,0.443,0.255,0.2328,10.472,0.0685,0.05096,0.13,0.0637,0.184,0.06046,0.02244,0.211,73.92,3.7,576.8,12.44,6.1e-05,1.58,212.6,66.58,125.4,167.6,176.4,64.56,6.57e-06,2.202e-06,28.44,2.206e-06,140.996,660000.8,110000.6,5.774,1,1,0.003978,31.4,63000.4,17140,0.00129
61.3,5416,0.3826,0.0443,0.01316,0.0214,54200,0.0272,0.5616,0.4528,0.00378,0.374,0.5278,0.443,0.255,0.2328,10.472,0.0685,0.05096,0.13,0.0637,0.184,0.06046,0.02244,0.211,73.92,3.7,576.8,12.44,6.1e-05,1.58,212.6,66.58,125.4,167.6,176.4,64.56,6.57e-06,2.202e-06,28.44,2.206e-06,140.996,660000.8,110000.6,5.774,1,1,0.003978,31.4,63000.4,17140,0.00129
61.3,5416,0.3826,0.0443,0.01316,0.0214,54200,0.0272,0.5616,0.4528,0.00378,0.374,0.5278,0.443,0.255,0.2328,10.472,0.0685,0.05096,0.13,0.0637,0.184,0.06046,0.02244,0.211,73.92,3.7,576.8,12.44,6.1e-05,1.58,212.6,66.58,125.4,167.6,176.4,57.24,6.57e-06,2.202e-06,28.44,2.206e-06,140.996,660000.8,110000.6,5.774,1,1,0.003978,31.4,63000.4,17140,0.00129
61.3,5416,0.3826,0.0443,0.01316,0.0214,54200,0.0272,0.5616,0.4528,0.00378,0.374,0.5278,0.443,0.255,0.2328,10.472,0.07762,0.05096,0.13,0.0637,0.184,0.06046,0.02244,0.211,73.92,3.7,576.8,12.44,6.1e-05,1.58,212.6,66.58,125.4,167.6,176.4,57.24,6.57e-06,2.202e-06,28.44,2.206e-06,140.996,660000.8,110000.6,5.774,1,1,0.003978,31.4,63000.4,17140,0.00129
61.3,5416,0.3826,0.0443,0.01316,0.0214,54200,0.0272,0.5616,0.4528,0.00378,0.374,0.5278,0.443,0.255,0.2328,10.472,0.07762,0.05096,0.13,0.0637,0.184,0.06046,0.02244,0.211,73.92,3.7,576.8,12.44,6.1e-05,1.58,212.6,66.58,125.4,167.6,176.4,57.24,7.458e-06,2.202e-06,28.44,2.206e-06,140.996,660000.8,110000.6,5.774,1,1,0.003978,31.4,63000.4,17140,0.00129
61.3,5416,0.3826,0.0443,0.01316,0.0214,54200,0.0272,0.5616,0.4528,0.00378,0.374,0.5278,0.443,0.255,0.2328,10.472,0.07762,0.05096,0.13,0.0637,0.208,0.06046,0.02244,0.211,73.92,3.7,576.8,12.44,6.1e-05,1.58,212.6,66.58,125.4,167.6,176.4,57.24,7.458e-06,2.202e-06,28.44,2.206e-06,140.996,660000.8,110000.6,5.774,1,1,0.003978,31.4,63000.4,17140,0.00129
61.3,5416,0.3826,0.0443,0.01484,0.0214,54200,0.0272,0.5616,0.4528,0.00378,0.374,0.5278,0.443,0.255,0.2328,10.472,0.07762,0.05096,0.13,0.0637,0.208,0.06046,0.02244,0.211,73.92,3.7,576.8,12.44,6.1e-05,1.58,212.6,66.58,125.4,167.6,176.4,57.24,7.458e-06,2.202e-06,28.44,2.206e-06,140.996,660000.8,110000.6,5.774,1,1,0.003978,31.4,63000.4,17140,0.00129
61.3,5416,0.3826,0.0443,0.01484,0.0214,54200,0.0272,0.5616,0.4528,0.00378,0.374,0.5278,0.443,0.255,0.2328,10.472,0.07762,0.05096,0.13,0.0637,0.208,0.06046,0.02244,0.211,73.92,3.7,576.8,12.44,6.1e-05,1.58,212.6,66.58,125.4,167.6,176.4,57.24,7.458e-06,2.202e-06,28.44,2.206e-06,140.996,660000.8,110000.6,5.774,1,1,0.003978,31.4,63000.4,17140,0.137916
61.3,5416,0.3826,0.0443,0.01484,0.0214,54200,0.0272,0.5616,0.4528,0.00378,0.374,0.5278,0.443,0.255,0.2328,10.472,0.07762,0.05096,0.13,0.0637,0.208,0.06046,0.02244,0.211,73.92,3.292,576.8,12.44,6.1e-05,1.58,212.6,66.58,125.4,167.6,176.4,57.24,7.458e-06,2.202e-06,28.44,2.206e-06,140.996,660000.8,110000.6,5.774,1,1,0.003978,31.4,63000.4,17140,0.137916
61.3,5416,0.3826,0.0443,0.01484,0.0214,54200,0.0272,0.5616,0.4528,0.00378,0.374,0.5278,0.443,0.255,0.2328,10.472,0.07762,0.05096,0.13,0.0637,0.208,0.06046,0.02244,0.211,73.92,3.292,576.8,12.44,6.1e-05,1.58,212.6,66.58,125.4,167.6,198,57.24,7.458e-06,2.202e-06,28.44,2.206e-06,140.996,660000.8,110000.6,5.774,1,1,0.003978,31.4,63000.4,17140,0.137916
61.3,5416,0.3826,0.0443,0.01484,0.0214,54200,0.0272,0.5616,0.4528,0.00378,0.374,0.5278,0.443,0.255,0.2328,10.472,0.07762,0.05096,0.13,0.0637,0.208,0.06046,0.0198,0.211,73.92,3.292,576.8,12.44,6.1e-05,1.58,212.6,66.58,125.4,167.6,198,57.24,7.458e-06,2.202e-06,28.44,2.206e-06,140.996,660000.8,110000.6,5.774,1,1,0.003978,31.4,63000.4,17140,0.137916
61.3,5416,0.3826,0.0443,0.01484,0.0214,54200,0.0272,0.5616,0.4528,0.00378,0.374,0.5278,0.443,0.255,0.2328,10.472,0.07762,0.05096,0.13,0.0637,0.208,0.06046,0.0198,0.211,73.92,3.292,576.8,12.44,6.1e-05,1.58,239,66.58,125.4,167.6,198,57.24,7.458e-06,2.202e-06,28.44,2.206e-06,140.996,660000.8,110000.6,5.774,1,1,0.003978,31.4,63000.4,17140,0.137916
61.3,5416,0.3826,0.0443,0.01484,0.0214,54200,0.0272,0.5616,0.4528,0.00378,0.374,0.5278,0.443,0.255,0.2328,10.472,0.07762,0.05096,0.1468,0.0637,0.208,0.06046,0.0198,0.211,73.92,3.292,576.8,12.44,6.1e-05,1.58,239,66.58,125.4,167.6,198,57.24,7.458e-06,2.202e-06,28.44,2.206e-06,140.996,660000.8,110000.6,5.774,1,1,0.003978,31.4,63000.4,17140,0.137916
61.3,5416,0.3826,0.0443,0.01484,0.0214,54200,0.0272,0.5616,0.4528,0.00378,0.374,0.5278,0.443,0.255,0.2328,10.472,0.07762,0.05096,0.1468,0.0637,0.208,0.06046,0.0198,0.211,73.92,3.292,576.8,12.44,6.1e-05,3.32,239,66.58,125.4,167.6,198,57.24,7.458e-06,2.202e-06,28.44,2.206e-06,140.996,660000.8,110000.6,5.774,1,1,0.003978,31.4,63000.4,17140,0.137916
61.3,5416,0.3826,0.0443,0.01484,0.0214,54200,0.0272,0.5616,0.4528,0.00378,0.374,0.5278,0.395,0.255,0.2328,10.472,0.07762,0.05096,0.1468,0.0637,0.208,0.06046,0.0198,0.211,73.92,3.292,576.8,12.44,6.1e-05,3.32,239,66.58,125.4,167.6,198,57.24,7.458e-06,2.202e-06,28.44,2.206e-06,140.996,660000.8,110000.6,5.774,1,1,0.003978,31.4,63000.4,17140,0.137916
61.3,5416,0.3826,0.0443,0.01484,0.0214,54200,0.0272,0.5616,0.4528,0.00378,0.374,0.5278,0.395,0.255,0.2328,10.472,0.07762,0.05096,0.1468,0.0637,0.208,0.06046,0.0198,0.211,73.92,3.292,576.8,12.44,6.1e-05,3.32,239,66.58,125.4,167.6,198,57.24,7.458e-06,2.202e-06,28.44,2.206e-06,140.996,660000.8,110000.6,5.774,1,1,0.003978,62.6,63000.4,17140,0.137916
61.3,5416,0.3826,0.0443,0.01484,1.10656,54200,0.0272,0.5616,0.4528,0.00378,0.374,0.5278,0.395,0.255,0.2328,10.472,0.07762,0.05096,0.1468,0.0637,0.208,0.06046,0.0198,0.211,73.92,3.292,576.8,12.44,6.1e-05,3.32,239,66.58,125.4,167.6,198,57.24,7.458e-06,2.202e-06,28.44,2.206e-06,140.996,660000.8,110000.6,5.774,1,1,0.003978,62.6,63000.4,17140,0.137916
61.3,5416,0.3826,0.0443,0.01484,1.10656,54200,0.0272,0.5616,0.4528,0.00378,0.374,0.5278,0.395,0.255,0.2328,10.472,0.07762,0.05096,0.1468,0.0637,0.208,0.06046,0.0198,0.211,73.92,3.292,576.8,12.44,6.1e-05,3.32,239,66.58,125.4,167.6,198,57.24,7.458e-06,2.82e-06,28.44,2.206e-06,140.996,660000.8,110000.6,5.774,1,1,0.003978,62.6,63000.4,17140,0.137916
61.3,5416,0.3826,0.0443,0.01484,1.10656,54200,0.0272,0.5616,0.4528,0.00378,0.374,0.5278,0.395,0.255,0.2328,10.472,0.07762,0.05096,0.1468,0.0637,0.208,0.06046,0.0198,0.211,73.92,3.292,576.8,12.44,6.1e-05,3.32,239,66.58,125.4,148.4,198,57.24,7.458e-06,2.82e-06,28.44,2.206e-06,140.996,660000.8,110000.6,5.774,1,1,0.003978,62.6,63000.4,17140,0.137916
61.3,5416,0.3826,0.0443,0.01484,1.10656,54200,0.0272,0.5616,0.4528,0.00378,0.374,0.5278,0.395,0.255,0.2328,10.472,0.07762,0.05096,0.1468,0.0637,0.208,0.06046,0.0198,0.211,73.92,3.292,576.8,12.44,6.1e-05,3.32,239,66.58,125.4,148.4,198,57.24,7.458e-06,2.82e-06,28.44,3.184e-06,140.996,660000.8,110000.6,5.774,1,1,0.003978,62.6,63000.4,17140,0.137916
61.3,5416,0.3826,0.0443,0.01484,1.10656,66800,0.0272,0.5616,0.4528,0.00378,0.374,0.5278,0.395,0.255,0.2328,10.472,0.07762,0.05096,0.1468,0.0637,0.208,0.06046,0.0198,0.211,73.92,3.292,576.8,12.44,6.1e-05,3.32,239,66.58,125.4,148.4,198,57.24,7.458e-06,2.82e-06,28.44,3.184e-06,140.996,660000.8,110000.6,5.774,1,1,0.003978,62.6,63000.4,17140,0.137916
61.3,5416,0.3826,0.0443,0.01484,1.10656,66800,0.0272,0.5616,0.4528,0.00378,0.374,0.5278,0.395,0.255,0.2328,10.472,0.07762,0.05096,0.1468,0.0637,0.208,0.06046,0.0198,0.211,73.92,3.292,576.8,12.44,6.1e-05,3.32,239,59.02,125.4,148.4,198,57.24,7.458e-06,2.82e-06,28.44,3.184e-06,140.996,660000.8,110000.6,5.774,1,1,0.003978,62.6,63000.4,17140,0.137916
61.3,5416,0.3826,0.0443,0.01484,1.10656,66800,0.0272,0.5616,0.4528,0.00378,0.374,0.5278,0.395,0.255,0.2328,10.472,0.07762,0.05096,0.1468,0.0637,0.208,0.06046,0.0198,0.211,73.92,3.292,576.8,12.44,6.1e-05,3.32,239,59.02,125.4,148.4,198,57.24,7.458e-06,2.82e-06,28.44,3.184e-06,140.996,660000.8,110000.6,5.774,1,8.08,0.003978,62.6,63000.4,17140,0.137916
61.3,5416,0.3826,0.0443,0.01484,1.10656,66800,0.0242,0.5616,0.4528,0.00378,0.374,0.5278,0.395,0.255,0.2328,10.472,0.07762,0.05096,0.1468,0.0637,0.208,0.06046,0.0198,0.211,73.92,3.292,576.8,12.44,6.1e-05,3.32,239,59.02,125.4,148.4,198,57.24,7.458e-06,2.82e-06,28.44,3.184e-06,140.996,660000.8,110000.6,5.774,1,8.08,0.003978,62.6,63000.4,17140,0.137916
61.3,5416,0.3826,0.0443,0.01484,1.10656,66800,0.0242,0.5616,0.4528,0.00378,0.422,0.5278,0.395,0.255,0.2328,10.472,0.07762,0.05096,0.1468,0.0637,0.208,0.06046,0.0198,0.211,73.92,3.292,576.8,12.44,6.1e-05,3.32,239,59.02,125.4,148.4,198,57.24,7.458e-06,2.82e-06,28.44,3.184e-06,140.996,660000.8,110000.6,5.774,1,8.08,0.003978,62.6,63000.4,17140,0.137916
61.3,5416,0.3826,0.0443,0.01484,1.10656,66800,0.0242,0.63,0.4528,0.00378,0.422,0.5278,0.395,0.255,0.2328,10.472,0.07762,0.05096,0.1468,0.0637,0.208,0.06046,0.0198,0.211,73.92,3.292,576.8,12.44,6.1e-05,3.32,239,59.02,125.4,148.4,198,57.24,7.458e-06,2.82e-06,28.44,3.184e-06,140.996,660000.8,110000.6,5.774,1,8.08,0.003978,62.6,63000.4,17140,0.137916
61.3,4330,0.3826,0.0443,0.01484,1.10656,66800,0.0242,0.63,0.4528,0.00378,0.422,0.5278,0.395,0.255,0.2328,10.472,0.07762,0.05096,0.1468,0.0637,0.208,0.06046,0.0198,0.211,73.92,3.292,576.8,12.44,6.1e-05,3.32,239,59.02,125.4,148.4,198,57.24,7.458e-06,2.82e-06,28.44,3.184e-06,140.996,660000.8,110000.6,5.774,1,8.08,0.003978,62.6,63000.4,17140,0.137916
61.3,4330,0.3826,0.0443,0.01484,1.10656,66800,0.0242,0.63,0.4528,0.00378,0.422,0.5278,0.395,0.255,0.2328,10.472,0.07762,0.05096,0.1468,0.0637,0.208,0.06046,0.0198,0.211,73.92,3.292,576.8,12.44,6.1e-05,3.32,239,59.02,125.4,148.4,198,57.24,7.458e-06,2.82e-06,28.44,3.184e-06,140.996,660000.8,110000.6,8.426,1,8.08,0.003978,62.6,63000.4,17140,0.137916
61.3,4330,0.3826,0.0443,0.01484,1.10656,66800,0.0242,0.63,0.4528,0.00378,0.422,0.5278,0.395,0.255,0.2328,10.472,0.07762,0.05096,0.1468,0.0637,0.208,0.06046,0.0198,0.211,73.92,3.292,576.8,10.76,6.1e-05,3.32,239,59.02,125.4,148.4,198,57.24,7.458e-06,2.82e-06,28.44,3.184e-06,140.996,660000.8,110000.6,8.426,1,8.08,0.003978,62.6,63000.4,17140,0.137916
61.3,4330,0.3826,0.0443,0.01484,1.10656,66800,0.0242,0.63,0.4528,0.00378,0.422,0.5278,0.395,0.255,0.2328,10.472,0.07762,0.05096,0.1468,0.0637,0.208,0.06046,0.0198,0.211,73.92,3.292,576.8,10.76,6.1e-05,3.32,239,59.02,125.4,148.4,198,57.24,7.458e-06,2.82e-06,28.44,3.184e-06,41.984,660000.8,110000.6,8.426,1,8.08,0.003978,62.6,63000.4,17140,0.137916
61.3,4330,0.3826,0.0443,0.01484,1.10656,66800,0.0242,0.63,0.4528,0.00378,0.422,0.5278,0.395,0.255,0.2622,10.472,0.07762,0.05096,0.1468,0.0637,0.208,0.06046,0.0198,0.211,73.92,3.292,576.8,10.76,6.1e-05,3.32,239,59.02,125.4,148.4,198,57.24,7.458e-06,2.82e-06,28.44,3.184e-06,41.984,660000.8,110000.6,8.426,1,8.08,0.003978,62.6,63000.4,17140,0.137916
61.3,4330,0.3826,0.0443,0.01484,1.10656,66800,0.0242,0.63,0.4528,0.004284,0.422,0.5278,0.395,0.255,0.2622,10.472,0.07762,0.05096,0.1468,0.0637,0.208,0.06046,0.0198,0.211,73.92,3.292,576.8,10.76,6.1e-05,3.32,239,59.02,125.4,148.4,198,57.24,7.458e-06,2.82e-06,28.44,3.184e-06,41.984,660000.8,110000.6,8.426,1,8.08,0.003978,62.6,63000.4,17140,0.137916
61.3,4330,0.3826,0.0443,0.01484,1.10656,66800,0.0242,0.63,0.4528,0.004284,0.422,0.5278,0.395,0.255,0.2622,9.23,0.07762,0.05096,0.1468,0.0637,0.208,0.06046,0.0198,0.211,73.92,3.292,576.8,10.76,6.1e-05,3.32,239,59.02,125.4,148.4,198,57.24,7.458e-06,2.82e-06,28.44,3.184e-06,41.984,660000.8,110000.6,8.426,1,8.08,0.003978,62.6,63000.4,17140,0.137916
61.3,4330,0.4714,0.0443,0.01484,1.10656,66800,0.0242,0.63,0.4528,0.004284,0.422,0.5278,0.395,0.255,0.2622,9.23,0.07762,0.05096,0.1468,0.0637,0.208,0.06046,0.0198,0.211,73.92,3.292,576.8,10.76,6.1e-05,3.32,239,59.02,125.4,148.4,198,57.24,7.458e-06,2.82e-06,28.44,3.184e-06,41.984,660000.8,110000.6,8.426,1,8.08,0.003978,62.6,63000.4,17140,0.137916
61.3,4330,0.4714,0.0443,0.01484,1.10656,66800,0.0242,0.63,0.4528,0.004284,0.422,0.5278,0.395,0.255,0.2622,9.23,0.07762,0.05096,0.1468,0.0637,0.208,0.06046,0.0198,0.211,73.92,3.292,2304.2,10.76,6.1e-05,3.32,239,59.02,125.4,148.4,198,57.24,7.458e-06,2.82e-06,28.44,3.184e-06,41.984,660000.8,110000.6,8.426,1,8.08,0.003978,62.6,63000.4,17140,0.137916
61.3,4330,0.4714,0.0443,0.01484,1.10656,66800,0.0242,0.63,0.4528,0.004284,0.422,0.5278,0.395,0.255,0.2622,9.23,0.07762,0.05096,0.1468,0.0637,0.208,0.06046,0.0198,0.211,73.92,3.292,2304.2,10.76,6.1e-05,3.32,239,59.02,141.6,148.4,198,57.24,7.458e-06,2.82e-06,28.44,3.184e-06,41.984,660000.8,110000.6,8.426,1,8.08,0.003978,62.6,63000.4,17140,0.137916
61.3,4330,0.4714,0.0443,0.01484,1.10656,66800,0.0242,0.63,0.4528,0.004284,0.422,0.5278,0.395,0.255,0.2622,9.23,0.07762,0.05096,0.1468,0.0637,0.208,0.06046,0.0198,0.1738,73.92,3.292,2304.2,10.76,6.1e-05,3.32,239,59.02,141.6,148.4,198,57.24,7.458e-06,2.82e-06,28.44,3.184e-06,41.984,660000.8,110000.6,8.426,1,8.08,0.003978,62.6,63000.4,17140,0.137916
61.3,4330,0.4714,0.0443,0.01484,1.10656,66800,0.0242,0.63,0.4528,0.004284,0.422,0.5278,0.395,0.255,0.2622,9.23,0.07762,0.05096,0.1468,0.0637,0.208,0.06046,0.0198,0.1738,73.92,3.292,2304.2,10.76,6.1e-05,3.32,239,59.02,141.6,148.4,198,57.24,7.458e-06,2.82e-06,76.86,3.184e-06,41.984,660000.8,110000.6,8.426,1,8.08,0.003978,62.6,63000.4,17140,0.137916
61.3,4330,0.4714,0.0443,0.01484,1.10656,66800,0.0242,0.63,0.4528,0.004284,0.422,0.5278,0.395,0.255,0.2622,9.23,0.07762,0.05096,0.1468,0.0637,0.208,0.06046,0.0198,0.1738,73.92,3.292,2304.2,10.76,6.1e-05,3.32,239,59.02,141.6,148.4,198,57.24,7.458e-06,2.82e-06,76.86,3.184e-06,41.984,660000.8,110000.6,8.426,1,8.08,0.003978,62.6,63000.4,19360,0.137916
61.3,4330,0.4714,0.0443,0.01484,1.10656,66800,0.0242,0.63,0.4528,0.004284,0.422,0.5278,0.395,0.255,0.2622,9.23,0.07762,0.05096,0.1468,0.0637,0.208,0.06046,0.0198,0.1738,73.92,3.292,2304.2,10.76,6.1e-05,3.32,239,59.02,141.6,148.4,198,57.24,7.458e-06,2.82e-06,76.86,3.184e-06,41.984,660000.8,110000.6,8.426,1,8.08,0.005022,62.6,63000.4,19360,0.137916
61.3,4330,0.4714,0.0443,0.01484,1.10656,66800,0.0242,0.63,0.4528,0.004284,0.422,0.5278,0.395,0.255,0.2622,9.23,0.07762,0.05096,0.1468,0.0637,0.208,0.06046,0.0198,0.1738,73.92,3.292,2304.2,10.76,0.0012244,3.32,239,59.02,141.6,148.4,198,57.24,7.458e-06,2.82e-06,76.86,3.184e-06,41.984,660000.8,110000.6,8.426,1,8.08,0.005022,62.6,63000.4,19360,0.137916
76.72,4330,0.4714,0.0443,0.01484,1.10656,66800,0.0242,0.63,0.4528,0.004284,0.422,0.5278,0.395,0.255,0.2622,9.23,0.07762,0.05096,0.1468,0.0637,0.208,0.06046,0.0198,0.1738,73.92,3.292,2304.2,10.76,0.0012244,3.32,239,59.02,141.6,148.4,198,57.24,7.458e-06,2.82e-06,76.86,3.184e-06,41.984,660000.8,110000.6,8.426,1,8.08,0.005022,62.6,63000.4,19360,0.137916
76.72,4330,0.4714,0.0443,0.01484,1.10656,66800,0.0242,0.63,0.4528,0.004284,0.422,0.5278,0.395,0.255,0.2622,9.23,0.07762,0.05096,0.1468,0.0637,0.208,0.06046,0.0198,0.1738,73.92,3.292,2304.2,10.76,0.0012244,3.32,239,59.02,141.6,148.4,198,57.24,7.458e-06,2.82e-06,76.86,3.184e-06,41.984,660000.8,275000,8.426,1,8.08,0.005022,62.6,63000.4,19360,0.137916
76.72,4330,0.4714,0.0407,0.01428,0.0214,62600,0.0262,0.5388,0.4012,0.00462,0.374,0.592,0.395,0.311,0.2622,11.3,0.07458,0.05096,0.13,0.0585,0.192,0.06814,0.0242,0.149,73.92,3.292,1152.6,10.2,0.0012244,1.58,203.8,66.58,130.8,142,198,62.12,6.866e-06,2.614e-06,28.44,3.51e-06,174,1,275000,4.89,1,1,0.004674,21,84000.2,16400,0.046832
76.72,4330,0.4714,0.0407,0.01428,0.0214,62600,0.0262,0.5388,0.4012,0.00462,0.374,0.592,0.395,0.311,0.2622,11.3,0.07458,0.05096,0.13,0.0585,0.192,0.06814,0.0242,0.149,73.92,3.292,2880,10.2,0.0012244,1.58,203.8,66.58,130.8,142,198,62.12,6.866e-06,2.614e-06,28.44,3.51e-06,174,1,275000,4.89,1,1,0.004674,21,84000.2,16400,0.046832
76.72,4330,0.4714,0.0407,0.01428,0.0214,62600,0.0262,0.5388,0.4012,0.00462,0.374,0.592,0.395,0.311,0.2622,11.3,0.07458,0.05096,0.13,0.0585,0.192,0.06814,0.02156,0.149,73.92,3.292,2880,10.2,0.0012244,1.58,203.8,66.58,130.8,142,198,62.12,6.866e-06,2.614e-06,28.44,3.51e-06,174,1,275000,4.89,1,1,0.004674,21,84000.2,16400,0.046832
76.72,4330,0.4714,0.0407,0.01428,0.0214,62600,0.0262,0.5388,0.4012,0.00462,0.374,0.592,0.395,0.311,0.2622,11.3,0.07458,0.05096,0.13,0.0585,0.216,0.06814,0.02156,0.149,73.92,3.292,2880,10.2,0.0012244,1.58,203.8,66.58,130.8,142,198,62.12,6.866e-06,2.614e-06,28.44,3.51e-06,174,1,275000,4.89,1,1,0.004674,21,84000.2,16400,0.046832
76.72,4330,0.4714,0.0407,0.01428,0.0214,62600,0.0262,0.5388,0.4012,0.00462,0.374,0.592,0.395,0.311,0.2622,11.3,0.07458,0.05096,0.13,0.0585,0.216,0.06814,0.02156,0.149,73.92,3.292,2880,10.2,0.0012244,1.58,203.8,66.58,130.8,161.2,198,62.12,6.866e-06,2.614e-06,28.44,3.51e-06,174,1,275000,4.89,1,1,0.004674,21,84000.2,16400,0.046832
76.72,4330,0.4714,0.0407,0.01428,1.10656,62600,0.0262,0.5388,0.4012,0.00462,0.374,0.592,0.395,0.311,0.2622,11.3,0.07458,0.05096,0.13,0.0585,0.216,0.06814,0.02156,0.149,73.92,3.292,2880,10.2,0.0012244,1.58,203.8,66.58,130.8,161.2,198,62.12,6.866e-06,2.614e-06,28.44,3.51e-06,174,1,275000,4.89,1,1,0.004674,21,84000.2,16400,0.046832
61.3,4330,0.4714,0.0407,0.01428,1.10656,62600,0.0262,0.5388,0.4012,0.00462,0.374,0.592,0.395,0.311,0.2622,11.3,0.07458,0.05096,0.13,0.0585,0.216,0.06814,0.02156,0.149,73.92,3.292,2880,10.2,0.0012244,1.58,203.8,66.58,130.8,161.2,198,62.12,6.866e-06,2.614e-06,28.44,3.51e-06,174,1,275000,4.89,1,1,0.004674,21,84000.2,16400,0.046832
61.3,4330,0.4714,0.0461,0.01428,1.10656,62600,0.0262,0.5388,0.4012,0.00462,0.374,0.592,0.395,0.311,0.2622,11.3,0.07458,0.05096,0.13,0.0585,0.216,0.06814,0.02156,0.149,73.92,3.292,2880,10.2,0.0012244,1.58,203.8,66.58,130.8,161.2,198,62.12,6.866e-06,2.614e-06,28.44,3.51e-06,174,1,275000,4.89,1,1,0.004674,21,84000.2,16400,0.046832
61.3,4330,0.4714,0.0461,0.01428,1.10656,62600,0.0262,0.5388,0.4012,0.00462,0.374,0.592,0.395,0.311,0.2622,11.3,0.07458,0.05096,0.1468,0.0585,0.216,0.06814,0.02156,0.149,73.92,3.292,2880,10.2,0.0012244,1.58,203.8,66.58,130.8,161.2,198,62.12,6.866e-06,2.614e-06,28.44,3.51e-06,174,1,275000,4.89,1,1,0.004674,21,84000.2,16400,0.046832
61.3,4330,0.4714,0.0461,0.01428,1.10656,62600,0.0262,0.5388,0.4012,0.00462,0.374,0.592,0.395,0.311,0.2622,11.3,0.07458,0.05096,0.1468,0.0585,0.216,0.06814,0.02156,0.149,73.92,3.292,2880,10.2,0.0012244,1.58,203.8,59.02,130.8,161.2,198,62.12,6.866e-06,2.614e-06,28.44,3.51e-06,174,1,275000,4.89,1,1,0.004674,21,84000.2,16400,0.046832
61.3,5416,0.4714,0.0461,0.01428,1.10656,62600,0.0262,0.5388,0.4012,0.00462,0.374,0.592,0.395,0.311,0.2622,11.3,0.07458,0.05096,0.1468,0.0585,0.216,0.06814,0.02156,0.149,73.92,3.292,2880,10.2,0.0012244,1.58,203.8,59.02,130.8,161.2,198,62.12,6.866e-06,2.614e-06,28.44,3.51e-06,174,1,275000,4.89,1,1,0.004674,21,84000.2,16400,0.046832
61.3,5416,0.4714,0.0461,0.01428,1.10656,62600,0.0262,0.5388,0.4012,0.00462,0.374,0.592,0.395,0.311,0.2622,11.3,0.07458,0.05096,0.1468,0.0585,0.216,0.06814,0.02156,0.149,73.92,3.292,2880,10.2,0.0012244,1.58,203.8,59.02,130.8,161.2,198,62.12,6.866e-06,2.614e-06,76.86,3.51e-06,174,1,275000,4.89,1,1,0.004674,21,84000.2,16400,0.046832
61.3,5416,0.4714,0.0461,0.01428,1.10656,62600,0.0262,0.5388,0.4012,0.00462,0.374,0.592,0.395,0.311,0.2622,11.3,0.07458,0.05096,0.1468,0.0585,0.216,0.06814,0.02156,0.149,73.92,3.292,2880,10.2,0.0012244,1.58,203.8,59.02,130.8,161.2,198,62.12,7.754e-06,2.614e-06,76.86,3.51e-06,174,1,275000,4.89,1,1,0.004674,21,84000.2,16400,0.046832
61.3,5416,0.4714,0.0461,0.01428,1.10656,62600,0.0262,0.5388,0.4012,0.00462,0.374,0.592,0.395,0.311,0.2622,11.3,0.07458,0.05096,0.1468,0.0585,0.216,0.06814,0.02156,0.149,73.92,3.292,2880,10.2,0.0012244,1.58,203.8,59.02,130.8,161.2,198,62.12,7.754e-06,2.614e-06,76.86,3.51e-06,174,1,110000.6,4.89,1,1,0.004674,21,84000.2,16400,0.046832
61.3,5416,0.3826,0.0461,0.01428,1.10656,62600,0.0262,0.5388,0.4012,0.00462,0.374,0.592,0.395,0.311,0.2622,11.3,0.07458,0.05096,0.1468,0.0585,0.216,0.06814,0.02156,0.149,73.92,3.292,2880,10.2,0.0012244,1.58,203.8,59.02,130.8,161.2,198,62.12,7.754e-06,2.614e-06,76.86,3.51e-06,174,1,110000.6,4.89,1,1,0.004674,21,84000.2,16400,0.046832
61.3,5416,0.3826,0.0461,0.01428,1.10656,62600,0.0262,0.5388,0.4012,0.00462,0.374,0.592,0.395,0.311,0.2622,11.3,0.07458,0.05096,0.1468,0.0585,0.216,0.06814,0.02156,0.149,73.92,3.292,2880,11.88,0.0012244,1.58,203.8,59.02,130.8,161.2,198,62.12,7.754e-06,2.614e-06,76.86,3.51e-06,174,1,110000.6,4.89,1,1,0.004674,21,84000.2,16400,0.046832
61.3,5416,0.3826,0.0461,0.01428,1.10656,62600,0.0262,0.5388,0.4528,0.00462,0.374,0.592,0.395,0.311,0.2622,11.3,0.07458,0.05096,0.1468,0.0585,0.216,0.06814,0.02156,0.149,73.92,3.292,2880,11.88,0.0012244,1.58,203.8,59.02,130.8,161.2,198,62.12,7.754e-06,2.614e-06,76.86,3.51e-06,174,1,110000.6,4.89,1,1,0.004674,21,84000.2,16400,0.046832
61.3,5416,0.3826,0.0461,0.01428,1.10656,50000,0.0262,0.5388,0.4528,0.00462,0.374,0.592,0.395,0.311,0.2622,11.3,0.07458,0.05096,0.1468,0.0585,0.216,0.06814,0.02156,0.149,73.92,3.292,2880,11.88,0.0012244,1.58,203.8,59.02,130.8,161.2,198,62.12,7.754e-06,2.614e-06,76.86,3.51e-06,174,1,110000.6,4.89,1,1,0.004674,21,84000.2,16400,0.046832
61.3,5416,0.3826,0.0461,0.01428,1.10656,50000,0.0262,0.5388,0.4528,0.00462,0.374,0.592,0.395,0.311,0.2622,11.3,0.07458,0.05096,0.1468,0.0585,0.216,0.06814,0.02156,0.149,73.92,3.292,2880,11.88,0.0012244,1.58,203.8,59.02,130.8,161.2,198,62.12,7.754e-06,2.614e-06,76.86,3.51e-06,174,1,110000.6,4.89,1,1,0.00363,21,84000.2,16400,0.046832
61.3,5416,0.3826,0.0461,0.01428,1.10656,50000,0.0262,0.5388,0.4528,0.00462,0.374,0.592,0.395,0.311,0.2622,11.3,0.07458,0.05096,0.1468,0.0585,0.216,0.06814,0.02156,0.149,73.92,3.292,2880,11.88,0.0012244,1.58,230.2,59.02,130.8,161.2,198,62.12,7.754e-06,2.614e-06,76.86,3.51e-06,174,1,110000.6,4.89,1,1,0.00363,21,84000.2,16400,0.046832
61.3,5416,0.3826,0.0461,0.01428,1.10656,50000,0.0262,0.5388,0.4528,0.00462,0.374,0.592,0.395,0.311,0.2622,11.3,0.07458,0.05096,0.1468,0.0585,0.216,0.06814,0.02156,0.149,73.92,3.292,2880,11.88,0.0012244,1.58,230.2,59.02,130.8,161.2,198,62.12,7.754e-06,1.996e-06,76.86,3.51e-06,174,1,110000.6,4.89,1,1,0.00363,21,84000.2,16400,0.046832
61.3,5416,0.3826,0.0461,0.01428,1.10656,50000,0.0262,0.5388,0.4528,0.00462,0.374,0.592,0.395,0.311,0.2622,11.3,0.07458,0.05096,0.1468,0.0585,0.216,0.06814,0.02156,0.149,73.92,3.292,2880,11.88,0.0012244,1.58,230.2,59.02,130.8,161.2,198,62.12,7.754e-06,1.996e-06,76.86,3.51e-06,174,1,110000.6,4.89,21.7,1,0.00363,21,84000.2,16400,0.046832
61.3,5416,0.3826,0.0461,0.01428,1.10656,50000,0.0262,0.5388,0.4528,0.00462,0.374,0.592,0.395,0.311,0.2622,11.3,0.07458,0.05096,0.1468,0.0585,0.216,0.06814,0.02156,0.149,73.92,3.292,2880,11.88,0.0012244,1.58,230.2,59.02,130.8,161.2,198,62.12,7.754e-06,1.996e-06,76.86,2.532e-06,174,1,110000.6,4.89,21.7,1,0.00363,21,84000.2,16400,0.046832
61.3,5416,0.3826,0.0461,0.01428,1.10656,50000,0.0262,0.5388,0.4528,0.00462,0.374,0.592,0.395,0.311,0.2622,11.3,0.07458,0.05096,0.1468,0.0585,0.216,0.06814,0.02156,0.149,73.92,3.292,2880,11.88,6.1e-05,1.58,230.2,59.02,130.8,161.2,198,62.12,7.754e-06,1.996e-06,76.86,2.532e-06,174,1,110000.6,4.89,21.7,1,0.00363,21,84000.2,16400,0.046832
61.3,5416,0.3826,0.0461,0.01428,1.10656,50000,0.0262,0.5388,0.4528,0.00462,0.374,0.592,0.395,0.2774,0.2622,11.3,0.07458,0.05096,0.1468,0.0585,0.216,0.06814,0.02156,0.149,73.92,3.292,2880,11.88,6.1e-05,1.58,230.2,59.02,130.8,161.2,198,62.12,7.754e-06,1.996e-06,76.86,2.532e-06,174,1,110000.6,4.89,21.7,1,0.00363,21,84000.2,16400,0.046832
61.3,5416,0.3826,0.0461,0.01428,1.10656,50000,0.0262,0.5388,0.4528,0.00462,0.374,0.592,0.395,0.2774,0.2622,11.3,0.07458,0.05096,0.1468,0.0585,0.216,0.06814,0.02156,0.149,73.92,3.292,2880,11.88,6.1e-05,1.58,230.2,59.02,130.8,161.2,176.4,62.12,7.754e-06,1.996e-06,76.86,2.532e-06,174,1,110000.6,4.89,21.7,1,0.00363,21,84000.2,16400,0.046832
61.3,5416,0.3826,0.0461,0.01428,1.10656,50000,0.0262,0.5388,0.4528,0.00462,0.374,0.592,0.395,0.2774,0.2622,11.3,0.07458,0.05096,0.1468,0.0585,0.216,0.06814,0.02156,0.149,73.92,3.292,2880,11.88,6.1e-05,1.58,230.2,59.02,130.8,161.2,176.4,62.12,7.754e-06,1.996e-06,76.86,2.532e-06,174,1,110000.6,4.89,21.7,1,0.00363,52.2,84000.2,16400,0.046832
61.3,5416,0.3826,0.0461,0.01428,1.10656,50000,0.0262,0.5388,0.4528,0.00462,0.374,0.592,0.395,0.2774,0.2622,11.3,0.07458,0.05096,0.1468,0.0585,0.216,0.06814,0.02156,0.149,73.92,3.292,2880,11.88,6.1e-05,3.32,230.2,59.02,130.8,161.2,176.4,62.12,7.754e-06,1.996e-06,76.86,2.532e-06,174,1,110000.6,4.89,21.7,1,0.00363,52.2,84000.2,16400,0.046832
61.3,5416,0.3826,0.0461,0.01428,1.10656,50000,0.0262,0.5388,0.4528,0.00462,0.374,0.592,0.395,0.2774,0.2622,11.3,0.07458,0.05096,0.1468,0.0585,0.216,0.06814,0.02156,0.149,73.92,3.7,2880,11.88,6.1e-05,3.32,230.2,59.02,130.8,161.2,176.4,62.12,7.754e-06,1.996e-06,76.86,2.532e-06,174,1,110000.6,4.89,21.7,1,0.00363,52.2,84000.2,16400,0.046832
61.3,5416,0.3826,0.0461,0.01428,1.10656,50000,0.0262,0.5388,0.4528,0.00462,0.374,0.592,0.395,0.2774,0.2622,11.3,0.07458,0.05096,0.1468,0.0585,0.216,0.06814,0.02156,0.149,73.92,3.7,2880,11.88,6.1e-05,3.32,230.2,59.02,147,161.2,176.4,62.12,7.754e-06,1.996e-06,76.86,2.532e-06,174,1,110000.6,4.89,21.7,1,0.00363,52.2,84000.2,16400,0.046832
61.3,5416,0.3826,0.0461,0.01428,1.10656,50000,0.0262,0.5388,0.4528,0.00462,0.374,0.592,0.395,0.2774,0.2622,11.3,0.07458,0.05096,0.1468,0.0585,0.216,0.06814,0.02156,0.149,73.92,3.7,2880,11.88,6.1e-05,3.32,230.2,59.02,147,161.2,176.4,62.12,7.754e-06,1.996e-06,76.86,2.532e-06,174,1,110000.6,4.89,21.7,1,0.00363,52.2,84000.2,16400,0.183458
61.3,5416,0.3826,0.0461,0.01428,1.10656,50000,0.0262,0.5388,0.4528,0.00462,0.374,0.592,0.395,0.2774,0.2622,11.3,0.07458,0.05096,0.1468,0.0585,0.216,0.06814,0.02156,0.149,73.92,3.7,2880,11.88,6.1e-05,3.32,230.2,59.02,147,161.2,176.4,54.8,7.754e-06,1.996e-06,76.86,2.532e-06,174,1,110000.6,4.89,21.7,1,0.00363,52.2,84000.2,16400,0.183458
61.3,5416,0.3826,0.0461,0.01428,1.10656,50000,0.0262,0.5388,0.4528,0.00462,0.374,0.592,0.395,0.2774,0.2622,11.3,0.07458,0.05096,0.1468,0.0585,0.216,0.06814,0.02156,0.1862,73.92,3.7,2880,11.88,6.1e-05,3.32,230.2,59.02,147,161.2,176.4,54.8,7.754e-06,1.996e-06,76.86,2.532e-06,174,1,110000.6,4.89,21.7,1,0.00363,52.2,84000.2,16400,0.183458
61.3,5416,0.3826,0.0461,0.01428,1.10656,50000,0.0262,0.5388,0.4528,0.00462,0.374,0.592,0.395,0.2774,0.2622,11.3,0.07458,0.0572,0.1468,0.0585,0.216,0.06814,0.02156,0.1862,73.92,3.7,2880,11.88,6.1e-05,3.32,230.2,59.02,147,161.2,176.4,54.8,7.754e-06,1.996e-06,76.86,2.532e-06,174,1,110000.6,4.89,21.7,1,0.00363,52.2,84000.2,16400,0.183458
61.3,5416,0.3826,0.0461,0.01428,1.10656,50000,0.0262,0.6072,0.4528,0.00462,0.374,0.592,0.395,0.2774,0.2622,11.3,0.07458,0.0572,0.1468,0.0585,0.216,0.06814,0.02156,0.1862,73.92,3.7,2880,11.88,6.1e-05,3.32,230.2,59.02,147,161.2,176.4,54.8,7.754e-06,1.996e-06,76.86,2.532e-06,174,1,110000.6,4.89,21.7,1,0.00363,52.2,84000.2,16400,0.183458
61.3,5416,0.3826,0.0461,0.01428,1.10656,50000,0.0262,0.6072,0.4528,0.00462,0.374,0.592,0.395,0.2774,0.2622,10.058,0.07458,0.0572,0.1468,0.0585,0.216,0.06814,0.02156,0.1862,73.92,3.7,2880,11.88,6.1e-05,3.32,230.2,59.02,147,161.2,176.4,54.8,7.754e-06,1.996e-06,76.86,2.532e-06,174,1,110000.6,4.89,21.7,1,0.00363,52.2,84000.2,16400,0.183458
61.3,5416,0.3826,0.0461,0.0126,1.10656,50000,0.0262,0.6072,0.4528,0.00462,0.374,0.592,0.395,0.2774,0.2622,10.058,0.07458,0.0572,0.1468,0.0585,0.216,0.06814,0.02156,0.1862,73.92,3.7,2880,11.88,6.1e-05,3.32,230.2,59.02,147,161.2,176.4,54.8,7.754e-06,1.996e-06,76.86,2.532e-06,174,1,110000.6,4.89,21.7,1,0.00363,52.2,84000.2,16400,0.183458
61.3,5416,0.3826,0.0461,0.0126,1.10656,50000,0.0262,0.6072,0.4528,0.004116,0.374,0.592,0.395,0.2774,0.2622,10.058,0.07458,0.0572,0.1468,0.0585,0.216,0.06814,0.02156,0.1862,73.92,3.7,2880,11.88,6.1e-05,3.32,230.2,59.02,147,161.2,176.4,54.8,7.754e-06,1.996e-06,76.86,2.532e-06,174,1,110000.6,4.89,21.7,1,0.00363,52.2,84000.2,16400,0.183458
61.3,5416,0.3826,0.0461,0.0126,1.10656,50000,0.0262,0.6072,0.4528,0.004116,0.374,0.592,0.395,0.2774,0.2622,10.058,0.07458,0.0572,0.1468,0.0585,0.216,0.06814,0.02156,0.1862,73.92,3.7,2880,11.88,6.1e-05,3.32,230.2,59.02,147,161.2,176.4,54.8,7.754e-06,1.996e-06,76.86,2.532e-06,174,1,110000.6,4.89,21.7,1,0.00363,52.2,84000.2,18620,0.183458
61.3,5416,0.3826,0.0461,0.0126,1.10656,50000,0.0262,0.6072,0.4528,0.004116,0.374,0.592,0.395,0.2774,0.2622,10.058,0.07458,0.0572,0.1468,0.0585,0.216,0.06814,0.02156,0.1862,73.92,3.7,2880,11.88,6.1e-05,3.32,230.2,59.02,147,161.2,176.4,54.8,7.754e-06,1.996e-06,76.86,2.532e-06,174,1,110000.6,4.89,21.7,8.08,0.00363,52.2,84000.2,18620,0.183458
61.3,5416,0.3826,0.0461,0.0126,1.10656,50000,0.0262,0.6072,0.4528,0.004116,0.374,0.592,0.395,0.2774,0.2622,10.058,0.07458,0.0572,0.1468,0.0663,0.216,0.06814,0.02156,0.1862,73.92,3.7,2880,11.88,6.1e-05,3.32,230.2,59.02,147,161.2,176.4,54.8,7.754e-06,1.996e-06,76.86,2.532e-06,174,1,110000.6,4.89,21.7,8.08,0.00363,52.2,84000.2,18620,0.183458
61.3,5416,0.3826,0.0461,0.0126,1.10656,50000,0.0262,0.6072,0.4528,0.004116,0.374,0.592,0.395,0.2774,0.2622,10.058,0.07458,0.0572,0.1468,0.0663,0.216,0.06814,0.02156,0.1862,73.92,3.7,2880,11.88,6.1e-05,3.32,230.2,59.02,147,161.2,176.4,54.8,7.754e-06,1.996e-06,76.86,2.532e-06,74.988,1,110000.6,4.89,21.7,8.08,0.00363,52.2,84000.2,18620,0.183458
61.3,5416,0.3826,0.0461,0.0126,1.10656,50000,0.0262,0.6072,0.4528,0.004116,0.374,0.592,0.395,0.2774,0.2622,10.058,0.07458,0.0572,0.1468,0.0663,0.216,0.06814,0.02156,0.1862,120,3.7,2880,11.88,6.1e-05,3.32,230.2,59.02,147,161.2,176.4,54.8,7.754e-06,1.996e-06,76.86,2.532e-06,74.988,1,110000.6,4.89,21.7,8.08,0.00363,52.2,84000.2,18620,0.183458
61.3,5416,0.3826,0.0461,0.0126,1.10656,50000,0.0262,0.6072,0.4528,0.004116,0.374,0.592,0.395,0.2774,0.2622,10.058,0.07458,0.0572,0.1468,0.0663,0.216,0.06814,0.02156,0.1862,120,3.7,2880,11.88,6.1e-05,3.32,230.2,59.02,147,161.2,176.4,54.8,7.754e-06,1.996e-06,76.86,2.532e-06,74.988,1,110000.6,4.89,21.7,8.08,0.00363,52.2,21000.8,18620,0.183458
61.3,5416,0.3826,0.0461,0.0126,1.10656,50000,0.0262,0.6072,0.4528,0.004116,0.374,0.592,0.395,0.2774,0.2622,10.058,0.07458,0.0572,0.1468,0.0663,0.216,0.06814,0.02156,0.1862,120,3.7,2880,11.88,6.1e-05,3.32,230.2,59.02,147,161.2,176.4,54.8,7.754e-06,1.996e-06,76.86,2.532e-06,74.988,1,110000.6,7.542,21.7,8.08,0.00363,52.2,21000.8,18620,0.183458
61.3,5416,0.3826,0.0461,0.0126,1.10656,50000,0.0262,0.6072,0.4528,0.004116,0.374,0.592,0.395,0.2774,0.2622,10.058,0.07458,0.0572,0.1468,0.0663,0.216,0.06046,0.02156,0.1862,120,3.7,2880,11.88,6.1e-05,3.32,230.2,59.02,147,161.2,176.4,54.8,7.754e-06,1.996e-06,76.86,2.532e-06,74.988,1,110000.6,7.542,21.7,8.08,0.00363,52.2,21000.8,18620,0.183458
61.3,5416,0.3826,0.0461,0.0126,1.10656,50000,0.0262,0.6072,0.4528,0.004116,0.374,0.592,0.395,0.2774,0.2328,10.058,0.07458,0.0572,0.1468,0.0663,0.216,0.06046,0.02156,0.1862,120,3.7,2880,11.88,6.1e-05,3.32,230.2,59.02,147,161.2,176.4,54.8,7.754e-06,1.996e-06,76.86,2.532e-06,74.988,1,110000.6,7.542,21.7,8.08,0.00363,52.2,21000.8,18620,0.183458
61.3,5416,0.3826,0.0461,0.0126,1.10656,50000,0.0232,0.6072,0.4528,0.004116,0.374,0.592,0.395,0.2774,0.2328,10.058,0.07458,0.0572,0.1468,0.0663,0.216,0.06046,0.02156,0.1862,120,3.7,2880,11.88,6.1e-05,3.32,230.2,59.02,147,161.2,176.4,54.8,7.754e-06,1.996e-06,76.86,2.532e-06,74.988,1,110000.6,7.542,21.7,8.08,0.00363,52.2,21000.8,18620,0.183458
61.3,5416,0.3826,0.0461,0.0126,1.10656,50000,0.0232,0.6072,0.4528,0.004116,0.374,0.592,0.395,0.2774,0.2328,10.058,0.0837,0.0572,0.1468,0.0663,0.216,0.06046,0.02156,0.1862,120,3.7,2880,11.88,6.1e-05,3.32,230.2,59.02,147,161.2,176.4,54.8,7.754e-06,1.996e-06,76.86,2.532e-06,74.988,1,110000.6,7.542,21.7,8.08,0.00363,52.2,21000.8,18620,0.183458
61.3,5416,0.3826,0.0461,0.0126,1.10656,50000,0.0232,0.6072,0.4528,0.004116,0.374,0.5278,0.395,0.2774,0.2328,10.058,0.0837,0.0572,0.1468,0.0663,0.216,0.06046,0.02156,0.1862,120,3.7,2880,11.88,6.1e-05,3.32,230.2,59.02,147,161.2,176.4,54.8,7.754e-06,1.996e-06,76.86,2.532e-06,74.988,1,110000.6,7.542,21.7,8.08,0.00363,52.2,21000.8,18620,0.183458
61.3,5416,0.3826,0.0461,0.0126,1.10656,50000,0.0232,0.6072,0.4528,0.004116,0.374,0.5278,0.395,0.2774,0.2328,10.058,0.0837,0.0572,0.1468,0.0663,0.216,0.06046,0.02156,0.1862,120,3.7,2880,11.88,6.1e-05,3.32,230.2,59.02,147,161.2,176.4,54.8,7.754e-06,1.996e-06,76.86,2.532e-06,74.988,1980000.4,110000.6,7.542,21.7,8.08,0.00363,52.2,21000.8,18620,0.183458
61.3,5416,0.3826,0.0461,0.0126,1.10656,50000,0.0232,0.6072,0.4528,0.004116,0.374,0.5278,0.443,0.2774,0.2328,10.058,0.0837,0.0572,0.1468,0.0663,0.216,0.06046,0.02156,0.1862,120,3.7,2880,11.88,6.1e-05,3.32,230.2,59.02,147,161.2,176.4,54.8,7.754e-06,1.996e-06,76.86,2.532e-06,74.988,1980000.4,110000.6,7.542,21.7,8.08,0.00363,52.2,21000.8,18620,0.183458
61.3,5416,0.3826,0.0461,0.0126,1.10656,50000,0.0232,0.6072,0.4528,0.004116,0.422,0.5278,0.443,0.2774,0.2328,10.058,0.0837,0.0572,0.1468,0.0663,0.216,0.06046,0.02156,0.1862,120,3.7,2880,11.88,6.1e-05,3.32,230.2,59.02,147,161.2,176.4,54.8,7.754e-06,1.996e-06,76.86,2.532e-06,74.988,1980000.4,110000.6,7.542,21.7,8.08,0.00363,52.2,21000.8,18620,0.183458
87,4692,0.4122,0.0407,0.01428,0.74484,58400,0.0242,0.63,0.4184,0.004452,0.39,0.592,0.411,0.2998,0.2426,9.23,0.07458,0.05096,0.158,0.0715,0.184,0.0707,0.02332,0.149,120,3.02,1152.6,13,0.002,3.32,230.2,64.06,125.4,161.2,183.6,57.24,7.458e-06,2.408e-06,44.58,2.858e-06,174,660000.8,165000.4,7.542,7.9,8.08,0.004326,52.2,105000,20100,0.092374
87,4692,0.4122,0.0407,0.01428,0.74484,58400,0.0242,0.63,0.4184,0.003948,0.39,0.592,0.411,0.2998,0.2426,9.23,0.07458,0.05096,0.158,0.0715,0.184,0.0707,0.02332,0.149,120,3.02,1152.6,13,0.002,3.32,230.2,64.06,125.4,161.2,183.6,57.24,7.458e-06,2.408e-06,44.58,2.858e-06,174,660000.8,165000.4,7.542,7.9,8.08,0.004326,52.2,105000,20100,0.092374
87,4692,0.4122,0.0461,0.01428,0.74484,58400,0.0242,0.63,0.4184,0.003948,0.39,0.592,0.411,0.2998,0.2426,9.23,0.07458,0.05096,0.158,0.0715,0.184,0.0707,0.02332,0.149,120,3.02,1152.6,13,0.002,3.32,230.2,64.06,125.4,161.2,183.6,57.24,7.458e-06,2.408e-06,44.58,2.858e-06,174,660000.8,165000.4,7.542,7.9,8.08,0.004326,52.2,105000,20100,0.092374
87,4692,0.4122,0.0461,0.01428,0.74484,58400,0.0242,0.63,0.4184,0.003948,0.39,0.592,0.411,0.2998,0.2426,9.23,0.07458,0.05096,0.158,0.0715,0.184,0.0707,0.02332,0.149,120,3.428,1152.6,13,0.002,3.32,230.2,64.06,125.4,161.2,183.6,57.24,7.458e-06,2.408e-06,44.58,2.858e-06,174,660000.8,165000.4,7.542,7.9,8.08,0.004326,52.2,105000,20100,0.092374
87,4692,0.4122,0.0461,0.01428,0.74484,58400,0.0242,0.63,0.4184,0.003948,0.39,0.592,0.411,0.2998,0.2426,9.23,0.07458,0.05096,0.158,0.0715,0.184,0.0707,0.02332,0.149,120,3.428,1152.6,13,0.002,3.32,230.2,64.06,125.4,161.2,183.6,57.24,7.458e-06,2.408e-06,44.58,2.858e-06,174,660000.8,1,7.542,7.9,8.08,0.004326,52.2,105000,20100,0.092374
87,4692,0.4122,0.0461,0.01428,0.74484,58400,0.0272,0.63,0.4184,0.003948,0.39,0.592,0.411,0.2998,0.2426,9.23,0.07458,0.05096,0.158,0.0715,0.184,0.0707,0.02332,0.149,120,3.428,1152.6,13,0.002,3.32,230.2,64.06,125.4,161.2,183.6,57.24,7.458e-06,2.408e-06,44.58,2.858e-06,174,660000.8,1,7.542,7.9,8.08,0.004326,52.2,105000,20100,0.092374
87,4692,0.4122,0.0461,0.01428,0.74484,58400,0.0272,0.63,0.4184,0.003948,0.39,0.592,0.411,0.2998,0.2426,9.23,0.07458,0.05096,0.158,0.0715,0.184,0.0707,0.02332,0.149,120,3.428,1152.6,13,0.002,3.32,230.2,64.06,125.4,161.2,183.6,57.24,7.458e-06,2.408e-06,44.58,2.858e-06,174,660000.8,1,7.542,7.9,8.08,0.00537,52.2,105000,20100,0.092374
87,4692,0.4122,0.0461,0.01428,0.74484,58400,0.0272,0.63,0.47,0.003948,0.39,0.592,0.411,0.2998,0.2426,9.23,0.07458,0.05096,0.158,0.0715,0.184,0.0707,0.02332,0.149,120,3.428,1152.6,13,0.002,3.32,230.2,64.06,125.4,161.2,183.6,57.24,7.458e-06,2.408e-06,44.58,2.858e-06,174,660000.8,1,7.542,7.9,8.08,0.00537,52.2,105000,20100,0.092374
87,4692,0.4122,0.0461,0.01428,0.74484,58400,0.0272,0.63,0.47,0.003948,0.39,0.592,0.411,0.2998,0.2426,9.23,0.07458,0.05096,0.158,0.0715,0.184,0.0707,0.02332,0.149,120,3.428,1152.6,13,0.002,3.32,230.2,64.06,141.6,161.2,183.6,57.24,7.458e-06,2.408e-06,44.58,2.858e-06,174,660000.8,1,7.542,7.9,8.08,0.00537,52.2,105000,20100,0.092374
87,4692,0.4122,0.0461,0.01428,0.74484,58400,0.0272,0.63,0.47,0.003948,0.39,0.592,0.411,0.2998,0.2426,9.23,0.07458,0.05096,0.158,0.0715,0.184,0.0707,0.02332,0.149,120,3.428,1152.6,13,0.002,3.32,230.2,64.06,141.6,161.2,183.6,57.24,7.458e-06,2.408e-06,44.58,2.858e-06,174,2640000.2,1,7.542,7.9,8.08,0.00537,52.2,105000,20100,0.092374
71.58,4692,0.4122,0.0461,0.01428,0.74484,58400,0.0272,0.63,0.47,0.003948,0.39,0.592,0.411,0.2998,0.2426,9.23,0.07458,0.05096,0.158,0.0715,0.184,0.0707,0.02332,0.149,120,3.428,1152.6,13,0.002,3.32,230.2,64.06,141.6,161.2,183.6,57.24,7.458e-06,2.408e-06,44.58,2.858e-06,174,2640000.2,1,7.542,7.9,8.08,0.00537,52.2,105000,20100,0.092374
71.58,4692,0.4122,0.0461,0.01428,0.74484,58400,0.0272,0.63,0.47,0.003948,0.39,0.592,0.411,0.2998,0.2426,9.23,0.07458,0.05096,0.158,0.0715,0.184,0.0707,0.02332,0.149,120,3.428,1152.6,13,0.002,3.32,230.2,64.06,141.6,161.2,183.6,57.24,7.458e-06,2.408e-06,44.58,2.858e-06,174,2640000.2,1,7.542,7.9,8.08,0.00537,52.2,105000,17880,0.092374
71.58,4692,0.4122,0.0461,0.01428,0.74484,58400,0.0272,0.63,0.47,0.003948,0.39,0.592,0.411,0.2998,0.2426,10.472,0.07458,0.05096,0.158,0.0715,0.184,0.0707,0.02332,0.149,120,3.428,1152.6,13,0.002,3.32,230.2,64.06,141.6,161.2,183.6,57.24,7.458e-06,2.408e-06,44.58,2.858e-06,174,2640000.2,1,7.542,7.9,8.08,0.00537,52.2,105000,17880,0.092374
71.58,4692,0.4122,0.0461,0.01428,0.74484,58400,0.0272,0.63,0.47,0.003948,0.39,0.592,0.411,0.2998,0.2426,10.472,0.07458,0.05096,0.158,0.0715,0.184,0.0707,0.02332,0.149,73.92,3.428,1152.6,13,0.002,3.32,230.2,64.06,141.6,161.2,183.6,57.24,7.458e-06,2.408e-06,44.58,2.858e-06,174,2640000.2,1,7.542,7.9,8.08,0.00537,52.2,105000,17880,0.092374
71.58,4692,0.4122,0.0461,0.01428,0.74484,58400,0.0272,0.63,0.47,0.003948,0.438,0.592,0.411,0.2998,0.2426,10.472,0.07458,0.05096,0.158,0.0715,0.184,0.0707,0.02332,0.149,73.92,3.428,1152.6,13,0.002,3.32,230.2,64.06,141.6,161.2,183.6,57.24,7.458e-06,2.408e-06,44.58,2.858e-06,174,2640000.2,1,7.542,7.9,8.08,0.00537,52.2,105000,17880,0.092374
71.58,4692,0.501,0.0461,0.01428,0.74484,58400,0.0272,0.63,0.47,0.003948,0.438,0.592,0.411,0.2998,0.2426,10.472,0.07458,0.05096,0.158,0.0715,0.184,0.0707,0.02332,0.149,73.92,3.428,1152.6,13,0.002,3.32,230.2,64.06,141.6,161.2,183.6,57.24,7.458e-06,2.408e-06,44.58,2.858e-06,174,2640000.2,1,7.542,7.9,8.08,0.00537,52.2,105000,17880,0.092374
71.58,4692,0.501,0.0461,0.01428,0.74484,58400,0.0272,0.63,0.47,0.003948,0.438,0.592,0.411,0.2998,0.2426,10.472,0.07458,0.05096,0.158,0.0715,0.184,0.0707,0.02068,0.149,73.92,3.428,1152.6,13,0.002,3.32,230.2,64.06,141.6,161.2,183.6,57.24,7.458e-06,2.408e-06,44.58,2.858e-06,174,2640000.2,1,7.542,7.9,8.08,0.00537,52.2,105000,17880,0.092374
71.58,4692,0.501,0.0461,0.01428,0.74484,58400,0.0272,0.63,0.47,0.003948,0.438,0.592,0.411,0.2998,0.2426,10.472,0.07458,0.05096,0.158,0.0715,0.184,0.0707,0.02068,0.149,73.92,3.428,1152.6,13,0.0008366,3.32,230.2,64.06,141.6,161.2,183.6,57.24,7.458e-06,2.408e-06,44.58,2.858e-06,174,2640000.2,1,7.542,7.9,8.08,0.00537,52.2,105000,17880,0.092374
71.58,4692,0.501,0.0461,0.01428,0.74484,58400,0.0272,0.63,0.47,0.003948,0.438,0.592,0.411,0.2998,0.2426,10.472,0.07458,0.05096,0.158,0.0715,0.184,0.0707,0.02068,0.149,73.92,3.428,1152.6,13,0.0008366,1.58,230.2,64.06,141.6,161.2,183.6,57.24,7.458e-06,2.408e-06,44.58,2.858e-06,174,2640000.2,1,7.542,7.9,8.08,0.00537,52.2,105000,17880,0.092374
71.58,4692,0.501,0.0461,0.01428,0.74484,58400,0.0272,0.63,0.47,0.003948,0.438,0.592,0.411,0.2998,0.2426,10.472,0.07458,0.05096,0.158,0.0715,0.184,0.0707,0.02068,0.149,73.92,3.428,1152.6,13,0.0008366,1.58,230.2,64.06,141.6,161.2,183.6,57.24,7.458e-06,2.408e-06,44.58,2.858e-06,174,2640000.2,1,7.542,7.9,1,0.00537,52.2,105000,17880,0.092374
71.58,4692,0.501,0.0461,0.0126,0.74484,58400,0.0272,0.63,0.47,0.003948,0.438,0.592,0.411,0.2998,0.2426,10.472,0.07458,0.05096,0.158,0.0715,0.184,0.0707,0.02068,0.149,73.92,3.428,1152.6,13,0.0008366,1.58,230.2,64.06,141.6,161.2,183.6,57.24,7.458e-06,2.408e-06,44.58,2.858e-06,174,2640000.2,1,7.542,7.9,1,0.00537,52.2,105000,17880,0.092374
71.58,4692,0.501,0.0461,0.0126,0.74484,58400,0.0272,0.63,0.47,0.003948,0.438,0.592,0.411,0.2662,0.2426,10.472,0.07458,0.05096,0.158,0.0715,0.184,0.0707,0.02068,0.149,73.92,3.428,1152.6,13,0.0008366,1.58,230.2,64.06,141.6,161.2,183.6,57.24,7.458e-06,2.408e-06,44.58,2.858e-06,174,2640000.2,1,7.542,7.9,1,0.00537,52.2,105000,17880,0.092374
71.58,4692,0.501,0.0461,0.0126,0.74484,58400,0.0272,0.63,0.47,0.003948,0.438,0.592,0.411,0.2662,0.2426,10.472,0.07458,0.05096,0.158,0.0715,0.184,0.0707,0.02068,0.149,73.92,3.428,1152.6,13,0.0008366,1.58,230.2,64.06,141.6,161.2,183.6,57.24,6.57e-06,2.408e-06,44.58,2.858e-06,174,2640000.2,1,7.542,7.9,1,0.00537,52.2,105000,17880,0.092374
71.58,4692,0.501,0.0461,0.0126,0.74484,58400,0.0272,0.63,0.47,0.003948,0.438,0.592,0.411,0.2662,0.2426,10.472,0.07458,0.05096,0.158,0.0715,0.184,0.0707,0.02068,0.149,73.92,3.428,1152.6,13,0.0008366,1.58,230.2,64.06,141.6,161.2,183.6,57.24,6.57e-06,2.408e-06,44.58,2.858e-06,174,2640000.2,1,4.89,7.9,1,0.00537,52.2,105000,17880,0.092374
71.58,4692,0.501,0.0461,0.0126,0.74484,58400,0.0272,0.63,0.47,0.003948,0.438,0.592,0.411,0.2662,0.2426,10.472,0.07458,0.05096,0.158,0.0715,0.184,0.0707,0.02068,0.149,73.92,3.428,1152.6,13,0.0008366,1.58,230.2,64.06,141.6,161.2,183.6,64.56,6.57e-06,2.408e-06,44.58,2.858e-06,174,2640000.2,1,4.89,7.9,1,0.00537,52.2,105000,17880,0.092374
71.58,4692,0.501,0.0461,0.0126,0.74484,58400,0.0272,0.63,0.47,0.003948,0.438,0.592,0.411,0.2662,0.2426,10.472,0.07458,0.05096,0.1412,0.0715,0.184,0.0707,0.02068,0.149,73.92,3.428,1152.6,13,0.0008366,1.58,230.2,64.06,141.6,161.2,183.6,64.56,6.57e-06,2.408e-06,44.58,2.858e-06,174,2640000.2,1,4.89,7.9,1,0.00537,52.2,105000,17880,0.092374
71.58,4692,0.501,0.0461,0.0126,0.74484,58400,0.0272,0.63,0.47,0.003948,0.438,0.592,0.411,0.2662,0.2426,10.472,0.07458,0.05096,0.1412,0.0715,0.184,0.0707,0.02068,0.149,73.92,3.428,1152.6,13,0.0008366,1.58,230.2,64.06,141.6,161.2,183.6,64.56,6.57e-06,2.408e-06,44.58,2.858e-06,74.988,2640000.2,1,4.89,7.9,1,0.00537,52.2,105000,17880,0.092374
71.58,4692,0.501,0.0461,0.0126,0.74484,58400,0.0272,0.63,0.47,0.003948,0.438,0.592,0.411,0.2662,0.2426,10.472,0.07458,0.05096,0.1412,0.0715,0.184,0.0707,0.02068,0.149,73.92,3.428,1152.6,13,0.0008366,1.58,203.8,64.06,141.6,161.2,183.6,64.56,6.57e-06,2.408e-06,44.58,2.858e-06,74.988,2640000.2,1,4.89,7.9,1,0.00537,52.2,105000,17880,0.092374
71.58,4692,0.501,0.0461,0.0126,0.74484,71000,0.0272,0.63,0.47,0.003948,0.438,0.592,0.411,0.2662,0.2426,10.472,0.07458,0.05096,0.1412,0.0715,0.184,0.0707,0.02068,0.149,73.92,3.428,1152.6,13,0.0008366,1.58,203.8,64.06,141.6,161.2,183.6,64.56,6.57e-06,2.408e-06,44.58,2.858e-06,74.988,2640000.2,1,4.89,7.9,1,0.00537,52.2,105000,17880,0.092374
71.58,4692,0.501,0.0461,0.0126,0.74484,71000,0.0272,0.63,0.47,0.003948,0.438,0.592,0.411,0.2662,0.2426,10.472,0.07458,0.05096,0.1412,0.0715,0.184,0.0707,0.02068,0.149,73.92,3.428,1152.6,13,0.0008366,1.58,203.8,64.06,141.6,161.2,183.6,64.56,6.57e-06,1.79e-06,44.58,2.858e-06,74.988,2640000.2,1,4.89,7.9,1,0.00537,52.2,105000,17880,0.092374
71.58,4692,0.501,0.0461,0.0126,0.74484,71000,0.0272,0.63,0.47,0.003948,0.438,0.592,0.411,0.2662,0.2426,10.472,0.07458,0.05096,0.1412,0.0715,0.184,0.0707,0.02068,0.149,73.92,3.428,1152.6,13,0.0008366,1.58,203.8,64.06,141.6,142,183.6,64.56,6.57e-06,1.79e-06,44.58,2.858e-06,74.988,2640000.2,1,4.89,7.9,1,0.00537,52.2,105000,17880,0.092374
71.58,5778,0.501,0.0461,0.0126,0.74484,71000,0.0272,0.63,0.47,0.003948,0.438,0.592,0.411,0.2662,0.2426,10.472,0.07458,0.05096,0.1412,0.0715,0.184,0.0707,0.02068,0.149,73.92,3.428,1152.6,13,0.0008366,1.58,203.8,64.06,141.6,142,183.6,64.56,6.57e-06,1.79e-06,44.58,2.858e-06,74.988,2640000.2,1,4.89,7.9,1,0.00537,52.2,105000,17880,0.092374
71.58,5778,0.501,0.0461,0.0126,0.74484,71000,0.0272,0.63,0.47,0.003948,0.438,0.592,0.411,0.2662,0.2426,10.472,0.07458,0.05096,0.1412,0.0715,0.184,0.0707,0.02068,0.1862,73.92,3.428,1152.6,13,0.0008366,1.58,203.8,64.06,141.6,142,183.6,64.56,6.57e-06,1.79e-06,44.58,2.858e-06,74.988,2640000.2,1,4.89,7.9,1,0.00537,52.2,105000,17880,0.092374
71.58,5778,0.501,0.0461,0.0126,0.74484,71000,0.0272,0.63,0.47,0.003948,0.438,0.592,0.411,0.2662,0.2426,10.472,0.07458,0.05096,0.1412,0.0715,0.184,0.0707,0.02068,0.1862,73.92,3.428,1152.6,11.32,0.0008366,1.58,203.8,64.06,141.6,142,183.6,64.56,6.57e-06,1.79e-06,44.58,2.858e-06,74.988,2640000.2,1,4.89,7.9,1,0.00537,52.2,105000,17880,0.092374
71.58,5778,0.501,0.0461,0.0126,0.74484,71000,0.0272,0.63,0.47,0.003948,0.438,0.592,0.411,0.2662,0.2426,10.472,0.07458,0.05096,0.1412,0.0715,0.184,0.0707,0.02068,0.1862,73.92,3.428,1152.6,11.32,0.0008366,1.58,203.8,64.06,141.6,142,183.6,64.56,6.57e-06,1.79e-06,93,2.858e-06,74.988,2640000.2,1,4.89,7.9,1,0.00537,52.2,105000,17880,0.092374
71.58,5778,0.501,0.0461,0.0126,0.74484,71000,0.0272,0.63,0.47,0.003948,0.438,0.592,0.411,0.2662,0.2426,10.472,0.07458,0.05096,0.1412,0.0715,0.184,0.0707,0.02068,0.1862,73.92,3.428,1152.6,11.32,0.0008366,1.58,203.8,56.5,141.6,142,183.6,64.56,6.57e-06,1.79e-06,93,2.858e-06,74.988,2640000.2,1,4.89,7.9,1,0.00537,52.2,105000,17880,0.092374
71.58,5778,0.501,0.0461,0.0126,0.74484,71000,0.0272,0.63,0.47,0.003948,0.438,0.592,0.411,0.2662,0.2426,10.472,0.07458,0.05096,0.1412,0.0715,0.184,0.0707,0.02068,0.1862,73.92,3.428,1152.6,11.32,0.0008366,1.58,203.8,56.5,141.6,142,183.6,64.56,6.57e-06,1.79e-06,93,2.858e-06,74.988,2640000.2,1,4.89,7.9,1,0.00537,52.2,105000,17880,0.229
71.58,5778,0.501,0.0461,0.0126,0.74484,71000,0.0272,0.63,0.47,0.003948,0.438,0.592,0.411,0.2662,0.2426,10.472,0.07458,0.05096,0.1412,0.0715,0.184,0.0707,0.02068,0.1862,73.92,3.428,1152.6,11.32,0.0008366,1.58,203.8,56.5,141.6,142,183.6,64.56,6.57e-06,1.79e-06,93,2.858e-06,74.988,2640000.2,1,4.89,28.6,1,0.00537,52.2,105000,17880,0.229
71.58,5778,0.501,0.0461,0.0126,0.74484,71000,0.0272,0.63,0.47,0.003948,0.438,0.592,0.411,0.2662,0.2426,10.472,0.07458,0.05096,0.1412,0.0715,0.184,0.0707,0.02068,0.1862,73.92,3.428,1152.6,11.32,0.0008366,1.58,203.8,56.5,141.6,142,183.6,64.56,6.57e-06,1.79e-06,93,2.858e-06,74.988,2640000.2,1,4.89,28.6,1,0.00537,21,105000,17880,0.229
71.58,5778,0.501,0.0461,0.0126,0.74484,71000,0.0272,0.5616,0.47,0.003948,0.438,0.592,0.411,0.2662,0.2426,10.472,0.07458,0.05096,0.1412,0.0715,0.184,0.0707,0.02068,0.1862,73.92,3.428,1152.6,11.32,0.0008366,1.58,203.8,56.5,141.6,142,183.6,64.56,6.57e-06,1.79e-06,93,2.858e-06,74.988,2640000.2,1,4.89,28.6,1,0.00537,21,105000,17880,0.229
71.58,5778,0.501,0.0461,0.0126,0.74484,71000,0.0272,0.5616,0.47,0.003948,0.438,0.592,0.411,0.2662,0.2426,10.472,0.07458,0.05096,0.1412,0.0715,0.208,0.0707,0.02068,0.1862,73.92,3.428,1152.6,11.32,0.0008366,1.58,203.8,56.5,141.6,142,183.6,64.56,6.57e-06,1.79e-06,93,2.858e-06,74.988,2640000.2,1,4.89,28.6,1,0.00537,21,105000,17880,0.229
71.58,5778,0.501,0.0461,0.0126,0.74484,71000,0.0272,0.5616,0.47,0.003948,0.438,0.592,0.411,0.2662,0.2426,10.472,0.07458,0.05096,0.1412,0.0715,0.208,0.0707,0.02068,0.1862,73.92,3.428,1152.6,11.32,0.0008366,1.58,203.8,56.5,141.6,142,183.6,64.56,6.57e-06,1.79e-06,93,1.88e-06,74.988,2640000.2,1,4.89,28.6,1,0.00537,21,105000,17880,0.229
71.58,5778,0.501,0.0461,0.0126,0.74484,71000,0.0272,0.5616,0.47,0.003948,0.438,0.592,0.411,0.2662,0.2426,10.472,0.0837,0.05096,0.1412,0.0715,0.208,0.0707,0.02068,0.1862,73.92,3.428,1152.6,11.32,0.0008366,1.58,203.8,56.5,141.6,142,183.6,64.56,6.57e-06,1.79e-06,93,1.88e-06,74.988,2640000.2,1,4.89,28.6,1,0.00537,21,105000,17880,0.229
71.58,5778,0.501,0.0461,0.0126,0.74484,71000,0.0272,0.5616,0.47,0.003948,0.438,0.592,0.363,0.2662,0.2426,10.472,0.0837,0.05096,0.1412,0.0715,0.208,0.0707,0.02068,0.1862,73.92,3.428,1152.6,11.32,0.0008366,1.58,203.8,56.5,141.6,142,183.6,64.56,6.57e-06,1.79e-06,93,1.88e-06,74.988,2640000.2,1,4.89,28.6,1,0.00537,21,105000,17880,0.229
71.58,5778,0.501,0.0461,0.0126,0.74484,71000,0.0272,0.5616,0.47,0.003948,0.438,0.5278,0.363,0.2662,0.2426,10.472,0.0837,0.05096,0.1412,0.0715,0.208,0.0707,0.02068,0.1862,73.92,3.428,1152.6,11.32,0.0008366,1.58,203.8,56.5,141.6,142,183.6,64.56,6.57e-06,1.79e-06,93,1.88e-06,74.988,2640000.2,1,4.89,28.6,1,0.00537,21,105000,17880,0.229
71.58,5778,0.501,0.0461,0.0126,0.74484,71000,0.0272,0.5616,0.47,0.003948,0.438,0.5278,0.363,0.2662,0.272,10.472,0.0837,0.05096,0.1412,0.0715,0.208,0.0707,0.02068,0.1862,73.92,3.428,1152.6,11.32,0.0008366,1.58,203.8,56.5,141.6,142,183.6,64.56,6.57e-06,1.79e-06,93,1.88e-06,74.988,2640000.2,1,4.89,28.6,1,0.00537,21,105000,17880,0.229
71.58,5778,0.501,0.0461,0.0126,1.83,71000,0.0272,0.5616,0.47,0.003948,0.438,0.5278,0.363,0.2662,0.272,10.472,0.0837,0.05096,0.1412,0.0715,0.208,0.0707,0.02068,0.1862,73.92,3.428,1152.6,11.32,0.0008366,1.58,203.8,56.5,141.6,142,183.6,64.56,6.57e-06,1.79e-06,93,1.88e-06,74.988,2640000.2,1,4.89,28.6,1,0.00537,21,105000,17880,0.229
71.58,5778,0.501,0.0461,0.0126,1.83,71000,0.0272,0.5616,0.47,0.003948,0.438,0.5278,0.363,0.2662,0.272,10.472,0.0837,0.05096,0.1412,0.0637,0.208,0.0707,0.02068,0.1862,73.92,3.428,1152.6,11.32,0.0008366,1.58,203.8,56.5,141.6,142,183.6,64.56,6.57e-06,1.79e-06,93,1.88e-06,74.988,2640000.2,1,4.89,28.6,1,0.00537,21,105000,17880,0.229
71.58,5778,0.501,0.0461,0.0126,1.83,71000,0.0272,0.5616,0.47,0.003948,0.438,0.5278,0.363,0.2662,0.272,10.472,0.0837,0.05096,0.1412,0.0637,0.208,0.0707,0.02068,0.1862,73.92,3.428,1152.6,11.32,0.0008366,1.58,203.8,56.5,141.6,142,183.6,64.56,6.57e-06,1.79e-06,93,1.88e-06,74.988,2640000.2,1,4.89,28.6,1,0.00537,21,42000.6,17880,0.229
71.58,5778,0.501,0.0461,0.0126,1.83,71000,0.0272,0.5616,0.47,0.003948,0.438,0.5278,0.363,0.2662,0.272,10.472,0.0837,0.0572,0.1412,0.0637,0.208,0.0707,0.02068,0.1862,73.92,3.428,1152.6,11.32,0.0008366,1.58,203.8,56.5,141.6,142,183.6,64.56,6.57e-06,1.79e-06,93,1.88e-06,74.988,2640000.2,1,4.89,28.6,1,0.00537,21,42000.6,17880,0.229
71.58,5778,0.501,0.0461,0.0126,1.83,71000,0.0272,0.5616,0.47,0.003948,0.438,0.5278,0.363,0.2662,0.272,10.472,0.0837,0.0572,0.1412,0.0637,0.208,0.0707,0.02068,0.1862,73.92,3.428,2880,11.32,0.0008366,1.58,203.8,56.5,141.6,142,183.6,64.56,6.57e-06,1.79e-06,93,1.88e-06,74.988,2640000.2,1,4.89,28.6,1,0.00537,21,42000.6,17880,0.229
71.58,5778,0.501,0.0461,0.0126,1.83,71000,0.0272,0.5616,0.47,0.003948,0.438,0.5278,0.363,0.2662,0.272,10.472,0.0837,0.0572,0.1412,0.0637,0.208,0.06302,0.02068,0.1862,73.92,3.428,2880,11.32,0.0008366,1.58,203.8,56.5,141.6,142,183.6,64.56,6.57e-06,1.79e-06,93,1.88e-06,74.988,2640000.2,1,4.89,28.6,1,0.00537,21,42000.6,17880,0.229
71.58,5778,0.501,0.0461,0.0126,1.83,71000,0.0272,0.5616,0.47,0.003948,0.438,0.5278,0.363,0.2662,0.272,10.472,0.0837,0.0572,0.1412,0.0637,0.208,0.06302,0.02068,0.1862,73.92,3.428,2880,11.32,0.0008366,1.58,203.8,56.5,141.6,142,162,64.56,6.57e-06,1.79e-06,93,1.88e-06,74.988,2640000.2,1,4.89,28.6,1,0.00537,21,42000.6,17880,0.229
76.72,6140,0.4418,0.0461,0.0126,1.46828,62600,0.0242,0.516,0.384,0.003948,0.422,0.485,0.427,0.2886,0.223,9.23,0.08066,0.05304,0.1412,0.0663,0.176,0.06302,0.02156,0.211,120,3.428,1728.4,10.76,6.1e-05,3.9,221.4,69.1,125.4,142,190.8,59.68,7.458e-06,2.408e-06,44.58,1.88e-06,41.984,1980000.4,55000.8,4.89,1,3.36,0.004326,73,105000,18620,0.092374
76.72,6140,0.4418,0.0461,0.0126,1.46828,62600,0.0242,0.516,0.384,0.003948,0.422,0.485,0.427,0.2886,0.223,9.23,0.08066,0.05304,0.1412,0.0663,0.176,0.0707,0.02156,0.211,120,3.428,1728.4,10.76,6.1e-05,3.9,221.4,69.1,125.4,142,190.8,59.68,7.458e-06,2.408e-06,44.58,1.88e-06,41.984,1980000.4,55000.8,4.89,1,3.36,0.004326,73,105000,18620,0.092374
76.72,6140,0.4418,0.0461,0.0126,1.46828,62600,0.0242,0.516,0.384,0.003948,0.422,0.485,0.427,0.2886,0.223,9.23,0.08066,0.05304,0.1412,0.0663,0.176,0.0707,0.0242,0.211,120,3.428,1728.4,10.76,6.1e-05,3.9,221.4,69.1,125.4,142,190.8,59.68,7.458e-06,2.408e-06,44.58,1.88e-06,41.984,1980000.4,55000.8,4.89,1,3.36,0.004326,73,105000,18620,0.092374
76.72,6140,0.4418,0.0461,0.0126,1.46828,62600,0.0242,0.516,0.384,0.003948,0.422,0.485,0.427,0.2886,0.223,9.23,0.08066,0.05304,0.1412,0.0663,0.176,0.0707,0.0242,0.211,120,3.428,1728.4,10.76,6.1e-05,3.9,221.4,69.1,125.4,142,190.8,59.68,7.458e-06,2.408e-06,44.58,1.88e-06,41.984,1980000.4,55000.8,4.89,1,3.36,0.004326,73,105000,18620,0.229
76.72,6140,0.4418,0.0461,0.0126,1.46828,62600,0.0242,0.516,0.384,0.003948,0.422,0.485,0.427,0.2886,0.223,10.472,0.08066,0.05304,0.1412,0.0663,0.176,0.0707,0.0242,0.211,120,3.428,1728.4,10.76,6.1e-05,3.9,221.4,69.1,125.4,142,190.8,59.68,7.458e-06,2.408e-06,44.58,1.88e-06,41.984,1980000.4,55000.8,4.89,1,3.36,0.004326,73,105000,18620,0.229
76.72,6140,0.4418,0.0461,0.0126,1.46828,62600,0.0242,0.516,0.384,0.003948,0.422,0.485,0.427,0.2886,0.223,10.472,0.08066,0.05304,0.1412,0.0663,0.176,0.0707,0.0242,0.211,120,3.428,1,10.76,6.1e-05,3.9,221.4,69.1,125.4,142,190.8,59.68,7.458e-06,2.408e-06,44.58,1.88e-06,41.984,1980000.4,55000.8,4.89,1,3.36,0.004326,73,105000,18620,0.229
76.72,6140,0.4418,0.0461,0.0126,1.46828,62600,0.0242,0.516,0.384,0.003948,0.422,0.485,0.427,0.2886,0.223,10.472,0.08066,0.05304,0.1412,0.0663,0.176,0.0707,0.0242,0.211,120,3.428,1,10.76,6.1e-05,2.16,221.4,69.1,125.4,142,190.8,59.68,7.458e-06,2.408e-06,44.58,1.88e-06,41.984,1980000.4,55000.8,4.89,1,3.36,0.004326,73,105000,18620,0.229
76.72,6140,0.4418,0.0461,0.0126,1.46828,62600,0.0242,0.516,0.4356,0.003948,0.422,0.485,0.427,0.2886,0.223,10.472,0.08066,0.05304,0.1412,0.0663,0.176,0.0707,0.0242,0.211,120,3.428,1,10.76,6.1e-05,2.16,221.4,69.1,125.4,142,190.8,59.68,7.458e-06,2.408e-06,44.58,1.88e-06,41.984,1980000.4,55000.8,4.89,1,3.36,0.004326,73,105000,18620,0.229
76.72,6140,0.4418,0.0461,0.0126,1.46828,62600,0.0242,0.516,0.4356,0.003948,0.422,0.485,0.427,0.2886,0.223,10.472,0.08066,0.05304,0.1412,0.0663,0.176,0.0707,0.0242,0.211,120,3.428,1,10.76,6.1e-05,2.16,221.4,69.1,125.4,142,190.8,59.68,7.458e-06,2.408e-06,44.58,1.88e-06,140.996,1980000.4,55000.8,4.89,1,3.36,0.004326,73,105000,18620,0.229
76.72,6140,0.4418,0.0461,0.0126,1.46828,62600,0.0242,0.516,0.4356,0.003948,0.422,0.485,0.427,0.2886,0.223,10.472,0.08066,0.05304,0.1412,0.0663,0.176,0.0707,0.0242,0.211,120,3.428,1,10.76,6.1e-05,2.16,221.4,69.1,125.4,142,190.8,59.68,7.458e-06,2.408e-06,44.58,1.88e-06,140.996,1980000.4,55000.8,7.542,1,3.36,0.004326,73,105000,18620,0.229
61.3,6140,0.4418,0.0461,0.0126,1.46828,62600,0.0242,0.516,0.4356,0.003948,0.422,0.485,0.427,0.2886,0.223,10.472,0.08066,0.05304,0.1412,0.0663,0.176,0.0707,0.0242,0.211,120,3.428,1,10.76,6.1e-05,2.16,221.4,69.1,125.4,142,190.8,59.68,7.458e-06,2.408e-06,44.58,1.88e-06,140.996,1980000.4,55000.8,7.542,1,3.36,0.004326,73,105000,18620,0.229
61.3,6140,0.353,0.0461,0.0126,1.46828,62600,0.0242,0.516,0.4356,0.003948,0.422,0.485,0.427,0.2886,0.223,10.472,0.08066,0.05304,0.1412,0.0663,0.176,0.0707,0.0242,0.211,120,3.428,1,10.76,6.1e-05,2.16,221.4,69.1,125.4,142,190.8,59.68,7.458e-06,2.408e-06,44.58,1.88e-06,140.996,1980000.4,55000.8,7.542,1,3.36,0.004326,73,105000,18620,0.229
61.3,6140,0.353,0.0461,0.0126,1.46828,62600,0.0242,0.516,0.4356,0.003948,0.422,0.485,0.427,0.255,0.223,10.472,0.08066,0.05304,0.1412,0.0663,0.176,0.0707,0.0242,0.211,120,3.428,1,10.76,6.1e-05,2.16,221.4,69.1,125.4,142,190.8,59.68,7.458e-06,2.408e-06,44.58,1.88e-06,140.996,1980000.4,55000.8,7.542,1,3.36,0.004326,73,105000,18620,0.229
61.3,6140,0.353,0.0461,0.0126,1.46828,62600,0.0242,0.516,0.4356,0.003948,0.422,0.485,0.427,0.255,0.223,10.472,0.08066,0.05304,0.1412,0.0663,0.176,0.0707,0.0242,0.211,120,3.428,1,10.76,6.1e-05,2.16,221.4,69.1,125.4,142,190.8,59.68,7.458e-06,2.408e-06,44.58,1.88e-06,140.996,1980000.4,55000.8,7.542,1,10.44,0.004326,73,105000,18620,0.229
61.3,5054,0.353,0.0461,0.0126,1.46828,62600,0.0242,0.516,0.4356,0.003948,0.422,0.485,0.427,0.255,0.223,10.472,0.08066,0.05304,0.1412,0.0663,0.176,0.0707,0.0242,0.211,120,3.428,1,10.76,6.1e-05,2.16,221.4,69.1,125.4,142,190.8,59.68,7.458e-06,2.408e-06,44.58,1.88e-06,140.996,1980000.4,55000.8,7.542,1,10.44,0.004326,73,105000,18620,0.229
61.3,5054,0.353,0.0461,0.0126,1.46828,62600,0.0242,0.516,0.4356,0.003948,0.422,0.485,0.427,0.255,0.223,10.472,0.08066,0.05304,0.1412,0.0663,0.176,0.0707,0.0242,0.211,120,3.428,1,10.76,6.1e-05,2.16,221.4,69.1,125.4,142,190.8,59.68,7.458e-06,2.408e-06,44.58,1.88e-06,140.996,1,55000.8,7.542,1,10.44,0.004326,73,105000,18620,0.229
61.3,5054,0.353,0.0461,0.0126,1.46828,62600,0.0242,0.516,0.4356,0.003948,0.422,0.485,0.427,0.255,0.2524,10.472,0.08066,0.05304,0.1412,0.0663,0.176,0.0707,0.0242,0.211,120,3.428,1,10.76,6.1e-05,2.16,221.4,69.1,125.4,142,190.8,59.68,7.458e-06,2.408e-06,44.58,1.88e-06,140.996,1,55000.8,7.542,1,10.44,0.004326,73,105000,18620,0.229
61.3,5054,0.353,0.0461,0.0126,1.46828,62600,0.0242,0.5844,0.4356,0.003948,0.422,0.485,0.427,0.255,0.2524,10.472,0.08066,0.05304,0.1412,0.0663,0.176,0.0707,0.0242,0.211,120,3.428,1,10.76,6.1e-05,2.16,221.4,69.1,125.4,142,190.8,59.68,7.458e-06,2.408e-06,44.58,1.88e-06,140.996,1,55000.8,7.542,1,10.44,0.004326,73,105000,18620,0.229
61.3,5054,0.353,0.0461,0.0126,1.46828,62600,0.0242,0.5844,0.4356,0.003948,0.422,0.485,0.427,0.255,0.2524,10.472,0.08066,0.05304,0.158,0.0663,0.176,0.0707,0.0242,0.211,120,3.428,1,10.76,6.1e-05,2.16,221.4,69.1,125.4,142,190.8,59.68,7.458e-06,2.408e-06,44.58,1.88e-06,140.996,1,55000.8,7.542,1,10.44,0.004326,73,105000,18620,0.229
61.3,5054,0.353,0.0461,0.0126,1.46828,62600,0.0242,0.5844,0.4356,0.003948,0.422,0.485,0.427,0.255,0.2524,10.472,0.08066,0.05304,0.158,0.0663,0.176,0.0707,0.0242,0.211,120,3.428,1,10.76,6.1e-05,2.16,221.4,69.1,125.4,142,190.8,59.68,7.458e-06,2.408e-06,44.58,1.88e-06,140.996,1,55000.8,7.542,1,10.44,0.004326,73,105000,16400,0.229
61.3,5054,0.353,0.0461,0.0126,1.46828,62600,0.0242,0.5844,0.4356,0.003948,0.422,0.485,0.427,0.255,0.2524,10.472,0.08066,0.05304,0.158,0.0663,0.176,0.0707,0.0242,0.211,120,3.428,1,10.76,6.1e-05,2.16,221.4,69.1,125.4,142,169.2,59.68,7.458e-06,2.408e-06,44.58,1.88e-06,140.996,1,55000.8,7.542,1,10.44,0.004326,73,105000,16400,0.229
61.3,5054,0.353,0.0461,0.0126,1.46828,62600,0.0242,0.5844,0.4356,0.003948,0.422,0.485,0.427,0.255,0.2524,10.472,0.08066,0.05304,0.158,0.0663,0.176,0.0707,0.0242,0.211,120,3.428,1,10.76,6.1e-05,2.16,195,69.1,125.4,142,169.2,59.68,7.458e-06,2.408e-06,44.58,1.88e-06,140.996,1,55000.8,7.542,1,10.44,0.004326,73,105000,16400,0.229
61.3,5054,0.353,0.0461,0.0126,1.46828,62600,0.0242,0.5844,0.4356,0.003948,0.422,0.5492,0.427,0.255,0.2524,10.472,0.08066,0.05304,0.158,0.0663,0.176,0.0707,0.0242,0.211,120,3.428,1,10.76,6.1e-05,2.16,195,69.1,125.4,142,169.2,59.68,7.458e-06,2.408e-06,44.58,1.88e-06,140.996,1,55000.8,7.542,1,10.44,0.004326,73,105000,16400,0.229
61.3,5054,0.353,0.0461,0.0126,1.46828,62600,0.0242,0.5844,0.4356,0.003948,0.422,0.5492,0.427,0.255,0.2524,10.472,0.08066,0.05304,0.158,0.0663,0.176,0.0707,0.0242,0.211,120,3.428,1,10.76,6.1e-05,2.16,195,69.1,125.4,142,169.2,59.68,7.458e-06,2.408e-06,44.58,1.88e-06,140.996,1,55000.8,7.542,1,10.44,0.004326,73,42000.6,16400,0.229
61.3,5054,0.353,0.0461,0.0126,1.46828,62600,0.0242,0.5844,0.4356,0.003948,0.422,0.5492,0.427,0.255,0.2524,10.472,0.08066,0.05304,0.158,0.0663,0.2,0.0707,0.0242,0.211,120,3.428,1,10.76,6.1e-05,2.16,195,69.1,125.4,142,169.2,59.68,7.458e-06,2.408e-06,44.58,1.88e-06,140.996,1,55000.8,7.542,1,10.44,0.004326,73,42000.6,16400,0.229
61.3,5054,0.353,0.0461,0.0126,1.46828,62600,0.0242,0.5844,0.4356,0.004452,0.422,0.5492,0.427,0.255,0.2524,10.472,0.08066,0.05304,0.158,0.0663,0.2,0.0707,0.0242,0.211,120,3.428,1,10.76,6.1e-05,2.16,195,69.1,125.4,142,169.2,59.68,7.458e-06,2.408e-06,44.58,1.88e-06,140.996,1,55000.8,7.542,1,10.44,0.004326,73,42000.6,16400,0.229
61.3,5054,0.353,0.0461,0.0126,1.46828,62600,0.0242,0.5844,0.4356,0.004452,0.422,0.5492,0.427,0.255,0.2524,10.472,0.08066,0.05304,0.158,0.0663,0.2,0.0707,0.0242,0.211,120,3.02,1,10.76,6.1e-05,2.16,195,69.1,125.4,142,169.2,59.68,7.458e-06,2.408e-06,44.58,1.88e-06,140.996,1,55000.8,7.542,1,10.44,0.004326,73,42000.6,16400,0.229
61.3,5054,0.353,0.0461,0.0126,1.46828,62600,0.0242,0.5844,0.4356,0.004452,0.422,0.5492,0.427,0.255,0.2524,10.472,0.08066,0.05304,0.158,0.0663,0.2,0.0707,0.0242,0.211,120,3.02,1,10.76,6.1e-05,2.16,195,69.1,125.4,142,169.2,59.68,6.57e-06,2.408e-06,44.58,1.88e-06,140.996,1,55000.8,7.542,1,10.44,0.004326,73,42000.6,16400,0.229
61.3,5054,0.353,0.0461,0.0126,1.46828,62600,0.0242,0.5844,0.4356,0.004452,0.374,0.5492,0.427,0.255,0.2524,10.472,0.08066,0.05304,0.158,0.0663,0.2,0.0707,0.0242,0.211,120,3.02,1,10.76,6.1e-05,2.16,195,69.1,125.4,142,169.2,59.68,6.57e-06,2.408e-06,44.58,1.88e-06,140.996,1,55000.8,7.542,1,10.44,0.004326,73,42000.6,16400,0.229
61.3,5054,0.353,0.0407,0.0126,1.46828,62600,0.0242,0.5844,0.4356,0.004452,0.374,0.5492,0.427,0.255,0.2524,10.472,0.08066,0.05304,0.158,0.0663,0.2,0.0707,0.0242,0.211,120,3.02,1,10.76,6.1e-05,2.16,195,69.1,125.4,142,169.2,59.68,6.57e-06,2.408e-06,44.58,1.88e-06,140.996,1,55000.8,7.542,1,10.44,0.004326,73,42000.6,16400,0.229
61.3,5054,0.353,0.0407,0.0126,0.38312,62600,0.0242,0.5844,0.4356,0.004452,0.374,0.5492,0.427,0.255,0.2524,10.472,0.08066,0.05304,0.158,0.0663,0.2,0.0707,0.0242,0.211,120,3.02,1,10.76,6.1e-05,2.16,195,69.1,125.4,142,169.2,59.68,6.57e-06,2.408e-06,44.58,1.88e-06,140.996,1,55000.8,7.542,1,10.44,0.004326,73,42000.6,16400,0.229
61.3,5054,0.353,0.0407,0.0126,0.38312,62600,0.0242,0.5844,0.4356,0.004452,0.374,0.5492,0.427,0.255,0.2524,10.472,0.08066,0.05304,0.158,0.0663,0.2,0.0707,0.0242,0.211,120,3.02,1,10.76,6.1e-05,2.16,195,69.1,125.4,142,169.2,59.68,6.57e-06,2.408e-06,44.58,2.858e-06,140.996,1,55000.8,7.542,1,10.44,0.004326,73,42000.6,16400,0.229
61.3,5054,0.353,0.0407,0.0126,0.38312,62600,0.0242,0.5844,0.4356,0.004452,0.374,0.5492,0.427,0.255,0.2524,10.472,0.08066,0.05304,0.158,0.0663,0.2,0.0707,0.0242,0.211,120,3.02,1,10.76,0.0012244,2.16,195,69.1,125.4,142,169.2,59.68,6.57e-06,2.408e-06,44.58,2.858e-06,140.996,1,55000.8,7.542,1,10.44,0.004326,73,42000.6,16400,0.229
61.3,5054,0.353,0.0407,0.0126,0.38312,62600,0.0242,0.5844,0.4356,0.004452,0.374,0.5492,0.427,0.255,0.2524,10.472,0.08066,0.05304,0.158,0.0663,0.2,0.0707,0.0242,0.211,120,3.02,1,10.76,0.0012244,2.16,195,69.1,125.4,142,169.2,59.68,6.57e-06,2.408e-06,44.58,2.858e-06,140.996,1,55000.8,7.542,1,10.44,0.00537,73,42000.6,16400,0.229
61.3,5054,0.353,0.0407,0.0126,0.38312,62600,0.0272,0.5844,0.4356,0.004452,0.374,0.5492,0.427,0.255,0.2524,10.472,0.08066,0.05304,0.158,0.0663,0.2,0.0707,0.0242,0.211,120,3.02,1,10.76,0.0012244,2.16,195,69.1,125.4,142,169.2,59.68,6.57e-06,2.408e-06,44.58,2.858e-06,140.996,1,55000.8,7.542,1,10.44,0.00537,73,42000.6,16400,0.229
61.3,5054,0.353,0.0407,0.0126,0.38312,62600,0.0272,0.5844,0.4356,0.004452,0.374,0.5492,0.427,0.255,0.2524,10.472,0.08066,0.05304,0.158,0.0663,0.2,0.0707,0.0242,0.211,120,3.02,1,10.76,0.0012244,2.16,195,69.1,125.4,161.2,169.2,59.68,6.57e-06,2.408e-06,44.58,2.858e-06,140.996,1,55000.8,7.542,1,10.44,0.00537,73,42000.6,16400,0.229
61.3,5054,0.353,0.0407,0.0126,0.38312,62600,0.0272,0.5844,0.4356,0.004452,0.374,0.5492,0.427,0.255,0.2524,10.472,0.08066,0.0468,0.158,0.0663,0.2,0.0707,0.0242,0.211,120,3.02,1,10.76,0.0012244,2.16,195,69.1,125.4,161.2,169.2,59.68,6.57e-06,2.408e-06,44.58,2.858e-06,140.996,1,55000.8,7.542,1,10.44,0.00537,73,42000.6,16400,0.229
61.3,5054,0.353,0.0407,0.01428,0.38312,62600,0.0272,0.5844,0.4356,0.004452,0.374,0.5492,0.427,0.255,0.2524,10.472,0.08066,0.0468,0.158,0.0663,0.2,0.0707,0.0242,0.211,120,3.02,1,10.76,0.0012244,2.16,195,69.1,125.4,161.2,169.2,59.68,6.57e-06,2.408e-06,44.58,2.858e-06,140.996,1,55000.8,7.542,1,10.44,0.00537,73,42000.6,16400,0.229
61.3,5054,0.353,0.0407,0.01428,0.38312,62600,0.0272,0.5844,0.4356,0.004452,0.374,0.5492,0.427,0.255,0.2524,10.472,0.08066,0.0468,0.158,0.0663,0.2,0.0707,0.0242,0.1738,120,3.02,1,10.76,0.0012244,2.16,195,69.1,125.4,161.2,169.2,59.68,6.57e-06,2.408e-06,44.58,2.858e-06,140.996,1,55000.8,7.542,1,10.44,0.00537,73,42000.6,16400,0.229
61.3,5054,0.353,0.0407,0.01428,0.38312,62600,0.0272,0.5844,0.4356,0.004452,0.374,0.5492,0.427,0.255,0.2524,10.472,0.08066,0.0468,0.158,0.0663,0.2,0.0707,0.0242,0.1738,120,3.02,1,10.76,0.0012244,2.16,195,69.1,141.6,161.2,169.2,59.68,6.57e-06,2.408e-06,44.58,2.858e-06,140.996,1,55000.8,7.542,1,10.44,0.00537,73,42000.6,16400,0.229
61.3,5054,0.353,0.0407,0.01428,0.38312,62600,0.0272,0.5844,0.4356,0.004452,0.374,0.5492,0.379,0.255,0.2524,10.472,0.08066,0.0468,0.158,0.0663,0.2,0.0707,0.0242,0.1738,120,3.02,1,10.76,0.0012244,2.16,195,69.1,141.6,161.2,169.2,59.68,6.57e-06,2.408e-06,44.58,2.858e-06,140.996,1,55000.8,7.542,1,10.44,0.00537,73,42000.6,16400,0.229
61.3,5054,0.353,0.0407,0.01428,0.38312,62600,0.0272,0.5844,0.4356,0.004452,0.374,0.5492,0.379,0.255,0.2524,10.472,0.08066,0.0468,0.158,0.0585,0.2,0.0707,0.0242,0.1738,120,3.02,1,10.76,0.0012244,2.16,195,69.1,141.6,161.2,169.2,59.68,6.57e-06,2.408e-06,44.58,2.858e-06,140.996,1,55000.8,7.542,1,10.44,0.00537,73,42000.6,16400,0.229
61.3,5054,0.353,0.0407,0.01428,0.38312,62600,0.0272,0.5844,0.4356,0.004452,0.374,0.5492,0.379,0.255,0.2524,10.472,0.08066,0.0468,0.158,0.0585,0.2,0.0707,0.0242,0.1738,120,3.02,1,10.76,0.0012244,2.16,195,69.1,141.6,161.2,169.2,59.68,6.57e-06,2.408e-06,44.58,2.858e-06,140.996,1,55000.8,7.542,1,10.44,0.00537,41.8,42000.6,16400,0.229
61.3,5054,0.353,0.0407,0.01428,0.38312,62600,0.0272,0.5844,0.4356,0.004452,0.374,0.5492,0.379,0.255,0.2524,10.472,0.08066,0.0468,0.158,0.0585,0.2,0.0707,0.0242,0.1738,120,3.02,1,10.76,0.0012244,2.16,195,69.1,141.6,161.2,169.2,67,6.57e-06,2.408e-06,44.58,2.858e-06,140.996,1,55000.8,7.542,1,10.44,0.00537,41.8,42000.6,16400,0.229
61.3,5054,0.353,0.0407,0.01428,0.38312,62600,0.0272,0.5844,0.4356,0.004452,0.374,0.5492,0.379,0.255,0.2524,10.472,0.08066,0.0468,0.158,0.0585,0.2,0.0707,0.0242,0.1738,120,3.02,1,10.76,0.0012244,2.16,195,69.1,141.6,161.2,169.2,67,6.57e-06,2.408e-06,93,2.858e-06,140.996,1,55000.8,7.542,1,10.44,0.00537,41.8,42000.6,16400,0.229
61.3,5054,0.353,0.0407,0.01428,0.38312,62600,0.0272,0.5844,0.4356,0.004452,0.374,0.5492,0.379,0.255,0.2524,10.472,0.08066,0.0468,0.158,0.0585,0.2,0.0707,0.0242,0.1738,120,3.02,1,10.76,0.0012244,2.16,195,69.1,141.6,161.2,169.2,67,6.57e-06,2.408e-06,93,2.858e-06,140.996,1,220000.2,7.542,1,10.44,0.00537,41.8,42000.6,16400,0.229
61.3,5054,0.353,0.0407,0.01428,0.38312,50000,0.0272,0.5844,0.4356,0.004452,0.374,0.5492,0.379,0.255,0.2524,10.472,0.08066,0.0468,0.158,0.0585,0.2,0.0707,0.0242,0.1738,120,3.02,1,10.76,0.0012244,2.16,195,69.1,141.6,161.2,169.2,67,6.57e-06,2.408e-06,93,2.858e-06,140.996,1,220000.2,7.542,1,10.44,0.00537,41.8,42000.6,16400,0.229
61.3,5054,0.353,0.0407,0.01428,0.38312,50000,0.0272,0.5844,0.4356,0.004452,0.374,0.5492,0.379,0.255,0.2524,10.472,0.07154,0.0468,0.158,0.0585,0.2,0.0707,0.0242,0.1738,120,3.02,1,10.76,0.0012244,2.16,195,69.1,141.6,161.2,169.2,67,6.57e-06,2.408e-06,93,2.858e-06,140.996,1,220000.2,7.542,1,10.44,0.00537,41.8,42000.6,16400,0.229
61.3,5054,0.353,0.0407,0.01428,0.38312,50000,0.0272,0.5844,0.4356,0.004452,0.374,0.5492,0.379,0.255,0.2524,10.472,0.07154,0.0468,0.158,0.0585,0.2,0.0707,0.0242,0.1738,120,3.02,1,10.76,0.0012244,2.16,195,61.54,141.6,161.2,169.2,67,6.57e-06,2.408e-06,93,2.858e-06,140.996,1,220000.2,7.542,1,10.44,0.00537,41.8,42000.6,16400,0.229
61.3,5054,0.353,0.0407,0.01428,0.38312,50000,0.0272,0.5844,0.4356,0.004452,0.374,0.5492,0.379,0.255,0.2524,10.472,0.07154,0.0468,0.158,0.0585,0.2,0.0707,0.0242,0.1738,73.92,3.02,1,10.76,0.0012244,2.16,195,61.54,141.6,161.2,169.2,67,6.57e-06,2.408e-06,93,2.858e-06,140.996,1,220000.2,7.542,1,10.44,0.00537,41.8,42000.6,16400,0.229
61.3,5054,0.353,0.0407,0.01428,0.38312,50000,0.0272,0.5844,0.4356,0.004452,0.374,0.5492,0.379,0.255,0.2524,10.472,0.07154,0.0468,0.158,0.0585,0.2,0.0707,0.0242,0.1738,73.92,3.02,1,10.76,0.0012244,2.16,195,61.54,141.6,161.2,169.2,67,6.57e-06,1.79e-06,93,2.858e-06,140.996,1,220000.2,7.542,1,10.44,0.00537,41.8,42000.6,16400,0.229
61.3,5054,0.353,0.0407,0.01428,0.38312,50000,0.0272,0.5844,0.4356,0.004452,0.374,0.5492,0.379,0.255,0.2524,10.472,0.07154,0.0468,0.158,0.0585,0.2,0.0707,0.0242,0.1738,73.92,3.02,1,10.76,0.0012244,2.16,195,61.54,141.6,161.2,169.2,67,6.57e-06,1.79e-06,93,2.858e-06,140.996,1,220000.2,7.542,21.7,10.44,0.00537,41.8,42000.6,16400,0.229
61.3,5054,0.353,0.0407,0.01428,0.38312,50000,0.0272,0.5844,0.4356,0.004452,0.374,0.5492,0.379,0.255,0.2524,10.472,0.07154,0.0468,0.158,0.0585,0.2,0.0707,0.0242,0.1738,73.92,3.02,1,12.44,0.0012244,2.16,195,61.54,141.6,161.2,169.2,67,6.57e-06,1.79e-06,93,2.858e-06,140.996,1,220000.2,7.542,21.7,10.44,0.00537,41.8,42000.6,16400,0.229
61.3,4330,0.4418,0.0461,0.01484,1.46828,62600,0.0252,0.6072,0.384,0.004452,0.406,0.592,0.411,0.2998,0.2328,10.886,0.07458,0.05304,0.1468,0.0637,0.192,0.06814,0.02156,0.149,73.92,3.156,1152.6,10.76,0.0016122,1.58,230.2,61.54,130.8,174,198,62.12,8.05e-06,2.202e-06,60.72,1.88e-06,107.992,1,220000.2,9.31,21.7,3.36,0.004326,52.2,63000.4,18620,0.00129
61.3,4330,0.4418,0.0461,0.01484,1.46828,62600,0.0252,0.6072,0.384,0.004452,0.406,0.592,0.411,0.2998,0.2328,10.886,0.07458,0.05304,0.1468,0.0637,0.192,0.06814,0.02156,0.149,73.92,3.156,1152.6,10.76,0.0016122,1.58,230.2,61.54,130.8,154.8,198,62.12,8.05e-06,2.202e-06,60.72,1.88e-06,107.992,1,220000.2,9.31,21.7,3.36,0.004326,52.2,63000.4,18620,0.00129
61.3,4330,0.4418,0.0461,0.01484,1.46828,62600,0.0252,0.6072,0.384,0.004452,0.406,0.592,0.411,0.2998,0.2622,10.886,0.07458,0.05304,0.1468,0.0637,0.192,0.06814,0.02156,0.149,73.92,3.156,1152.6,10.76,0.0016122,1.58,230.2,61.54,130.8,154.8,198,62.12,8.05e-06,2.202e-06,60.72,1.88e-06,107.992,1,220000.2,9.31,21.7,3.36,0.004326,52.2,63000.4,18620,0.00129
61.3,4330,0.4418,0.0461,0.01484,1.46828,62600,0.0252,0.6072,0.384,0.004452,0.406,0.592,0.411,0.2998,0.2622,10.886,0.07458,0.05304,0.1468,0.0637,0.192,0.06814,0.02156,0.149,73.92,3.156,1152.6,10.76,0.0016122,1.58,230.2,61.54,130.8,154.8,198,62.12,8.05e-06,2.202e-06,60.72,1.88e-06,107.992,1,220000.2,9.31,1,3.36,0.004326,52.2,63000.4,18620,0.00129
61.3,4330,0.4418,0.0461,0.01484,1.46828,62600,0.0252,0.6072,0.384,0.004452,0.406,0.592,0.411,0.2998,0.2622,10.886,0.07458,0.05304,0.1468,0.0637,0.192,0.06814,0.02156,0.149,73.92,3.156,1152.6,10.76,0.0016122,1.58,230.2,61.54,130.8,154.8,198,62.12,8.05e-06,2.202e-06,60.72,1.88e-06,107.992,1,220000.2,9.31,1,10.44,0.004326,52.2,63000.4,18620,0.00129
61.3,4330,0.4418,0.0461,0.01484,1.46828,62600,0.0252,0.6072,0.384,0.004452,0.406,0.592,0.363,0.2998,0.2622,10.886,0.07458,0.05304,0.1468,0.0637,0.192,0.06814,0.02156,0.149,73.92,3.156,1152.6,10.76,0.0016122,1.58,230.2,61.54,130.8,154.8,198,62.12,8.05e-06,2.202e-06,60.72,1.88e-06,107.992,1,220000.2,9.31,1,10.44,0.004326,52.2,63000.4,18620,0.00129
61.3,4330,0.4418,0.0461,0.01484,1.46828,62600,0.0252,0.6072,0.384,0.004452,0.406,0.592,0.363,0.2998,0.2622,10.886,0.07458,0.05304,0.1468,0.0637,0.192,0.06814,0.02156,0.149,73.92,3.156,1152.6,10.76,0.0016122,1.58,230.2,61.54,130.8,154.8,198,62.12,8.05e-06,2.202e-06,12.3,1.88e-06,107.992,1,220000.2,9.31,1,10.44,0.004326,52.2,63000.4,18620,0.00129
61.3,4330,0.4418,0.0461,0.01484,1.46828,62600,0.0252,0.6072,0.384,0.004452,0.406,0.592,0.363,0.2998,0.2622,10.886,0.07458,0.05304,0.1468,0.0637,0.192,0.06814,0.02156,0.1862,73.92,3.156,1152.6,10.76,0.0016122,1.58,230.2,61.54,130.8,154.8,198,62.12,8.05e-06,2.202e-06,12.3,1.88e-06,107.992,1,220000.2,9.31,1,10.44,0.004326,52.2,63000.4,18620,0.00129
61.3,4330,0.4418,0.0461,0.01484,1.46828,62600,0.0252,0.6072,0.384,0.004452,0.406,0.592,0.363,0.2998,0.2622,10.886,0.07458,0.05304,0.1468,0.0637,0.192,0.06814,0.02156,0.1862,73.92,3.156,1152.6,10.76,0.0016122,1.58,230.2,61.54,130.8,154.8,198,62.12,8.05e-06,2.202e-06,12.3,2.858e-06,107.992,1,220000.2,9.31,1,10.44,0.004326,52.2,63000.4,18620,0.00129
61.3,5416,0.4418,0.0461,0.01484,1.46828,62600,0.0252,0.6072,0.384,0.004452,0.406,0.592,0.363,0.2998,0.2622,10.886,0.07458,0.05304,0.1468,0.0637,0.192,0.06814,0.02156,0.1862,73.92,3.156,1152.6,10.76,0.0016122,1.58,230.2,61.54,130.8,154.8,198,62.12,8.05e-06,2.202e-06,12.3,2.858e-06,107.992,1,220000.2,9.31,1,10.44,0.004326,52.2,63000.4,18620,0.00129
61.3,5416,0.4418,0.0461,0.01484,1.46828,62600,0.0252,0.6072,0.384,0.004452,0.406,0.592,0.363,0.2662,0.2622,10.886,0.07458,0.05304,0.1468,0.0637,0.192,0.06814,0.02156,0.1862,73.92,3.156,1152.6,10.76,0.0016122,1.58,230.2,61.54,130.8,154.8,198,62.12,8.05e-06,2.202e-06,12.3,2.858e-06,107.992,1,220000.2,9.31,1,10.44,0.004326,52.2,63000.4,18620,0.00129
61.3,5416,0.4418,0.0461,0.01484,1.46828,62600,0.0252,0.5388,0.384,0.004452,0.406,0.592,0.363,0.2662,0.2622,10.886,0.07458,0.05304,0.1468,0.0637,0.192,0.06814,0.02156,0.1862,73.92,3.156,1152.6,10.76,0.0016122,1.58,230.2,61.54,130.8,154.8,198,62.12,8.05e-06,2.202e-06,12.3,2.858e-06,107.992,1,220000.2,9.31,1,10.44,0.004326,52.2,63000.4,18620,0.00129
61.3,5416,0.4418,0.0461,0.01484,1.46828,62600,0.0252,0.5388,0.384,0.004452,0.406,0.592,0.363,0.2662,0.2622,10.886,0.07458,0.05304,0.1468,0.0637,0.192,0.06814,0.02156,0.1862,73.92,3.156,1152.6,10.76,0.0016122,1.58,230.2,61.54,130.8,154.8,198,62.12,8.05e-06,2.82e-06,12.3,2.858e-06,107.992,1,220000.2,9.31,1,10.44,0.004326,52.2,63000.4,18620,0.00129
61.3,5416,0.4418,0.0461,0.01484,1.46828,62600,0.0252,0.5388,0.384,0.004452,0.406,0.592,0.363,0.2662,0.2622,10.886,0.07458,0.05304,0.1468,0.0637,0.192,0.06814,0.02156,0.1862,73.92,3.156,1152.6,10.76,0.0016122,1.58,230.2,61.54,130.8,154.8,198,62.12,8.05e-06,2.82e-06,12.3,2.858e-06,107.992,1,220000.2,9.31,1,10.44,0.004326,52.2,63000.4,18620,0.137916
61.3,5416,0.4418,0.0461,0.01484,1.46828,62600,0.0252,0.5388,0.384,0.004452,0.406,0.592,0.363,0.2662,0.2622,10.886,0.07458,0.05304,0.1468,0.0637,0.192,0.06814,0.02156,0.1862,73.92,3.156,1152.6,10.76,0.0016122,1.58,230.2,61.54,130.8,154.8,198,62.12,8.05e-06,2.82e-06,12.3,2.858e-06,107.992,1,55000.8,9.31,1,10.44,0.004326,52.2,63000.4,18620,0.137916
61.3,5416,0.4418,0.0461,0.01484,1.46828,62600,0.0252,0.5388,0.384,0.004452,0.406,0.592,0.363,0.2662,0.2622,10.886,0.07458,0.05304,0.1468,0.0637,0.192,0.06814,0.02156,0.1862,73.92,3.156,1152.6,10.76,0.0016122,1.58,230.2,61.54,130.8,154.8,198,62.12,8.05e-06,2.82e-06,12.3,2.858e-06,107.992,1980000.4,55000.8,9.31,1,10.44,0.004326,52.2,63000.4,18620,0.137916
61.3,5416,0.4418,0.0461,0.01484,1.46828,50000,0.0252,0.5388,0.384,0.004452,0.406,0.592,0.363,0.2662,0.2622,10.886,0.07458,0.05304,0.1468,0.0637,0.192,0.06814,0.02156,0.1862,73.92,3.156,1152.6,10.76,0.0016122,1.58,230.2,61.54,130.8,154.8,198,62.12,8.05e-06,2.82e-06,12.3,2.858e-06,107.992,1980000.4,55000.8,9.31,1,10.44,0.004326,52.2,63000.4,18620,0.137916
61.3,5416,0.4418,0.0461,0.01484,1.46828,50000,0.0252,0.5388,0.384,0.004452,0.406,0.592,0.363,0.2662,0.2622,10.886,0.07458,0.05304,0.1468,0.0637,0.192,0.06814,0.0242,0.1862,73.92,3.156,1152.6,10.76,0.0016122,1.58,230.2,61.54,130.8,154.8,198,62.12,8.05e-06,2.82e-06,12.3,2.858e-06,107.992,1980000.4,55000.8,9.31,1,10.44,0.004326,52.2,63000.4,18620,0.137916
61.3,5416,0.4418,0.0461,0.01484,1.46828,50000,0.0252,0.5388,0.384,0.004452,0.406,0.592,0.363,0.2662,0.2622,10.886,0.07458,0.05304,0.1468,0.0637,0.192,0.06814,0.0242,0.1862,73.92,3.156,1152.6,10.76,0.0016122,1.58,230.2,61.54,130.8,154.8,176.4,62.12,8.05e-06,2.82e-06,12.3,2.858e-06,107.992,1980000.4,55000.8,9.31,1,10.44,0.004326,52.2,63000.4,18620,0.137916
61.3,5416,0.4418,0.0461,0.01316,1.46828,50000,0.0252,0.5388,0.384,0.004452,0.406,0.592,0.363,0.2662,0.2622,10.886,0.07458,0.05304,0.1468,0.0637,0.192,0.06814,0.0242,0.1862,73.92,3.156,1152.6,10.76,0.0016122,1.58,230.2,61.54,130.8,154.8,176.4,62.12,8.05e-06,2.82e-06,12.3,2.858e-06,107.992,1980000.4,55000.8,9.31,1,10.44,0.004326,52.2,63000.4,18620,0.137916
61.3,5416,0.4418,0.0461,0.01316,1.46828,50000,0.0252,0.5388,0.384,0.004452,0.406,0.592,0.363,0.2662,0.2622,10.886,0.07458,0.05304,0.1468,0.0637,0.192,0.06814,0.0242,0.1862,73.92,3.156,1152.6,12.44,0.0016122,1.58,230.2,61.54,130.8,154.8,176.4,62.12,8.05e-06,2.82e-06,12.3,2.858e-06,107.992,1980000.4,55000.8,9.31,1,10.44,0.004326,52.2,63000.4,18620,0.137916
61.3,5416,0.4418,0.0461,0.01316,1.46828,50000,0.0252,0.5388,0.384,0.004452,0.406,0.592,0.363,0.2662,0.2622,10.886,0.07458,0.05304,0.1468,0.0637,0.192,0.06046,0.0242,0.1862,73.92,3.156,1152.6,12.44,0.0016122,1.58,230.2,61.54,130.8,154.8,176.4,62.12,8.05e-06,2.82e-06,12.3,2.858e-06,107.992,1980000.4,55000.8,9.31,1,10.44,0.004326,52.2,63000.4,18620,0.137916
61.3,5416,0.4418,0.0461,0.01316,1.46828,50000,0.0252,0.5388,0.384,0.004452,0.406,0.592,0.363,0.2662,0.2622,10.886,0.07458,0.05304,0.1468,0.0637,0.192,0.06046,0.0242,0.1862,73.92,3.156,1152.6,12.44,0.0016122,1.58,230.2,61.54,130.8,154.8,176.4,62.12,8.05e-06,2.82e-06,12.3,2.858e-06,107.992,1980000.4,55000.8,9.31,1,10.44,0.004326,52.2,1,18620,0.137916
61.3,5416,0.4418,0.0461,0.01316,1.46828,50000,0.0252,0.5388,0.384,0.004452,0.406,0.592,0.363,0.2662,0.2622,10.886,0.07458,0.05304,0.1468,0.0637,0.192,0.06046,0.0242,0.1862,73.92,3.156,1152.6,12.44,0.0016122,1.58,230.2,61.54,130.8,154.8,176.4,62.12,8.05e-06,2.82e-06,12.3,2.858e-06,8.98,1980000.4,55000.8,9.31,1,10.44,0.004326,52.2,1,18620,0.137916
61.3,5416,0.4418,0.0461,0.01316,1.46828,50000,0.0252,0.5388,0.384,0.003948,0.406,0.592,0.363,0.2662,0.2622,10.886,0.07458,0.05304,0.1468,0.0637,0.192,0.06046,0.0242,0.1862,73.92,3.156,1152.6,12.44,0.0016122,1.58,230.2,61.54,130.8,154.8,176.4,62.12,8.05e-06,2.82e-06,12.3,2.858e-06,8.98,1980000.4,55000.8,9.31,1,10.44,0.004326,52.2,1,18620,0.137916
61.3,5416,0.4418,0.0461,0.01316,1.46828,50000,0.0252,0.5388,0.384,0.003948,0.406,0.592,0.363,0.2662,0.2622,10.886,0.07458,0.05304,0.1468,0.0637,0.192,0.06046,0.0242,0.1862,73.92,3.156,1152.6,12.44,0.0016122,1.58,230.2,61.54,130.8,154.8,176.4,62.12,8.05e-06,2.82e-06,12.3,2.858e-06,8.98,1980000.4,55000.8,9.31,1,10.44,0.00537,52.2,1,18620,0.137916
61.3,5416,0.4418,0.0461,0.01316,1.46828,50000,0.0252,0.5388,0.384,0.003948,0.406,0.592,0.363,0.2662,0.2622,10.886,0.07458,0.05304,0.1468,0.0637,0.192,0.06046,0.0242,0.1862,73.92,3.156,1152.6,12.44,0.0016122,1.58,230.2,61.54,130.8,154.8,176.4,62.12,8.05e-06,2.82e-06,12.3,2.858e-06,8.98,1980000.4,55000.8,9.31,1,10.44,0.00537,52.2,1,16400,0.137916
61.3,5416,0.4418,0.0461,0.01316,1.46828,50000,0.0252,0.5388,0.384,0.003948,0.406,0.592,0.363,0.2662,0.2622,10.886,0.07458,0.0468,0.1468,0.0637,0.192,0.06046,0.0242,0.1862,73.92,3.156,1152.6,12.44,0.0016122,1.58,230.2,61.54,130.8,154.8,176.4,62.12,8.05e-06,2.82e-06,12.3,2.858e-06,8.98,1980000.4,55000.8,9.31,1,10.44,0.00537,52.2,1,16400,0.137916
61.3,5416,0.4418,0.0461,0.01316,1.46828,50000,0.0252,0.5388,0.384,0.003948,0.406,0.592,0.363,0.2662,0.2622,10.886,0.07458,0.0468,0.1468,0.0637,0.192,0.06046,0.0242,0.1862,73.92,3.156,1152.6,12.44,0.0016122,1.58,230.2,61.54,130.8,154.8,176.4,62.12,8.05e-06,2.82e-06,12.3,2.858e-06,8.98,1980000.4,55000.8,9.31,1,10.44,0.00537,21,1,16400,0.137916
61.3,5416,0.4418,0.0461,0.01316,1.46828,50000,0.0252,0.5388,0.4356,0.003948,0.406,0.592,0.363,0.2662,0.2622,10.886,0.07458,0.0468,0.1468,0.0637,0.192,0.06046,0.0242,0.1862,73.92,3.156,1152.6,12.44,0.0016122,1.58,230.2,61.54,130.8,154.8,176.4,62.12,8.05e-06,2.82e-06,12.3,2.858e-06,8.98,1980000.4,55000.8,9.31,1,10.44,0.00537,21,1,16400,0.137916
61.3,5416,0.4418,0.0461,0.01316,1.46828,50000,0.0252,0.5388,0.4356,0.003948,0.406,0.592,0.363,0.2662,0.2622,10.886,0.07458,0.0468,0.1468,0.0637,0.192,0.06046,0.0242,0.1862,73.92,3.156,1152.6,12.44,0.0016122,1.58,230.2,61.54,130.8,154.8,176.4,62.12,8.05e-06,2.82e-06,12.3,2.858e-06,8.98,1980000.4,55000.8,6.658,1,10.44,0.00537,21,1,16400,0.137916
61.3,5416,0.353,0.0461,0.01316,1.46828,50000,0.0252,0.5388,0.4356,0.003948,0.406,0.592,0.363,0.2662,0.2622,10.886,0.07458,0.0468,0.1468,0.0637,0.192,0.06046,0.0242,0.1862,73.92,3.156,1152.6,12.44,0.0016122,1.58,230.2,61.54,130.8,154.8,176.4,62.12,8.05e-06,2.82e-06,12.3,2.858e-06,8.98,1980000.4,55000.8,6.658,1,10.44,0.00537,21,1,16400,0.137916
61.3,5416,0.353,0.0407,0.01316,1.46828,50000,0.0252,0.5388,0.4356,0.003948,0.406,0.592,0.363,0.2662,0.2622,10.886,0.07458,0.0468,0.1468,0.0637,0.192,0.06046,0.0242,0.1862,73.92,3.156,1152.6,12.44,0.0016122,1.58,230.2,61.54,130.8,154.8,176.4,62.12,8.05e-06,2.82e-06,12.3,2.858e-06,8.98,1980000.4,55000.8,6.658,1,10.44,0.00537,21,1,16400,0.137916
61.3,5416,0.353,0.0407,0.01316,1.46828,50000,0.0252,0.5388,0.4356,0.003948,0.406,0.592,0.363,0.2662,0.2622,10.886,0.07458,0.0468,0.1468,0.0637,0.192,0.06046,0.0242,0.1862,73.92,3.156,1152.6,12.44,0.0016122,1.58,230.2,61.54,130.8,154.8,176.4,62.12,7.162e-06,2.82e-06,12.3,2.858e-06,8.98,1980000.4,55000.8,6.658,1,10.44,0.00537,21,1,16400,0.137916
61.3,5416,0.353,0.0407,0.01316,1.46828,50000,0.0252,0.5388,0.4356,0.003948,0.406,0.592,0.363,0.2662,0.2622,10.886,0.0837,0.0468,0.1468,0.0637,0.192,0.06046,0.0242,0.1862,73.92,3.156,1152.6,12.44,0.0016122,1.58,230.2,61.54,130.8,154.8,176.4,62.12,7.162e-06,2.82e-06,12.3,2.858e-06,8.98,1980000.4,55000.8,6.658,1,10.44,0.00537,21,1,16400,0.137916
61.3,5416,0.353,0.0407,0.01316,1.46828,50000,0.0252,0.5388,0.4356,0.003948,0.406,0.592,0.363,0.2662,0.2622,10.886,0.0837,0.0468,0.1468,0.0637,0.192,0.06046,0.0242,0.1862,120,3.156,1152.6,12.44,0.0016122,1.58,230.2,61.54,130.8,154.8,176.4,62.12,7.162e-06,2.82e-06,12.3,2.858e-06,8.98,1980000.4,55000.8,6.658,1,10.44,0.00537,21,1,16400,0.137916
61.3,5416,0.353,0.0407,0.01316,1.46828,50000,0.0252,0.5388,0.4356,0.003948,0.406,0.592,0.363,0.2662,0.2622,9.644,0.0837,0.0468,0.1468,0.0637,0.192,0.06046,0.0242,0.1862,120,3.156,1152.6,12.44,0.0016122,1.58,230.2,61.54,130.8,154.8,176.4,62.12,7.162e-06,2.82e-06,12.3,2.858e-06,8.98,1980000.4,55000.8,6.658,1,10.44,0.00537,21,1,16400,0.137916
61.3,5416,0.353,0.0407,0.01316,1.46828,50000,0.0252,0.5388,0.4356,0.003948,0.406,0.592,0.363,0.2662,0.2622,9.644,0.0837,0.0468,0.1468,0.0637,0.192,0.06046,0.0242,0.1862,120,3.156,1152.6,12.44,0.0016122,1.58,230.2,61.54,147,154.8,176.4,62.12,7.162e-06,2.82e-06,12.3,2.858e-06,8.98,1980000.4,55000.8,6.658,1,10.44,0.00537,21,1,16400,0.137916
61.3,5416,0.353,0.0407,0.01316,1.46828,50000,0.0252,0.5388,0.4356,0.003948,0.406,0.592,0.363,0.2662,0.2622,9.644,0.0837,0.0468,0.1468,0.0715,0.192,0.06046,0.0242,0.1862,120,3.156,1152.6,12.44,0.0016122,1.58,230.2,61.54,147,154.8,176.4,62.12,7.162e-06,2.82e-06,12.3,2.858e-06,8.98,1980000.4,55000.8,6.658,1,10.44,0.00537,21,1,16400,0.137916
61.3,5416,0.353,0.0407,0.01316,1.46828,50000,0.0252,0.5388,0.4356,0.003948,0.406,0.592,0.363,0.2662,0.2622,9.644,0.0837,0.0468,0.1468,0.0715,0.216,0.06046,0.0242,0.1862,120,3.156,1152.6,12.44,0.0016122,1.58,230.2,61.54,147,154.8,176.4,62.12,7.162e-06,2.82e-06,12.3,2.858e-06,8.98,1980000.4,55000.8,6.658,1,10.44,0.00537,21,1,16400,0.137916
61.3,5416,0.353,0.0407,0.01316,1.46828,50000,0.0252,0.5388,0.4356,0.003948,0.406,0.592,0.363,0.2662,0.2622,9.644,0.0837,0.0468,0.1468,0.0715,0.216,0.06046,0.0242,0.1862,120,3.156,1152.6,12.44,0.0016122,1.58,230.2,61.54,147,154.8,176.4,54.8,7.162e-06,2.82e-06,12.3,2.858e-06,8.98,1980000.4,55000.8,6.658,1,10.44,0.00537,21,1,16400,0.137916
61.3,5416,0.353,0.0407,0.01316,1.46828,50000,0.0252,0.5388,0.4356,0.003948,0.406,0.592,0.363,0.2662,0.2622,9.644,0.0837,0.0468,0.1468,0.0715,0.216,0.06046,0.0242,0.1862,120,3.156,1152.6,12.44,0.0004488,1.58,230.2,61.54,147,154.8,176.4,54.8,7.162e-06,2.82e-06,12.3,2.858e-06,8.98,1980000.4,55000.8,6.658,1,10.44,0.00537,21,1,16400,0.137916
61.3,5416,0.353,0.0407,0.01316,0.38312,50000,0.0252,0.5388,0.4356,0.003948,0.406,0.592,0.363,0.2662,0.2622,9.644,0.0837,0.0468,0.1468,0.0715,0.216,0.06046,0.0242,0.1862,120,3.156,1152.6,12.44,0.0004488,1.58,230.2,61.54,147,154.8,176.4,54.8,7.162e-06,2.82e-06,12.3,2.858e-06,8.98,1980000.4,55000.8,6.658,1,10.44,0.00537,21,1,16400,0.137916
61.3,5416,0.353,0.0407,0.01316,0.38312,50000,0.0252,0.5388,0.4356,0.003948,0.406,0.592,0.363,0.2662,0.2622,9.644,0.0837,0.0468,0.1468,0.0715,0.216,0.06046,0.0242,0.1862,120,3.156,1152.6,12.44,0.0004488,3.32,230.2,61.54,147,154.8,176.4,54.8,7.162e-06,2.82e-06,12.3,2.858e-06,8.98,1980000.4,55000.8,6.658,1,10.44,0.00537,21,1,16400,0.137916
61.3,5416,0.353,0.0407,0.01316,0.38312,50000,0.0252,0.5388,0.4356,0.003948,0.406,0.592,0.363,0.2662,0.2622,9.644,0.0837,0.0468,0.1468,0.0715,0.216,0.06046,0.0242,0.1862,120,3.156,2880,12.44,0.0004488,3.32,230.2,61.54,147,154.8,176.4,54.8,7.162e-06,2.82e-06,12.3,2.858e-06,8.98,1980000.4,55000.8,6.658,1,10.44,0.00537,21,1,16400,0.137916
61.3,5416,0.353,0.0407,0.01316,0.38312,50000,0.0252,0.5388,0.4356,0.003948,0.406,0.5278,0.363,0.2662,0.2622,9.644,0.0837,0.0468,0.1468,0.0715,0.216,0.06046,0.0242,0.1862,120,3.156,2880,12.44,0.0004488,3.32,230.2,61.54,147,154.8,176.4,54.8,7.162e-06,2.82e-06,12.3,2.858e-06,8.98,1980000.4,55000.8,6.658,1,10.44,0.00537,21,1,16400,0.137916
76.72,5416,0.353,0.0407,0.01316,0.38312,50000,0.0252,0.5388,0.4356,0.003948,0.406,0.5278,0.363,0.2662,0.2622,9.644,0.0837,0.0468,0.1468,0.0715,0.216,0.06046,0.0242,0.1862,120,3.156,2880,12.44,0.0004488,3.32,230.2,61.54,147,154.8,176.4,54.8,7.162e-06,2.82e-06,12.3,2.858e-06,8.98,1980000.4,55000.8,6.658,1,10.44,0.00537,21,1,16400,0.137916
76.72,5416,0.353,0.0407,0.01316,0.38312,50000,0.0252,0.5388,0.4356,0.003948,0.406,0.5278,0.363,0.2662,0.2622,9.644,0.0837,0.0468,0.1468,0.0715,0.216,0.06046,0.0242,0.1862,120,3.564,2880,12.44,0.0004488,3.32,230.2,61.54,147,154.8,176.4,54.8,7.162e-06,2.82e-06,12.3,2.858e-06,8.98,1980000.4,55000.8,6.658,1,10.44,0.00537,21,1,16400,0.137916
76.72,5416,0.353,0.0407,0.01316,0.38312,50000,0.0252,0.5388,0.4356,0.003948,0.406,0.5278,0.363,0.2662,0.2622,9.644,0.0837,0.0468,0.13,0.0715,0.216,0.06046,0.0242,0.1862,120,3.564,2880,12.44,0.0004488,3.32,230.2,61.54,147,154.8,176.4,54.8,7.162e-06,2.82e-06,12.3,2.858e-06,8.98,1980000.4,55000.8,6.658,1,10.44,0.00537,21,1,16400,0.137916
76.72,5416,0.353,0.0407,0.01316,0.38312,50000,0.0252,0.5388,0.4356,0.003948,0.406,0.5278,0.363,0.2662,0.2622,9.644,0.0837,0.0468,0.13,0.0715,0.216,0.06046,0.0242,0.1862,120,3.564,2880,12.44,0.0004488,3.32,203.8,61.54,147,154.8,176.4,54.8,7.162e-06,2.82e-06,12.3,2.858e-06,8.98,1980000.4,55000.8,6.658,1,10.44,0.00537,21,1,16400,0.137916
76.72,5416,0.353,0.0407,0.01316,0.38312,50000,0.0252,0.5388,0.4356,0.003948,0.406,0.5278,0.363,0.2662,0.2622,9.644,0.0837,0.0468,0.13,0.0715,0.216,0.06046,0.0242,0.1862,120,3.564,2880,12.44,0.0004488,3.32,203.8,69.1,147,154.8,176.4,54.8,7.162e-06,2.82e-06,12.3,2.858e-06,8.98,1980000.4,55000.8,6.658,1,10.44,0.00537,21,1,16400,0.137916
76.72,5416,0.353,0.0407,0.01316,0.38312,50000,0.0222,0.5388,0.4356,0.003948,0.406,0.5278,0.363,0.2662,0.2622,9.644,0.0837,0.0468,0.13,0.0715,0.216,0.06046,0.0242,0.1862,120,3.564,2880,12.44,0.0004488,3.32,203.8,69.1,147,154.8,176.4,54.8,7.162e-06,2.82e-06,12.3,2.858e-06,8.98,1980000.4,55000.8,6.658,1,10.44,0.00537,21,1,16400,0.137916
76.72,5416,0.353,0.0407,0.01316,0.38312,50000,0.0222,0.5388,0.4356,0.003948,0.358,0.5278,0.363,0.2662,0.2622,9.644,0.0837,0.0468,0.13,0.0715,0.216,0.06046,0.0242,0.1862,120,3.564,2880,12.44,0.0004488,3.32,203.8,69.1,147,154.8,176.4,54.8,7.162e-06,2.82e-06,12.3,2.858e-06,8.98,1980000.4,55000.8,6.658,1,10.44,0.00537,21,1,16400,0.137916
61.3,5054,0.3826,0.0497,0.0126,0.38312,50000,0.0222,0.5844,0.4356,0.00462,0.438,0.5492,0.443,0.2998,0.223,9.23,0.07154,0.04888,0.1412,0.0611,0.208,0.06302,0.02332,0.1738,43.2,3.428,2880,11.32,6.1e-05,2.16,239,64.06,136.2,142,198,67,7.162e-06,2.614e-06,28.44,3.51e-06,174,1980000.4,55000.8,8.426,28.6,8.08,0.00537,62.6,21000.8,19360,0.183458
61.3,5054,0.3826,0.0497,0.0126,0.38312,50000,0.0222,0.5844,0.4356,0.00462,0.438,0.5492,0.443,0.2998,0.223,9.23,0.07154,0.04888,0.1412,0.0611,0.208,0.06302,0.02332,0.1738,43.2,3.428,2880,11.32,6.1e-05,2.16,239,64.06,136.2,142,198,67,7.162e-06,1.996e-06,28.44,3.51e-06,174,1980000.4,55000.8,8.426,28.6,8.08,0.00537,62.6,21000.8,19360,0.183458
61.3,5054,0.3826,0.0497,0.0126,0.38312,50000,0.0222,0.5844,0.4356,0.00462,0.438,0.5492,0.443,0.2998,0.223,9.23,0.07154,0.04888,0.1412,0.0611,0.208,0.06302,0.02332,0.1738,43.2,3.428,2880,11.32,6.1e-05,2.16,239,64.06,136.2,142,198,67,7.162e-06,1.996e-06,28.44,3.51e-06,174,1980000.4,55000.8,8.426,7.9,8.08,0.00537,62.6,21000.8,19360,0.183458
61.3,5054,0.3826,0.0497,0.0126,0.38312,50000,0.0252,0.5844,0.4356,0.00462,0.438,0.5492,0.443,0.2998,0.223,9.23,0.07154,0.04888,0.1412,0.0611,0.208,0.06302,0.02332,0.1738,43.2,3.428,2880,11.32,6.1e-05,2.16,239,64.06,136.2,142,198,67,7.162e-06,1.996e-06,28.44,3.51e-06,174,1980000.4,55000.8,8.426,7.9,8.08,0.00537,62.6,21000.8,19360,0.183458
76.72,5054,0.3826,0.0497,0.0126,0.38312,50000,0.0252,0.5844,0.4356,0.00462,0.438,0.5492,0.443,0.2998,0.223,9.23,0.07154,0.04888,0.1412,0.0611,0.208,0.06302,0.02332,0.1738,43.2,3.428,2880,11.32,6.1e-05,2.16,239,64.06,136.2,142,198,67,7.162e-06,1.996e-06,28.44,3.51e-06,174,1980000.4,55000.8,8.426,7.9,8.08,0.00537,62.6,21000.8,19360,0.183458
76.72,5054,0.3826,0.0497,0.0126,0.38312,50000,0.0252,0.5844,0.4356,0.00462,0.438,0.5492,0.443,0.2998,0.223,9.23,0.07154,0.04888,0.1412,0.0611,0.208,0.06302,0.02332,0.1738,43.2,3.428,2880,11.32,6.1e-05,2.16,239,64.06,136.2,142,198,67,7.162e-06,1.996e-06,28.44,3.51e-06,174,1,55000.8,8.426,7.9,8.08,0.00537,62.6,21000.8,19360,0.183458
76.72,5054,0.3826,0.0497,0.0126,0.38312,50000,0.0252,0.5844,0.4356,0.00462,0.438,0.5492,0.443,0.2998,0.223,9.23,0.07154,0.04888,0.1412,0.0611,0.208,0.06302,0.02332,0.1738,43.2,3.428,2880,13,6.1e-05,2.16,239,64.06,136.2,142,198,67,7.162e-06,1.996e-06,28.44,3.51e-06,174,1,55000.8,8.426,7.9,8.08,0.00537,62.6,21000.8,19360,0.183458
76.72,5054,0.3826,0.0497,0.0126,0.38312,50000,0.0252,0.5844,0.4356,0.00462,0.438,0.5492,0.443,0.2998,0.223,9.23,0.07154,0.04888,0.1412,0.0611,0.208,0.06302,0.02332,0.1738,43.2,3.428,2880,13,6.1e-05,2.16,239,64.06,136.2,142,176.4,67,7.162e-06,1.996e-06,28.44,3.51e-06,174,1,55000.8,8.426,7.9,8.08,0.00537,62.6,21000.8,19360,0.183458
76.72,5054,0.3826,0.0497,0.0126,0.38312,50000,0.0252,0.5844,0.4356,0.00462,0.438,0.5492,0.443,0.2998,0.223,9.23,0.07154,0.04888,0.1412,0.0611,0.208,0.06302,0.02332,0.211,43.2,3.428,2880,13,6.1e-05,2.16,239,64.06,136.2,142,176.4,67,7.162e-06,1.996e-06,28.44,3.51e-06,174,1,55000.8,8.426,7.9,8.08,0.00537,62.6,21000.8,19360,0.183458
76.72,5054,0.3826,0.0497,0.0126,0.38312,50000,0.0252,0.5844,0.4356,0.00462,0.438,0.5492,0.443,0.2998,0.223,9.23,0.07154,0.04888,0.1412,0.0611,0.208,0.06302,0.02332,0.211,43.2,3.02,2880,13,6.1e-05,2.16,239,64.06,136.2,142,176.4,67,7.162e-06,1.996e-06,28.44,3.51e-06,174,1,55000.8,8.426,7.9,8.08,0.00537,62.6,21000.8,19360,0.183458
76.72,5054,0.4714,0.0497,0.0126,0.38312,50000,0.0252,0.5844,0.4356,0.00462,0.438,0.5492,0.443,0.2998,0.223,9.23,0.07154,0.04888,0.1412,0.0611,0.208,0.06302,0.02332,0.211,43.2,3.02,2880,13,6.1e-05,2.16,239,64.06,136.2,142,176.4,67,7.162e-06,1.996e-06,28.44,3.51e-06,174,1,55000.8,8.426,7.9,8.08,0.00537,62.6,21000.8,19360,0.183458
76.72,5054,0.4714,0.0497,0.0126,0.38312,50000,0.0252,0.5844,0.4356,0.00462,0.438,0.5492,0.443,0.2998,0.223,9.23,0.07154,0.04888,0.1412,0.0611,0.208,0.0707,0.02332,0.211,43.2,3.02,2880,13,6.1e-05,2.16,239,64.06,136.2,142,176.4,67,7.162e-06,1.996e-06,28.44,3.51e-06,174,1,55000.8,8.426,7.9,8.08,0.00537,62.6,21000.8,19360,0.183458
76.72,5054,0.4714,0.0497,0.0126,0.38312,50000,0.0252,0.5844,0.4356,0.00462,0.438,0.5492,0.443,0.2998,0.223,9.23,0.07154,0.04888,0.1412,0.0611,0.208,0.0707,0.02332,0.211,43.2,3.02,2880,13,6.1e-05,2.16,239,64.06,136.2,142,176.4,67,7.162e-06,1.996e-06,28.44,3.51e-06,174,1,55000.8,8.426,7.9,8.08,0.00537,62.6,84000.2,19360,0.183458
76.72,5054,0.4714,0.0497,0.0126,0.38312,50000,0.0252,0.5844,0.4356,0.00462,0.438,0.5492,0.443,0.2998,0.223,9.23,0.07154,0.04888,0.1412,0.0611,0.208,0.0707,0.02332,0.211,43.2,3.02,2880,13,6.1e-05,2.16,212.6,64.06,136.2,142,176.4,67,7.162e-06,1.996e-06,28.44,3.51e-06,174,1,55000.8,8.426,7.9,8.08,0.00537,62.6,84000.2,19360,0.183458
76.72,5054,0.4714,0.0497,0.0126,0.38312,50000,0.0252,0.5844,0.4356,0.00462,0.438,0.5492,0.443,0.2998,0.223,9.23,0.07154,0.04888,0.1412,0.0611,0.208,0.0707,0.02332,0.211,43.2,3.02,2880,13,6.1e-05,2.16,212.6,64.06,136.2,142,176.4,67,7.162e-06,1.996e-06,28.44,3.51e-06,174,1,55000.8,8.426,7.9,1,0.00537,62.6,84000.2,19360,0.183458
76.72,5054,0.4714,0.0497,0.0126,0.38312,50000,0.0252,0.5844,0.4356,0.00462,0.438,0.5492,0.443,0.2998,0.223,9.23,0.08066,0.04888,0.1412,0.0611,0.208,0.0707,0.02332,0.211,43.2,3.02,2880,13,6.1e-05,2.16,212.6,64.06,136.2,142,176.4,67,7.162e-06,1.996e-06,28.44,3.51e-06,174,1,55000.8,8.426,7.9,1,0.00537,62.6,84000.2,19360,0.183458
76.72,5054,0.4714,0.0497,0.0126,0.38312,50000,0.0252,0.5844,0.4356,0.00462,0.438,0.5492,0.395,0.2998,0.223,9.23,0.08066,0.04888,0.1412,0.0611,0.208,0.0707,0.02332,0.211,43.2,3.02,2880,13,6.1e-05,2.16,212.6,64.06,136.2,142,176.4,67,7.162e-06,1.996e-06,28.44,3.51e-06,174,1,55000.8,8.426,7.9,1,0.00537,62.6,84000.2,19360,0.183458
76.72,5054,0.4714,0.0497,0.0126,0.38312,50000,0.0252,0.5844,0.4356,0.00462,0.438,0.5492,0.395,0.2998,0.223,9.23,0.08066,0.04888,0.1412,0.0611,0.208,0.0707,0.02332,0.211,43.2,3.02,2880,13,6.1e-05,2.16,212.6,64.06,136.2,142,176.4,67,7.162e-06,1.996e-06,28.44,3.51e-06,174,1,55000.8,8.426,7.9,1,0.004326,62.6,84000.2,19360,0.183458
76.72,5054,0.4714,0.0497,0.0126,0.38312,50000,0.0252,0.5844,0.4356,0.00462,0.438,0.5492,0.395,0.2998,0.223,9.23,0.08066,0.05512,0.1412,0.0611,0.208,0.0707,0.02332,0.211,43.2,3.02,2880,13,6.1e-05,2.16,212.6,64.06,136.2,142,176.4,67,7.162e-06,1.996e-06,28.44,3.51e-06,174,1,55000.8,8.426,7.9,1,0.004326,62.6,84000.2,19360,0.183458
76.72,5054,0.4714,0.0497,0.0126,0.38312,50000,0.0252,0.5844,0.4356,0.00462,0.438,0.5492,0.395,0.2998,0.223,9.23,0.08066,0.05512,0.1412,0.0611,0.208,0.0707,0.02332,0.211,43.2,3.02,2880,13,6.1e-05,2.16,212.6,64.06,136.2,142,176.4,67,7.162e-06,1.996e-06,28.44,3.51e-06,74.988,1,55000.8,8.426,7.9,1,0.004326,62.6,84000.2,19360,0.183458
76.72,5054,0.4714,0.0497,0.0126,0.38312,50000,0.0252,0.5844,0.4356,0.00462,0.438,0.5492,0.395,0.2998,0.223,9.23,0.08066,0.05512,0.1412,0.0611,0.208,0.0707,0.02332,0.211,43.2,3.02,2880,13,6.1e-05,2.16,212.6,64.06,136.2,142,176.4,67,7.162e-06,1.996e-06,28.44,3.51e-06,74.988,1,55000.8,8.426,7.9,1,0.004326,62.6,84000.2,19360,0.046832
76.72,5054,0.4714,0.0497,0.0126,0.38312,50000,0.0252,0.5844,0.4356,0.00462,0.438,0.5492,0.395,0.2998,0.223,9.23,0.08066,0.05512,0.1412,0.0611,0.208,0.0707,0.02332,0.211,43.2,3.02,2880,13,6.1e-05,2.16,212.6,64.06,120,142,176.4,67,7.162e-06,1.996e-06,28.44,3.51e-06,74.988,1,55000.8,8.426,7.9,1,0.004326,62.6,84000.2,19360,0.046832
76.72,6140,0.4714,0.0497,0.0126,0.38312,50000,0.0252,0.5844,0.4356,0.00462,0.438,0.5492,0.395,0.2998,0.223,9.23,0.08066,0.05512,0.1412,0.0611,0.208,0.0707,0.02332,0.211,43.2,3.02,2880,13,6.1e-05,2.16,212.6,64.06,120,142,176.4,67,7.162e-06,1.996e-06,28.44,3.51e-06,74.988,1,55000.8,8.426,7.9,1,0.004326,62.6,84000.2,19360,0.046832
76.72,6140,0.4714,0.0497,0.0126,0.38312,50000,0.0252,0.5844,0.4356,0.00462,0.438,0.5492,0.395,0.2998,0.223,9.23,0.08066,0.05512,0.1412,0.0611,0.208,0.0707,0.02332,0.211,43.2,3.02,2880,13,6.1e-05,3.9,212.6,64.06,120,142,176.4,67,7.162e-06,1.996e-06,28.44,3.51e-06,74.988,1,55000.8,8.426,7.9,1,0.004326,62.6,84000.2,19360,0.046832
76.72,6140,0.4714,0.0497,0.0126,0.38312,50000,0.0252,0.5844,0.4356,0.00462,0.438,0.485,0.395,0.2998,0.223,9.23,0.08066,0.05512,0.1412,0.0611,0.208,0.0707,0.02332,0.211,43.2,3.02,2880,13,6.1e-05,3.9,212.6,64.06,120,142,176.4,67,7.162e-06,1.996e-06,28.44,3.51e-06,74.988,1,55000.8,8.426,7.9,1,0.004326,62.6,84000.2,19360,0.046832
76.72,6140,0.4714,0.0443,0.0126,0.38312,50000,0.0252,0.5844,0.4356,0.00462,0.438,0.485,0.395,0.2998,0.223,9.23,0.08066,0.05512,0.1412,0.0611,0.208,0.0707,0.02332,0.211,43.2,3.02,2880,13,6.1e-05,3.9,212.6,64.06,120,142,176.4,67,7.162e-06,1.996e-06,28.44,3.51e-06,74.988,1,55000.8,8.426,7.9,1,0.004326,62.6,84000.2,19360,0.046832
76.72,6140,0.4714,0.0443,0.0126,0.38312,50000,0.0252,0.5844,0.4356,0.00462,0.438,0.485,0.395,0.2998,0.223,9.23,0.08066,0.05512,0.1412,0.0611,0.208,0.0707,0.02332,0.211,43.2,3.02,2880,13,6.1e-05,3.9,212.6,64.06,120,142,176.4,59.68,7.162e-06,1.996e-06,28.44,3.51e-06,74.988,1,55000.8,8.426,7.9,1,0.004326,62.6,84000.2,19360,0.046832
76.72,6140,0.4714,0.0443,0.0126,0.38312,50000,0.0252,0.5844,0.4356,0.00462,0.438,0.485,0.395,0.2662,0.223,9.23,0.08066,0.05512,0.1412,0.0611,0.208,0.0707,0.02332,0.211,43.2,3.02,2880,13,6.1e-05,3.9,212.6,64.06,120,142,176.4,59.68,7.162e-06,1.996e-06,28.44,3.51e-06,74.988,1,55000.8,8.426,7.9,1,0.004326,62.6,84000.2,19360,0.046832
76.72,6140,0.4714,0.0443,0.0126,0.38312,50000,0.0252,0.516,0.4356,0.00462,0.438,0.485,0.395,0.2662,0.223,9.23,0.08066,0.05512,0.1412,0.0611,0.208,0.0707,0.02332,0.211,43.2,3.02,2880,13,6.1e-05,3.9,212.6,64.06,120,142,176.4,59.68,7.162e-06,1.996e-06,28.44,3.51e-06,74.988,1,55000.8,8.426,7.9,1,0.004326,62.6,84000.2,19360,0.046832
76.72,6140,0.4714,0.0443,0.0126,0.38312,50000,0.0252,0.516,0.4356,0.004116,0.438,0.485,0.395,0.2662,0.223,9.23,0.08066,0.05512,0.1412,0.0611,0.208,0.0707,0.02332,0.211,43.2,3.02,2880,13,6.1e-05,3.9,212.6,64.06,120,142,176.4,59.68,7.162e-06,1.996e-06,28.44,3.51e-06,74.988,1,55000.8,8.426,7.9,1,0.004326,62.6,84000.2,19360,0.046832
76.72,6140,0.4714,0.0443,0.0126,0.38312,50000,0.0252,0.516,0.4356,0.004116,0.438,0.485,0.395,0.2662,0.223,9.23,0.08066,0.05512,0.1412,0.0611,0.208,0.0707,0.02332,0.211,43.2,3.02,2880,13,6.1e-05,3.9,212.6,64.06,120,142,176.4,59.68,7.162e-06,1.996e-06,28.44,3.51e-06,74.988,1,55000.8,8.426,7.9,1,0.004326,62.6,84000.2,17140,0.046832
76.72,6140,0.4714,0.0443,0.0126,0.38312,50000,0.0252,0.516,0.4356,0.004116,0.438,0.485,0.395,0.2662,0.2524,9.23,0.08066,0.05512,0.1412,0.0611,0.208,0.0707,0.02332,0.211,43.2,3.02,2880,13,6.1e-05,3.9,212.6,64.06,120,142,176.4,59.68,7.162e-06,1.996e-06,28.44,3.51e-06,74.988,1,55000.8,8.426,7.9,1,0.004326,62.6,84000.2,17140,0.046832
76.72,6140,0.4714,0.0443,0.0126,0.38312,50000,0.0252,0.516,0.4356,0.004116,0.438,0.485,0.395,0.2662,0.2524,9.23,0.08066,0.05512,0.1412,0.0611,0.208,0.0707,0.02332,0.211,43.2,3.02,2880,13,6.1e-05,3.9,212.6,64.06,120,142,176.4,59.68,7.162e-06,1.996e-06,76.86,3.51e-06,74.988,1,55000.8,8.426,7.9,1,0.004326,62.6,84000.2,17140,0.046832
76.72,6140,0.4714,0.0443,0.0126,0.38312,50000,0.0252,0.516,0.4356,0.004116,0.438,0.485,0.395,0.2662,0.2524,9.23,0.08066,0.05512,0.1412,0.0611,0.184,0.0707,0.02332,0.211,43.2,3.02,2880,13,6.1e-05,3.9,212.6,64.06,120,142,176.4,59.68,7.162e-06,1.996e-06,76.86,3.51e-06,74.988,1,55000.8,8.426,7.9,1,0.004326,62.6,84000.2,17140,0.046832
76.72,6140,0.4714,0.0443,0.0126,0.38312,50000,0.0252,0.516,0.4356,0.004116,0.438,0.485,0.395,0.2662,0.2524,9.23,0.08066,0.05512,0.1412,0.0611,0.184,0.0707,0.02332,0.211,43.2,3.02,2880,13,6.1e-05,3.9,212.6,64.06,120,142,176.4,59.68,7.162e-06,1.996e-06,76.86,3.51e-06,74.988,1,220000.2,8.426,7.9,1,0.004326,62.6,84000.2,17140,0.046832
76.72,6140,0.4714,0.0443,0.0126,1.46828,50000,0.0252,0.516,0.4356,0.004116,0.438,0.485,0.395,0.2662,0.2524,9.23,0.08066,0.05512,0.1412,0.0611,0.184,0.0707,0.02332,0.211,43.2,3.02,2880,13,6.1e-05,3.9,212.6,64.06,120,142,176.4,59.68,7.162e-06,1.996e-06,76.86,3.51e-06,74.988,1,220000.2,8.426,7.9,1,0.004326,62.6,84000.2,17140,0.046832
76.72,6140,0.4714,0.0443,0.0126,1.46828,50000,0.0252,0.516,0.4356,0.004116,0.438,0.485,0.395,0.2662,0.2524,9.23,0.08066,0.05512,0.1412,0.0611,0.184,0.0707,0.02332,0.211,43.2,3.02,2880,13,6.1e-05,3.9,212.6,64.06,120,142,176.4,59.68,7.162e-06,1.996e-06,76.86,3.51e-06,74.988,1,220000.2,8.426,7.9,1,0.004326,31.4,84000.2,17140,0.046832
76.72,6140,0.4714,0.0443,0.0126,1.46828,50000,0.0252,0.516,0.4356,0.004116,0.438,0.485,0.395,0.2662,0.2524,9.23,0.08066,0.05512,0.1412,0.0611,0.184,0.0707,0.02332,0.211,43.2,3.02,2880,13,6.1e-05,3.9,212.6,64.06,120,161.2,176.4,59.68,7.162e-06,1.996e-06,76.86,3.51e-06,74.988,1,220000.2,8.426,7.9,1,0.004326,31.4,84000.2,17140,0.046832
76.72,6140,0.4714,0.0443,0.0126,1.46828,50000,0.0252,0.516,0.384,0.004116,0.438,0.485,0.395,0.2662,0.2524,9.23,0.08066,0.05512,0.1412,0.0611,0.184,0.0707,0.02332,0.211,43.2,3.02,2880,13,6.1e-05,3.9,212.6,64.06,120,161.2,176.4,59.68,7.162e-06,1.996e-06,76.86,3.51e-06,74.988,1,220000.2,8.426,7.9,1,0.004326,31.4,84000.2,17140,0.046832
76.72,6140,0.4714,0.0443,0.0126,1.46828,50000,0.0252,0.516,0.384,0.004116,0.438,0.485,0.395,0.2662,0.2524,10.472,0.08066,0.05512,0.1412,0.0611,0.184,0.0707,0.02332,0.211,43.2,3.02,2880,13,6.1e-05,3.9,212.6,64.06,120,161.2,176.4,59.68,7.162e-06,1.996e-06,76.86,3.51e-06,74.988,1,220000.2,8.426,7.9,1,0.004326,31.4,84000.2,17140,0.046832
76.72,6140,0.4714,0.0443,0.0126,1.46828,50000,0.0252,0.516,0.384,0.004116,0.438,0.485,0.395,0.2662,0.2524,10.472,0.08066,0.05512,0.1412,0.0611,0.184,0.0707,0.02332,0.211,43.2,3.02,2880,13,6.1e-05,3.9,212.6,64.06,120,161.2,176.4,59.68,7.162e-06,1.996e-06,76.86,2.532e-06,74.988,1,220000.2,8.426,7.9,1,0.004326,31.4,84000.2,17140,0.046832
76.72,6140,0.4714,0.0443,0.0126,1.46828,50000,0.0252,0.516,0.384,0.004116,0.438,0.485,0.395,0.2662,0.2524,10.472,0.08066,0.05512,0.1412,0.0611,0.184,0.0707,0.02068,0.211,43.2,3.02,2880,13,6.1e-05,3.9,212.6,64.06,120,161.2,176.4,59.68,7.162e-06,1.996e-06,76.86,2.532e-06,74.988,1,220000.2,8.426,7.9,1,0.004326,31.4,84000.2,17140,0.046832
76.72,6140,0.4714,0.0443,0.0126,1.46828,50000,0.0252,0.516,0.384,0.004116,0.438,0.485,0.395,0.2662,0.2524,10.472,0.08066,0.05512,0.1412,0.0611,0.184,0.0707,0.02068,0.211,43.2,3.02,2880,13,6.1e-05,3.9,212.6,56.5,120,161.2,176.4,59.68,7.162e-06,1.996e-06,76.86,2.532e-06,74.988,1,220000.2,8.426,7.9,1,0.004326,31.4,84000.2,17140,0.046832
76.72,6140,0.4714,0.0443,0.0126,1.46828,50000,0.0252,0.516,0.384,0.004116,0.438,0.485,0.395,0.2662,0.2524,10.472,0.08066,0.05512,0.1412,0.0611,0.184,0.0707,0.02068,0.211,43.2,3.02,1152.6,13,6.1e-05,3.9,212.6,56.5,120,161.2,176.4,59.68,7.162e-06,1.996e-06,76.86,2.532e-06,74.988,1,220000.2,8.426,7.9,1,0.004326,31.4,84000.2,17140,0.046832
76.72,6140,0.4714,0.0443,0.0126,1.46828,50000,0.0252,0.516,0.384,0.004116,0.39,0.485,0.395,0.2662,0.2524,10.472,0.08066,0.05512,0.1412,0.0611,0.184,0.0707,0.02068,0.211,43.2,3.02,1152.6,13,6.1e-05,3.9,212.6,56.5,120,161.2,176.4,59.68,7.162e-06,1.996e-06,76.86,2.532e-06,74.988,1,220000.2,8.426,7.9,1,0.004326,31.4,84000.2,17140,0.046832
76.72,6140,0.4714,0.0443,0.0126,1.46828,50000,0.0252,0.516,0.384,0.004116,0.39,0.485,0.395,0.2662,0.2524,10.472,0.08066,0.05512,0.158,0.0611,0.184,0.0707,0.02068,0.211,43.2,3.02,1152.6,13,6.1e-05,3.9,212.6,56.5,120,161.2,176.4,59.68,7.162e-06,1.996e-06,76.86,2.532e-06,74.988,1,220000.2,8.426,7.9,1,0.004326,31.4,84000.2,17140,0.046832
76.72,6140,0.4714,0.0443,0.01428,1.46828,50000,0.0252,0.516,0.384,0.004116,0.39,0.485,0.395,0.2662,0.2524,10.472,0.08066,0.05512,0.158,0.0611,0.184,0.0707,0.02068,0.211,43.2,3.02,1152.6,13,6.1e-05,3.9,212.6,56.5,120,161.2,176.4,59.68,7.162e-06,1.996e-06,76.86,2.532e-06,74.988,1,220000.2,8.426,7.9,1,0.004326,31.4,84000.2,17140,0.046832
76.72,6140,0.4714,0.0443,0.01428,1.46828,50000,0.0252,0.516,0.384,0.004116,0.39,0.485,0.395,0.2662,0.2524,10.472,0.08066,0.05512,0.158,0.0611,0.184,0.0707,0.02068,0.211,43.2,3.02,1152.6,13,0.0012244,3.9,212.6,56.5,120,161.2,176.4,59.68,7.162e-06,1.996e-06,76.86,2.532e-06,74.988,1,220000.2,8.426,7.9,1,0.004326,31.4,84000.2,17140,0.046832
76.72,6140,0.4714,0.0443,0.01428,1.46828,50000,0.0252,0.516,0.384,0.004116,0.39,0.485,0.395,0.2662,0.2524,10.472,0.08066,0.05512,0.158,0.0689,0.184,0.0707,0.02068,0.211,43.2,3.02,1152.6,13,0.0012244,3.9,212.6,56.5,120,161.2,176.4,59.68,7.162e-06,1.996e-06,76.86,2.532e-06,74.988,1,220000.2,8.426,7.9,1,0.004326,31.4,84000.2,17140,0.046832
76.72,6140,0.4714,0.0443,0.01428,1.46828,62600,0.0252,0.516,0.384,0.004116,0.39,0.485,0.395,0.2662,0.2524,10.472,0.08066,0.05512,0.158,0.0689,0.184,0.0707,0.02068,0.211,43.2,3.02,1152.6,13,0.0012244,3.9,212.6,56.5,120,161.2,176.4,59.68,7.162e-06,1.996e-06,76.86,2.532e-06,74.988,1,220000.2,8.426,7.9,1,0.004326,31.4,84000.2,17140,0.046832
76.72,6140,0.4714,0.0443,0.01428,1.46828,62600,0.0252,0.516,0.384,0.004116,0.39,0.485,0.395,0.2662,0.2524,10.472,0.08066,0.05512,0.158,0.0689,0.184,0.0707,0.02068,0.211,43.2,3.02,1152.6,13,0.0012244,3.9,212.6,56.5,120,161.2,176.4,59.68,8.05e-06,1.996e-06,76.86,2.532e-06,74.988,1,220000.2,8.426,7.9,1,0.004326,31.4,84000.2,17140,0.046832
76.72,6140,0.4714,0.0443,0.01428,1.46828,62600,0.0252,0.516,0.384,0.004116,0.39,0.485,0.395,0.2662,0.2524,10.472,0.08066,0.05512,0.158,0.0689,0.184,0.0707,0.02068,0.211,89.28,3.02,1152.6,13,0.0012244,3.9,212.6,56.5,120,161.2,176.4,59.68,8.05e-06,1.996e-06,76.86,2.532e-06,74.988,1,220000.2,8.426,7.9,1,0.004326,31.4,84000.2,17140,0.046832
76.72,6140,0.4714,0.0443,0.01428,1.46828,62600,0.0252,0.516,0.384,0.004116,0.39,0.485,0.395,0.2662,0.2524,10.472,0.08066,0.05512,0.158,0.0689,0.184,0.0707,0.02068,0.211,89.28,3.02,1152.6,13,0.0012244,3.9,212.6,56.5,120,161.2,176.4,59.68,8.05e-06,1.996e-06,76.86,2.532e-06,74.988,1,220000.2,5.774,7.9,1,0.004326,31.4,84000.2,17140,0.046832
66.44,4330,0.3826,0.0461,0.01372,0.0214,54200,0.0222,0.6072,0.4184,0.004284,0.422,0.592,0.395,0.311,0.2426,10.472,0.07458,0.05512,0.1356,0.0637,0.2,0.06814,0.0198,0.149,73.92,3.7,1,11.32,0.0012244,3.32,195,59.02,136.2,167.6,169.2,54.8,6.57e-06,2.614e-06,93,3.184e-06,41.984,2640000.2,165000.4,6.658,21.7,1,0.003978,62.6,21000.8,16400,0.00129
66.44,4330,0.3826,0.0461,0.01372,0.0214,54200,0.0222,0.6072,0.4184,0.004284,0.422,0.592,0.395,0.311,0.2426,10.472,0.07458,0.05512,0.1356,0.0637,0.2,0.06814,0.0198,0.149,73.92,3.7,1,11.32,0.0012244,3.32,195,59.02,136.2,167.6,169.2,54.8,6.57e-06,2.614e-06,93,3.184e-06,41.984,2640000.2,165000.4,6.658,21.7,1,0.003978,62.6,21000.8,16400,0.137916
66.44,4330,0.3826,0.0461,0.01372,0.0214,54200,0.0222,0.6072,0.4184,0.004284,0.422,0.592,0.395,0.311,0.2426,9.23,0.07458,0.05512,0.1356,0.0637,0.2,0.06814,0.0198,0.149,73.92,3.7,1,11.32,0.0012244,3.32,195,59.02,136.2,167.6,169.2,54.8,6.57e-06,2.614e-06,93,3.184e-06,41.984,2640000.2,165000.4,6.658,21.7,1,0.003978,62.6,21000.8,16400,0.137916
66.44,4330,0.3826,0.0461,0.01372,0.0214,54200,0.0222,0.6072,0.4184,0.004284,0.374,0.592,0.395,0.311,0.2426,9.23,0.07458,0.05512,0.1356,0.0637,0.2,0.06814,0.0198,0.149,73.92,3.7,1,11.32,0.0012244,3.32,195,59.02,136.2,167.6,169.2,54.8,6.57e-06,2.614e-06,93,3.184e-06,41.984,2640000.2,165000.4,6.658,21.7,1,0.003978,62.6,21000.8,16400,0.137916
66.44,4330,0.3826,0.0461,0.01372,0.0214,54200,0.0222,0.6072,0.4184,0.004284,0.374,0.592,0.395,0.311,0.2426,9.23,0.07458,0.05512,0.1356,0.0637,0.2,0.06814,0.0198,0.149,73.92,3.7,1,11.32,0.0012244,3.32,195,59.02,136.2,167.6,169.2,54.8,7.458e-06,2.614e-06,93,3.184e-06,41.984,2640000.2,165000.4,6.658,21.7,1,0.003978,62.6,21000.8,16400,0.137916
66.44,4330,0.3826,0.0461,0.01372,0.0214,54200,0.0222,0.6072,0.4184,0.004284,0.374,0.592,0.395,0.311,0.2426,9.23,0.07458,0.05512,0.1356,0.0637,0.176,0.06814,0.0198,0.149,73.92,3.7,1,11.32,0.0012244,3.32,195,59.02,136.2,167.6,169.2,54.8,7.458e-06,2.614e-06,93,3.184e-06,41.984,2640000.2,165000.4,6.658,21.7,1,0.003978,62.6,21000.8,16400,0.137916
66.44,4330,0.3826,0.0461,0.01372,0.0214,54200,0.0222,0.6072,0.4184,0.004284,0.374,0.592,0.395,0.311,0.2426,9.23,0.07458,0.05512,0.1356,0.0637,0.176,0.06814,0.02244,0.149,73.92,3.7,1,11.32,0.0012244,3.32,195,59.02,136.2,167.6,169.2,54.8,7.458e-06,2.614e-06,93,3.184e-06,41.984,2640000.2,165000.4,6.658,21.7,1,0.003978,62.6,21000.8,16400,0.137916
66.44,4330,0.3826,0.0461,0.01372,0.0214,54200,0.0222,0.6072,0.4184,0.004284,0.374,0.592,0.395,0.311,0.2426,9.23,0.07458,0.05512,0.1356,0.0637,0.176,0.06814,0.02244,0.149,73.92,3.7,1,11.32,0.0012244,3.32,195,59.02,136.2,167.6,169.2,54.8,7.458e-06,2.614e-06,93,3.184e-06,41.984,2640000.2,165000.4,6.658,21.7,1,0.005022,62.6,21000.8,16400,0.137916
66.44,4330,0.3826,0.0461,0.01372,0.0214,54200,0.0222,0.6072,0.4184,0.004284,0.374,0.592,0.395,0.311,0.2426,9.23,0.07458,0.05512,0.1356,0.0715,0.176,0.06814,0.02244,0.149,73.92,3.7,1,11.32,0.0012244,3.32,195,59.02,136.2,167.6,169.2,54.8,7.458e-06,2.614e-06,93,3.184e-06,41.984,2640000.2,165000.4,6.658,21.7,1,0.005022,62.6,21000.8,16400,0.137916
66.44,4330,0.3826,0.0461,0.01372,0.0214,54200,0.0222,0.6072,0.4184,0.004284,0.374,0.592,0.395,0.311,0.2426,9.23,0.07458,0.05512,0.1356,0.0715,0.176,0.06814,0.02244,0.149,73.92,3.7,1,11.32,0.0012244,3.32,195,59.02,136.2,167.6,169.2,54.8,7.458e-06,2.614e-06,93,3.184e-06,41.984,2640000.2,165000.4,6.658,21.7,1,0.005022,31.4,21000.8,16400,0.137916
66.44,4330,0.3826,0.0461,0.01372,0.0214,54200,0.0222,0.6072,0.4184,0.004284,0.374,0.592,0.395,0.311,0.2426,9.23,0.07458,0.05512,0.1356,0.0715,0.176,0.06814,0.02244,0.149,120,3.7,1,11.32,0.0012244,3.32,195,59.02,136.2,167.6,169.2,54.8,7.458e-06,2.614e-06,93,3.184e-06,41.984,2640000.2,165000.4,6.658,21.7,1,0.005022,31.4,21000.8,16400,0.137916
66.44,4330,0.3826,0.0461,0.01372,0.0214,54200,0.0222,0.6072,0.4184,0.004284,0.374,0.592,0.395,0.311,0.2426,9.23,0.07458,0.05512,0.1356,0.0715,0.176,0.06814,0.02244,0.149,120,3.7,1,13,0.0012244,3.32,195,59.02,136.2,167.6,169.2,54.8,7.458e-06,2.614e-06,93,3.184e-06,41.984,2640000.2,165000.4,6.658,21.7,1,0.005022,31.4,21000.8,16400,0.137916
66.44,4330,0.3826,0.0461,0.01372,0.0214,54200,0.0222,0.6072,0.4184,0.004284,0.374,0.592,0.395,0.311,0.2426,9.23,0.07458,0.05512,0.1356,0.0715,0.176,0.06814,0.02244,0.149,120,3.7,1,13,0.0012244,3.32,195,59.02,136.2,167.6,169.2,54.8,7.458e-06,2.614e-06,44.58,3.184e-06,41.984,2640000.2,165000.4,6.658,21.7,1,0.005022,31.4,21000.8,16400,0.137916
66.44,4330,0.3826,0.0461,0.01372,0.0214,54200,0.0222,0.6072,0.4184,0.004284,0.374,0.592,0.443,0.311,0.2426,9.23,0.07458,0.05512,0.1356,0.0715,0.176,0.06814,0.02244,0.149,120,3.7,1,13,0.0012244,3.32,195,59.02,136.2,167.6,169.2,54.8,7.458e-06,2.614e-06,44.58,3.184e-06,41.984,2640000.2,165000.4,6.658,21.7,1,0.005022,31.4,21000.8,16400,0.137916
66.44,4330,0.3826,0.0461,0.01372,0.0214,54200,0.0222,0.6072,0.47,0.004284,0.374,0.592,0.443,0.311,0.2426,9.23,0.07458,0.05512,0.1356,0.0715,0.176,0.06814,0.02244,0.149,120,3.7,1,13,0.0012244,3.32,195,59.02,136.2,167.6,169.2,54.8,7.458e-06,2.614e-06,44.58,3.184e-06,41.984,2640000.2,165000.4,6.658,21.7,1,0.005022,31.4,21000.8,16400,0.137916
66.44,4330,0.3826,0.0461,0.01372,0.0214,54200,0.0222,0.6072,0.47,0.004284,0.374,0.592,0.443,0.311,0.2426,9.23,0.07458,0.05512,0.1524,0.0715,0.176,0.06814,0.02244,0.149,120,3.7,1,13,0.0012244,3.32,195,59.02,136.2,167.6,169.2,54.8,7.458e-06,2.614e-06,44.58,3.184e-06,41.984,2640000.2,165000.4,6.658,21.7,1,0.005022,31.4,21000.8,16400,0.137916
66.44,4330,0.3826,0.0461,0.01372,0.0214,54200,0.0222,0.6072,0.47,0.004284,0.374,0.592,0.443,0.311,0.2426,9.23,0.07458,0.04888,0.1524,0.0715,0.176,0.06814,0.02244,0.149,120,3.7,1,13,0.0012244,3.32,195,59.02,136.2,167.6,169.2,54.8,7.458e-06,2.614e-06,44.58,3.184e-06,41.984,2640000.2,165000.4,6.658,21.7,1,0.005022,31.4,21000.8,16400,0.137916
66.44,4330,0.3826,0.0461,0.01372,0.0214,54200,0.0222,0.6072,0.47,0.004284,0.374,0.592,0.443,0.311,0.2426,9.23,0.0837,0.04888,0.1524,0.0715,0.176,0.06814,0.02244,0.149,120,3.7,1,13,0.0012244,3.32,195,59.02,136.2,167.6,169.2,54.8,7.458e-06,2.614e-06,44.58,3.184e-06,41.984,2640000.2,165000.4,6.658,21.7,1,0.005022,31.4,21000.8,16400,0.137916
66.44,4330,0.3826,0.0461,0.01372,0.0214,54200,0.0222,0.6072,0.47,0.004284,0.374,0.592,0.443,0.311,0.2426,9.23,0.0837,0.04888,0.1524,0.0715,0.176,0.06814,0.02244,0.149,120,3.7,1,13,0.0012244,3.32,195,59.02,136.2,167.6,169.2,54.8,7.458e-06,2.614e-06,44.58,3.184e-06,41.984,660000.8,165000.4,6.658,21.7,1,0.005022,31.4,21000.8,16400,0.137916
66.44,4330,0.3826,0.0461,0.01372,0.0214,54200,0.0222,0.6072,0.47,0.004284,0.374,0.592,0.443,0.311,0.2426,9.23,0.0837,0.04888,0.1524,0.0715,0.176,0.06814,0.02244,0.149,120,3.7,1,13,0.0012244,3.32,195,59.02,136.2,167.6,190.8,54.8,7.458e-06,2.614e-06,44.58,3.184e-06,41.984,660000.8,165000.4,6.658,21.7,1,0.005022,31.4,21000.8,16400,0.137916
66.44,4330,0.3826,0.0461,0.01372,0.0214,54200,0.0222,0.6072,0.47,0.004284,0.374,0.592,0.443,0.311,0.2426,9.23,0.0837,0.04888,0.1524,0.0715,0.176,0.06814,0.02244,0.149,120,3.292,1,13,0.0012244,3.32,195,59.02,136.2,167.6,190.8,54.8,7.458e-06,2.614e-06,44.58,3.184e-06,41.984,660000.8,165000.4,6.658,21.7,1,0.005022,31.4,21000.8,16400,0.137916
66.44,5416,0.3826,0.0461,0.01372,0.0214,54200,0.0222,0.6072,0.47,0.004284,0.374,0.592,0.443,0.311,0.2426,9.23,0.0837,0.04888,0.1524,0.0715,0.176,0.06814,0.02244,0.149,120,3.292,1,13,0.0012244,3.32,195,59.02,136.2,167.6,190.8,54.8,7.458e-06,2.614e-06,44.58,3.184e-06,41.984,660000.8,165000.4,6.658,21.7,1,0.005022,31.4,21000.8,16400,0.137916
66.44,5416,0.3826,0.0461,0.01372,0.0214,54200,0.0222,0.6072,0.47,0.004284,0.374,0.592,0.443,0.311,0.2426,9.23,0.0837,0.04888,0.1524,0.0715,0.176,0.06814,0.02244,0.149,120,3.292,1,13,0.0012244,3.32,195,59.02,136.2,167.6,190.8,54.8,7.458e-06,2.614e-06,44.58,3.184e-06,41.984,660000.8,165000.4,9.31,21.7,1,0.005022,31.4,21000.8,16400,0.137916
66.44,5416,0.3826,0.0461,0.01372,0.0214,54200,0.0222,0.6072,0.47,0.004284,0.374,0.592,0.443,0.311,0.2426,9.23,0.0837,0.04888,0.1524,0.0715,0.176,0.06814,0.02244,0.149,120,3.292,1,13,6.1e-05,3.32,195,59.02,136.2,167.6,190.8,54.8,7.458e-06,2.614e-06,44.58,3.184e-06,41.984,660000.8,165000.4,9.31,21.7,1,0.005022,31.4,21000.8,16400,0.137916
66.44,5416,0.3826,0.0461,0.01372,0.0214,54200,0.0222,0.6072,0.47,0.004284,0.374,0.592,0.443,0.311,0.2426,9.23,0.0837,0.04888,0.1524,0.0715,0.176,0.06814,0.02244,0.149,120,3.292,1,13,6.1e-05,3.32,195,59.02,136.2,167.6,190.8,54.8,7.458e-06,1.996e-06,44.58,3.184e-06,41.984,660000.8,165000.4,9.31,21.7,1,0.005022,31.4,21000.8,16400,0.137916
66.44,5416,0.3826,0.0461,0.01372,0.0214,54200,0.0222,0.6072,0.47,0.004284,0.374,0.5278,0.443,0.311,0.2426,9.23,0.0837,0.04888,0.1524,0.0715,0.176,0.06814,0.02244,0.149,120,3.292,1,13,6.1e-05,3.32,195,59.02,136.2,167.6,190.8,54.8,7.458e-06,1.996e-06,44.58,3.184e-06,41.984,660000.8,165000.4,9.31,21.7,1,0.005022,31.4,21000.8,16400,0.137916
66.44,5416,0.3826,0.0461,0.01372,0.0214,66800,0.0222,0.6072,0.47,0.004284,0.374,0.5278,0.443,0.311,0.2426,9.23,0.0837,0.04888,0.1524,0.0715,0.176,0.06814,0.02244,0.149,120,3.292,1,13,6.1e-05,3.32,195,59.02,136.2,167.6,190.8,54.8,7.458e-06,1.996e-06,44.58,3.184e-06,41.984,660000.8,165000.4,9.31,21.7,1,0.005022,31.4,21000.8,16400,0.137916
66.44,5416,0.3826,0.0461,0.01372,0.0214,66800,0.0222,0.6072,0.47,0.004284,0.374,0.5278,0.443,0.311,0.2426,9.23,0.0837,0.04888,0.1524,0.0715,0.176,0.06814,0.02244,0.149,120,3.292,1,13,6.1e-05,3.32,195,59.02,136.2,167.6,190.8,54.8,7.458e-06,1.996e-06,44.58,3.184e-06,41.984,660000.8,165000.4,9.31,1,1,0.005022,31.4,21000.8,16400,0.137916
66.44,5416,0.4714,0.0461,0.01372,0.0214,66800,0.0222,0.6072,0.47,0.004284,0.374,0.5278,0.443,0.311,0.2426,9.23,0.0837,0.04888,0.1524,0.0715,0.176,0.06814,0.02244,0.149,120,3.292,1,13,6.1e-05,3.32,195,59.02,136.2,167.6,190.8,54.8,7.458e-06,1.996e-06,44.58,3.184e-06,41.984,660000.8,165000.4,9.31,1,1,0.005022,31.4,21000.8,16400,0.137916
66.44,5416,0.4714,0.0461,0.01372,0.0214,66800,0.0222,0.6072,0.47,0.004284,0.374,0.5278,0.443,0.311,0.2426,9.23,0.0837,0.04888,0.1524,0.0715,0.176,0.06814,0.02244,0.149,120,3.292,1,13,6.1e-05,3.32,195,59.02,136.2,167.6,190.8,54.8,7.458e-06,1.996e-06,44.58,3.184e-06,41.984,660000.8,1,9.31,1,1,0.005022,31.4,21000.8,16400,0.137916
66.44,5416,0.4714,0.0461,0.01372,0.0214,66800,0.0222,0.6072,0.47,0.004284,0.374,0.5278,0.443,0.311,0.2426,9.23,0.0837,0.04888,0.1524,0.0715,0.176,0.06814,0.02244,0.149,120,3.292,1,13,6.1e-05,1.58,195,59.02,136.2,167.6,190.8,54.8,7.458e-06,1.996e-06,44.58,3.184e-06,41.984,660000.8,1,9.31,1,1,0.005022,31.4,21000.8,16400,0.137916
66.44,5416,0.4714,0.0461,0.01372,0.0214,66800,0.0222,0.5388,0.47,0.004284,0.374,0.5278,0.443,0.311,0.2426,9.23,0.0837,0.04888,0.1524,0.0715,0.176,0.06814,0.02244,0.149,120,3.292,1,13,6.1e-05,1.58,195,59.02,136.2,167.6,190.8,54.8,7.458e-06,1.996e-06,44.58,3.184e-06,41.984,660000.8,1,9.31,1,1,0.005022,31.4,21000.8,16400,0.137916
66.44,5416,0.4714,0.0461,0.01372,0.0214,66800,0.0222,0.5388,0.47,0.004284,0.374,0.5278,0.443,0.311,0.2426,9.23,0.0837,0.04888,0.1524,0.0715,0.176,0.06814,0.02244,0.149,120,3.292,1,13,6.1e-05,1.58,195,59.02,136.2,148.4,190.8,54.8,7.458e-06,1.996e-06,44.58,3.184e-06,41.984,660000.8,1,9.31,1,1,0.005022,31.4,21000.8,16400,0.137916
66.44,5416,0.4714,0.0461,0.01372,0.0214,66800,0.0222,0.5388,0.47,0.004284,0.374,0.5278,0.443,0.311,0.2426,9.23,0.0837,0.04888,0.1524,0.0715,0.176,0.06814,0.02244,0.149,120,3.292,1,13,6.1e-05,1.58,221.4,59.02,136.2,148.4,190.8,54.8,7.458e-06,1.996e-06,44.58,3.184e-06,41.984,660000.8,1,9.31,1,1,0.005022,31.4,21000.8,16400,0.137916
66.44,5416,0.4714,0.0461,0.01372,0.0214,66800,0.0222,0.5388,0.47,0.004284,0.374,0.5278,0.443,0.311,0.2426,9.23,0.0837,0.04888,0.1524,0.0715,0.176,0.06814,0.02244,0.149,120,3.292,1,13,6.1e-05,1.58,221.4,59.02,136.2,148.4,190.8,54.8,7.458e-06,1.996e-06,44.58,3.184e-06,140.996,660000.8,1,9.31,1,1,0.005022,31.4,21000.8,16400,0.137916
66.44,5416,0.4714,0.0461,0.01372,0.0214,66800,0.0222,0.5388,0.47,0.004284,0.374,0.5278,0.443,0.311,0.2426,9.23,0.0837,0.04888,0.1524,0.0715,0.176,0.06814,0.02244,0.149,120,3.292,1728.4,13,6.1e-05,1.58,221.4,59.02,136.2,148.4,190.8,54.8,7.458e-06,1.996e-06,44.58,3.184e-06,140.996,660000.8,1,9.31,1,1,0.005022,31.4,21000.8,16400,0.137916
81.86,5416,0.4714,0.0461,0.01372,0.0214,66800,0.0222,0.5388,0.47,0.004284,0.374,0.5278,0.443,0.311,0.2426,9.23,0.0837,0.04888,0.1524,0.0715,0.176,0.06814,0.02244,0.149,120,3.292,1728.4,13,6.1e-05,1.58,221.4,59.02,136.2,148.4,190.8,54.8,7.458e-06,1.996e-06,44.58,3.184e-06,140.996,660000.8,1,9.31,1,1,0.005022,31.4,21000.8,16400,0.137916
81.86,5416,0.4714,0.0461,0.01372,0.0214,66800,0.0252,0.5388,0.47,0.004284,0.374,0.5278,0.443,0.311,0.2426,9.23,0.0837,0.04888,0.1524,0.0715,0.176,0.06814,0.02244,0.149,120,3.292,1728.4,13,6.1e-05,1.58,221.4,59.02,136.2,148.4,190.8,54.8,7.458e-06,1.996e-06,44.58,3.184e-06,140.996,660000.8,1,9.31,1,1,0.005022,31.4,21000.8,16400,0.137916
81.86,5416,0.4714,0.0461,0.01372,1.10656,66800,0.0252,0.5388,0.47,0.004284,0.374,0.5278,0.443,0.311,0.2426,9.23,0.0837,0.04888,0.1524,0.0715,0.176,0.06814,0.02244,0.149,120,3.292,1728.4,13,6.1e-05,1.58,221.4,59.02,136.2,148.4,190.8,54.8,7.458e-06,1.996e-06,44.58,3.184e-06,140.996,660000.8,1,9.31,1,1,0.005022,31.4,21000.8,16400,0.137916
81.86,5416,0.4714,0.0461,0.01372,1.10656,66800,0.0252,0.5388,0.47,0.004284,0.374,0.5278,0.443,0.311,0.2426,9.23,0.0837,0.04888,0.1524,0.0715,0.176,0.06814,0.02244,0.149,120,3.292,1728.4,13,6.1e-05,1.58,221.4,59.02,136.2,148.4,190.8,54.8,7.458e-06,1.996e-06,44.58,3.184e-06,140.996,660000.8,1,9.31,1,8.08,0.005022,31.4,21000.8,16400,0.137916
81.86,5416,0.4714,0.0461,0.01372,1.10656,66800,0.0252,0.5388,0.47,0.00378,0.374,0.5278,0.443,0.311,0.2426,9.23,0.0837,0.04888,0.1524,0.0715,0.176,0.06814,0.02244,0.149,120,3.292,1728.4,13,6.1e-05,1.58,221.4,59.02,136.2,148.4,190.8,54.8,7.458e-06,1.996e-06,44.58,3.184e-06,140.996,660000.8,1,9.31,1,8.08,0.005022,31.4,21000.8,16400,0.137916
81.86,5416,0.4714,0.0461,0.01372,1.10656,66800,0.0252,0.5388,0.47,0.00378,0.374,0.5278,0.443,0.311,0.2426,9.23,0.0837,0.04888,0.1524,0.0715,0.176,0.06814,0.02244,0.149,120,3.292,1728.4,13,6.1e-05,1.58,221.4,59.02,136.2,148.4,190.8,62.12,7.458e-06,1.996e-06,44.58,3.184e-06,140.996,660000.8,1,9.31,1,8.08,0.005022,31.4,21000.8,16400,0.137916
81.86,5416,0.4714,0.0461,0.01372,1.10656,66800,0.0252,0.5388,0.47,0.00378,0.374,0.5278,0.443,0.2774,0.2426,9.23,0.0837,0.04888,0.1524,0.0715,0.176,0.06814,0.02244,0.149,120,3.292,1728.4,13,6.1e-05,1.58,221.4,59.02,136.2,148.4,190.8,62.12,7.458e-06,1.996e-06,44.58,3.184e-06,140.996,660000.8,1,9.31,1,8.08,0.005022,31.4,21000.8,16400,0.137916
81.86,5416,0.4714,0.0461,0.01372,1.10656,66800,0.0252,0.5388,0.47,0.00378,0.374,0.5278,0.443,0.2774,0.2426,9.23,0.0837,0.04888,0.1524,0.0715,0.176,0.06814,0.02244,0.149,120,3.292,1728.4,13,6.1e-05,1.58,221.4,59.02,136.2,148.4,190.8,62.12,7.458e-06,1.996e-06,44.58,3.184e-06,140.996,660000.8,1,9.31,1,8.08,0.005022,31.4,84000.2,16400,0.137916
81.86,5416,0.4714,0.0461,0.0154,1.10656,66800,0.0252,0.5388,0.47,0.00378,0.374,0.5278,0.443,0.2774,0.2426,9.23,0.0837,0.04888,0.1524,0.0715,0.176,0.06814,0.02244,0.149,120,3.292,1728.4,13,6.1e-05,1.58,221.4,59.02,136.2,148.4,190.8,62.12,7.458e-06,1.996e-06,44.58,3.184e-06,140.996,660000.8,1,9.31,1,8.08,0.005022,31.4,84000.2,16400,0.137916
81.86,5416,0.4714,0.0461,0.0154,1.10656,66800,0.0252,0.5388,0.47,0.00378,0.374,0.5278,0.443,0.2774,0.2426,9.23,0.0837,0.04888,0.1524,0.0715,0.176,0.06814,0.02244,0.149,120,3.292,1728.4,13,6.1e-05,1.58,221.4,66.58,136.2,148.4,190.8,62.12,7.458e-06,1.996e-06,44.58,3.184e-06,140.996,660000.8,1,9.31,1,8.08,0.005022,31.4,84000.2,16400,0.137916
81.86,5416,0.4714,0.0461,0.0154,1.10656,66800,0.0252,0.5388,0.47,0.00378,0.374,0.5278,0.443,0.2774,0.2426,9.23,0.0837,0.04888,0.1524,0.0715,0.176,0.06814,0.02244,0.149,120,3.292,1728.4,13,6.1e-05,1.58,221.4,66.58,120,148.4,190.8,62.12,7.458e-06,1.996e-06,44.58,3.184e-06,140.996,660000.8,1,9.31,1,8.08,0.005022,31.4,84000.2,16400,0.137916
81.86,5416,0.4714,0.0461,0.0154,1.10656,66800,0.0252,0.5388,0.47,0.00378,0.374,0.5278,0.443,0.2774,0.2426,9.23,0.0837,0.04888,0.1524,0.0715,0.176,0.06046,0.02244,0.149,120,3.292,1728.4,13,6.1e-05,1.58,221.4,66.58,120,148.4,190.8,62.12,7.458e-06,1.996e-06,44.58,3.184e-06,140.996,660000.8,1,9.31,1,8.08,0.005022,31.4,84000.2,16400,0.137916
81.86,5416,0.4714,0.0461,0.0154,1.10656,66800,0.0252,0.5388,0.47,0.00378,0.374,0.5278,0.443,0.2774,0.272,9.23,0.0837,0.04888,0.1524,0.0715,0.176,0.06046,0.02244,0.149,120,3.292,1728.4,13,6.1e-05,1.58,221.4,66.58,120,148.4,190.8,62.12,7.458e-06,1.996e-06,44.58,3.184e-06,140.996,660000.8,1,9.31,1,8.08,0.005022,31.4,84000.2,16400,0.137916
81.86,5416,0.4714,0.0461,0.0154,1.10656,66800,0.0252,0.5388,0.47,0.00378,0.374,0.5278,0.443,0.2774,0.272,9.23,0.0837,0.04888,0.1524,0.0715,0.176,0.06046,0.02244,0.149,120,3.292,1728.4,13,6.1e-05,1.58,221.4,66.58,120,148.4,190.8,62.12,7.458e-06,1.996e-06,44.58,3.184e-06,140.996,660000.8,1,9.31,1,8.08,0.005022,31.4,84000.2,18620,0.137916
81.86,5416,0.4714,0.0407,0.0154,1.10656,66800,0.0252,0.5388,0.47,0.00378,0.374,0.5278,0.443,0.2774,0.272,9.23,0.0837,0.04888,0.1524,0.0715,0.176,0.06046,0.02244,0.149,120,3.292,1728.4,13,6.1e-05,1.58,221.4,66.58,120,148.4,190.8,62.12,7.458e-06,1.996e-06,44.58,3.184e-06,140.996,660000.8,1,9.31,1,8.08,0.005022,31.4,84000.2,18620,0.137916
81.86,5416,0.4714,0.0407,0.0154,1.10656,66800,0.0252,0.5388,0.47,0.00378,0.374,0.5278,0.443,0.2774,0.272,9.23,0.0837,0.04888,0.1524,0.0715,0.176,0.06046,0.02244,0.1862,120,3.292,1728.4,13,6.1e-05,1.58,221.4,66.58,120,148.4,190.8,62.12,7.458e-06,1.996e-06,44.58,3.184e-06,140.996,660000.8,1,9.31,1,8.08,0.005022,31.4,84000.2,18620,0.137916
81.86,5416,0.4714,0.0407,0.0154,1.10656,66800,0.0252,0.5388,0.47,0.00378,0.374,0.5278,0.443,0.2774,0.272,9.23,0.0837,0.04888,0.1524,0.0715,0.176,0.06046,0.02244,0.1862,120,3.292,1728.4,13,6.1e-05,1.58,221.4,66.58,120,148.4,190.8,62.12,7.458e-06,1.996e-06,44.58,2.206e-06,140.996,660000.8,1,9.31,1,8.08,0.005022,31.4,84000.2,18620,0.137916
66.44,5054,0.3826,0.0479,0.0126,1.83,71000,0.0222,0.5844,0.4528,0.00378,0.39,0.5492,0.395,0.2886,0.272,10.886,0.07762,0.04888,0.1412,0.0715,0.184,0.06558,0.02332,0.211,104.64,3.156,1,12.44,0.0008366,2.74,230.2,59.02,125.4,148.4,198,67,7.458e-06,1.79e-06,12.3,1.88e-06,74.988,3300000,1,9.31,35.5,3.36,0.005022,21,42000.6,17140,0.229
66.44,5054,0.3826,0.0425,0.0126,1.83,71000,0.0222,0.5844,0.4528,0.00378,0.39,0.5492,0.395,0.2886,0.272,10.886,0.07762,0.04888,0.1412,0.0715,0.184,0.06558,0.02332,0.211,104.64,3.156,1,12.44,0.0008366,2.74,230.2,59.02,125.4,148.4,198,67,7.458e-06,1.79e-06,12.3,1.88e-06,74.988,3300000,1,9.31,35.5,3.36,0.005022,21,42000.6,17140,0.229
81.86,5054,0.3826,0.0425,0.0126,1.83,71000,0.0222,0.5844,0.4528,0.00378,0.39,0.5492,0.395,0.2886,0.272,10.886,0.07762,0.04888,0.1412,0.0715,0.184,0.06558,0.02332,0.211,104.64,3.156,1,12.44,0.0008366,2.74,230.2,59.02,125.4,148.4,198,67,7.458e-06,1.79e-06,12.3,1.88e-06,74.988,3300000,1,9.31,35.5,3.36,0.005022,21,42000.6,17140,0.229
81.86,5054,0.3826,0.0425,0.0126,1.83,71000,0.0222,0.5844,0.4528,0.00378,0.39,0.5492,0.395,0.2886,0.272,9.644,0.07762,0.04888,0.1412,0.0715,0.184,0.06558,0.02332,0.211,104.64,3.156,1,12.44,0.0008366,2.74,230.2,59.02,125.4,148.4,198,67,7.458e-06,1.79e-06,12.3,1.88e-06,74.988,3300000,1,9.31,35.5,3.36,0.005022,21,42000.6,17140,0.229
81.86,5054,0.3826,0.0425,0.0126,1.83,71000,0.0222,0.5844,0.4528,0.00378,0.39,0.5492,0.395,0.2886,0.272,9.644,0.07762,0.04888,0.1412,0.0715,0.184,0.06558,0.02332,0.211,104.64,3.156,1,12.44,0.0008366,1,230.2,59.02,125.4,148.4,198,67,7.458e-06,1.79e-06,12.3,1.88e-06,74.988,3300000,1,9.31,35.5,3.36,0.005022,21,42000.6,17140,0.229
81.86,5054,0.3826,0.0425,0.0126,1.83,71000,0.0222,0.5844,0.4528,0.00378,0.39,0.5492,0.395,0.2886,0.2426,9.644,0.07762,0.04888,0.1412,0.0715,0.184,0.06558,0.02332,0.211,104.64,3.156,1,12.44,0.0008366,1,230.2,59.02,125.4,148.4,198,67,7.458e-06,1.79e-06,12.3,1.88e-06,74.988,3300000,1,9.31,35.5,3.36,0.005022,21,42000.6,17140,0.229
81.86,5054,0.3826,0.0425,0.0126,1.83,71000,0.0222,0.5844,0.4528,0.00378,0.39,0.5492,0.395,0.2886,0.2426,9.644,0.07762,0.04888,0.1412,0.0715,0.184,0.06558,0.02332,0.211,104.64,3.564,1,12.44,0.0008366,1,230.2,59.02,125.4,148.4,198,67,7.458e-06,1.79e-06,12.3,1.88e-06,74.988,3300000,1,9.31,35.5,3.36,0.005022,21,42000.6,17140,0.229
81.86,5054,0.3826,0.0425,0.0126,1.83,71000,0.0222,0.5844,0.4528,0.00378,0.39,0.5492,0.395,0.2886,0.2426,9.644,0.07762,0.04888,0.1412,0.0715,0.184,0.06558,0.02332,0.211,104.64,3.564,1,12.44,0.0008366,1,230.2,59.02,125.4,148.4,198,67,7.458e-06,1.79e-06,60.72,1.88e-06,74.988,3300000,1,9.31,35.5,3.36,0.005022,21,42000.6,17140,0.229
81.86,5054,0.3826,0.0425,0.0126,1.83,71000,0.0222,0.5844,0.4528,0.00378,0.39,0.485,0.395,0.2886,0.2426,9.644,0.07762,0.04888,0.1412,0.0715,0.184,0.06558,0.02332,0.211,104.64,3.564,1,12.44,0.0008366,1,230.2,59.02,125.4,148.4,198,67,7.458e-06,1.79e-06,60.72,1.88e-06,74.988,3300000,1,9.31,35.5,3.36,0.005022,21,42000.6,17140,0.229
81.86,5054,0.3826,0.0425,0.0126,1.83,71000,0.0252,0.5844,0.4528,0.00378,0.39,0.485,0.395,0.2886,0.2426,9.644,0.07762,0.04888,0.1412,0.0715,0.184,0.06558,0.02332,0.211,104.64,3.564,1,12.44,0.0008366,1,230.2,59.02,125.4,148.4,198,67,7.458e-06,1.79e-06,60.72,1.88e-06,74.988,3300000,1,9.31,35.5,3.36,0.005022,21,42000.6,17140,0.229
81.86,5054,0.3826,0.0425,0.0126,1.83,71000,0.0252,0.5844,0.4528,0.00378,0.39,0.485,0.395,0.255,0.2426,9.644,0.07762,0.04888,0.1412,0.0715,0.184,0.06558,0.02332,0.211,104.64,3.564,1,12.44,0.0008366,1,230.2,59.02,125.4,148.4,198,67,7.458e-06,1.79e-06,60.72,1.88e-06,74.988,3300000,1,9.31,35.5,3.36,0.005022,21,42000.6,17140,0.229
81.86,5054,0.3826,0.0425,0.0126,1.83,71000,0.0252,0.5844,0.4528,0.00378,0.39,0.485,0.395,0.255,0.2426,9.644,0.07762,0.04888,0.1412,0.0715,0.184,0.06558,0.02332,0.211,58.56,3.564,1,12.44,0.0008366,1,230.2,59.02,125.4,148.4,198,67,7.458e-06,1.79e-06,60.72,1.88e-06,74.988,3300000,1,9.31,35.5,3.36,0.005022,21,42000.6,17140,0.229
81.86,5054,0.4714,0.0425,0.0126,1.83,71000,0.0252,0.5844,0.4528,0.00378,0.39,0.485,0.395,0.255,0.2426,9.644,0.07762,0.04888,0.1412,0.0715,0.184,0.06558,0.02332,0.211,58.56,3.564,1,12.44,0.0008366,1,230.2,59.02,125.4,148.4,198,67,7.458e-06,1.79e-06,60.72,1.88e-06,74.988,3300000,1,9.31,35.5,3.36,0.005022,21,42000.6,17140,0.229
81.86,5054,0.4714,0.0425,0.0126,1.83,71000,0.0252,0.5844,0.4528,0.00378,0.39,0.485,0.395,0.255,0.2426,9.644,0.07762,0.04888,0.1412,0.0715,0.184,0.06558,0.02332,0.211,58.56,3.564,1,12.44,0.0008366,1,230.2,59.02,125.4,148.4,198,67,7.458e-06,1.79e-06,60.72,1.88e-06,74.988,3300000,1,9.31,35.5,3.36,0.005022,21,105000,17140,0.229
81.86,5054,0.4714,0.0425,0.01428,1.83,71000,0.0252,0.5844,0.4528,0.00378,0.39,0.485,0.395,0.255,0.2426,9.644,0.07762,0.04888,0.1412,0.0715,0.184,0.06558,0.02332,0.211,58.56,3.564,1,12.44,0.0008366,1,230.2,59.02,125.4,148.4,198,67,7.458e-06,1.79e-06,60.72,1.88e-06,74.988,3300000,1,9.31,35.5,3.36,0.005022,21,105000,17140,0.229
81.86,5054,0.4714,0.0425,0.01428,1.83,58400,0.0252,0.5844,0.4528,0.00378,0.39,0.485,0.395,0.255,0.2426,9.644,0.07762,0.04888,0.1412,0.0715,0.184,0.06558,0.02332,0.211,58.56,3.564,1,12.44,0.0008366,1,230.2,59.02,125.4,148.4,198,67,7.458e-06,1.79e-06,60.72,1.88e-06,74.988,3300000,1,9.31,35.5,3.36,0.005022,21,105000,17140,0.229
81.86,5054,0.4714,0.0425,0.01428,1.83,58400,0.0252,0.5844,0.4528,0.00378,0.39,0.485,0.395,0.255,0.2426,9.644,0.07762,0.04888,0.1412,0.0715,0.184,0.06558,0.02332,0.211,58.56,3.564,1,12.44,0.0008366,1,230.2,59.02,125.4,148.4,198,67,7.458e-06,1.79e-06,60.72,2.858e-06,74.988,3300000,1,9.31,35.5,3.36,0.005022,21,105000,17140,0.229
81.86,5054,0.4714,0.0425,0.01428,1.83,58400,0.0252,0.516,0.4528,0.00378,0.39,0.485,0.395,0.255,0.2426,9.644,0.07762,0.04888,0.1412,0.0715,0.184,0.06558,0.02332,0.211,58.56,3.564,1,12.44,0.0008366,1,230.2,59.02,125.4,148.4,198,67,7.458e-06,1.79e-06,60.72,2.858e-06,74.988,3300000,1,9.31,35.5,3.36,0.005022,21,105000,17140,0.229
81.86,5054,0.4714,0.0425,0.01428,1.83,58400,0.0252,0.516,0.4528,0.00378,0.39,0.485,0.395,0.255,0.2426,9.644,0.07762,0.04888,0.1412,0.0715,0.184,0.06558,0.02332,0.211,58.56,3.564,1,12.44,0.0008366,1,230.2,59.02,125.4,148.4,198,67,7.458e-06,1.79e-06,60.72,2.858e-06,74.988,3300000,1,9.31,35.5,10.44,0.005022,21,105000,17140,0.229
81.86,5054,0.4714,0.0425,0.01428,1.83,58400,0.0252,0.516,0.4528,0.00378,0.39,0.485,0.395,0.255,0.2426,9.644,0.07762,0.04888,0.1412,0.0715,0.184,0.06558,0.02332,0.211,58.56,3.564,1,12.44,0.0008366,1,230.2,59.02,125.4,148.4,176.4,67,7.458e-06,1.79e-06,60.72,2.858e-06,74.988,3300000,1,9.31,35.5,10.44,0.005022,21,105000,17140,0.229
81.86,5054,0.4714,0.0425,0.01428,1.83,58400,0.0252,0.516,0.4528,0.00378,0.39,0.485,0.395,0.255,0.2426,9.644,0.07762,0.04888,0.1412,0.0715,0.184,0.06558,0.02332,0.1738,58.56,3.564,1,12.44,0.0008366,1,230.2,59.02,125.4,148.4,176.4,67,7.458e-06,1.79e-06,60.72,2.858e-06,74.988,3300000,1,9.31,35.5,10.44,0.005022,21,105000,17140,0.229
81.86,5054,0.4714,0.0425,0.01428,1.83,58400,0.0252,0.516,0.4528,0.00378,0.39,0.485,0.395,0.255,0.2426,9.644,0.07762,0.04888,0.1412,0.0715,0.184,0.06558,0.02332,0.1738,58.56,3.564,1,12.44,0.0008366,1,230.2,59.02,125.4,148.4,176.4,67,7.458e-06,2.408e-06,60.72,2.858e-06,74.988,3300000,1,9.31,35.5,10.44,0.005022,21,105000,17140,0.229
81.86,6140,0.4714,0.0425,0.01428,1.83,58400,0.0252,0.516,0.4528,0.00378,0.39,0.485,0.395,0.255,0.2426,9.644,0.07762,0.04888,0.1412,0.0715,0.184,0.06558,0.02332,0.1738,58.56,3.564,1,12.44,0.0008366,1,230.2,59.02,125.4,148.4,176.4,67,7.458e-06,2.408e-06,60.72,2.858e-06,74.988,3300000,1,9.31,35.5,10.44,0.005022,21,105000,17140,0.229
81.86,6140,0.4714,0.0425,0.01428,1.83,58400,0.0252,0.516,0.4528,0.00378,0.39,0.485,0.395,0.255,0.2426,9.644,0.07762,0.04888,0.1412,0.0715,0.184,0.06558,0.02332,0.1738,58.56,3.564,1,12.44,0.0008366,1,230.2,59.02,125.4,148.4,176.4,67,7.458e-06,2.408e-06,60.72,2.858e-06,74.988,3300000,1,9.31,35.5,10.44,0.003978,21,105000,17140,0.229
81.86,6140,0.4714,0.0425,0.01428,1.83,58400,0.0252,0.516,0.4528,0.00378,0.39,0.485,0.395,0.255,0.2426,9.644,0.07762,0.04888,0.1412,0.0715,0.184,0.06558,0.02332,0.1738,58.56,3.564,1728.4,12.44,0.0008366,1,230.2,59.02,125.4,148.4,176.4,67,7.458e-06,2.408e-06,60.72,2.858e-06,74.988,3300000,1,9.31,35.5,10.44,0.003978,21,105000,17140,0.229
81.86,6140,0.4714,0.0425,0.01428,1.83,58400,0.0252,0.516,0.4528,0.00378,0.39,0.485,0.395,0.255,0.2426,9.644,0.07762,0.04888,0.1412,0.0715,0.184,0.06558,0.02332,0.1738,58.56,3.564,1728.4,12.44,0.0008366,1,230.2,59.02,125.4,148.4,176.4,67,7.458e-06,2.408e-06,60.72,2.858e-06,74.988,3300000,1,9.31,35.5,10.44,0.003978,21,105000,17140,0.092374
81.86,6140,0.4714,0.0425,0.01428,1.83,58400,0.0252,0.516,0.4528,0.00378,0.39,0.485,0.395,0.255,0.2426,9.644,0.07762,0.04888,0.158,0.0715,0.184,0.06558,0.02332,0.1738,58.56,3.564,1728.4,12.44,0.0008366,1,230.2,59.02,125.4,148.4,176.4,67,7.458e-06,2.408e-06,60.72,2.858e-06,74.988,3300000,1,9.31,35.5,10.44,0.003978,21,105000,17140,0.092374
81.86,6140,0.4714,0.0425,0.01428,1.83,58400,0.0252,0.516,0.4528,0.00378,0.39,0.485,0.395,0.255,0.2426,9.644,0.0685,0.04888,0.158,0.0715,0.184,0.06558,0.02332,0.1738,58.56,3.564,1728.4,12.44,0.0008366,1,230.2,59.02,125.4,148.4,176.4,67,7.458e-06,2.408e-06,60.72,2.858e-06,74.988,3300000,1,9.31,35.5,10.44,0.003978,21,105000,17140,0.092374
81.86,6140,0.4714,0.0425,0.01428,1.83,58400,0.0252,0.516,0.4528,0.004284,0.39,0.485,0.395,0.255,0.2426,9.644,0.0685,0.04888,0.158,0.0715,0.184,0.06558,0.02332,0.1738,58.56,3.564,1728.4,12.44,0.0008366,1,230.2,59.02,125.4,148.4,176.4,67,7.458e-06,2.408e-06,60.72,2.858e-06,74.988,3300000,1,9.31,35.5,10.44,0.003978,21,105000,17140,0.092374
81.86,6140,0.4714,0.0425,0.01428,1.83,58400,0.0252,0.516,0.4528,0.004284,0.39,0.485,0.395,0.255,0.2426,9.644,0.0685,0.04888,0.158,0.0715,0.184,0.06558,0.02332,0.1738,58.56,3.564,1728.4,12.44,0.0008366,1,230.2,59.02,141.6,148.4,176.4,67,7.458e-06,2.408e-06,60.72,2.858e-06,74.988,3300000,1,9.31,35.5,10.44,0.003978,21,105000,17140,0.092374
81.86,6140,0.4714,0.0425,0.01428,1.83,58400,0.0252,0.516,0.4528,0.004284,0.39,0.485,0.395,0.255,0.2426,9.644,0.0685,0.04888,0.158,0.0715,0.184,0.06558,0.02332,0.1738,58.56,3.564,1728.4,12.44,0.0008366,1,230.2,59.02,141.6,167.6,176.4,67,7.458e-06,2.408e-06,60.72,2.858e-06,74.988,3300000,1,9.31,35.5,10.44,0.003978,21,105000,17140,0.092374
81.86,6140,0.4714,0.0425,0.01428,1.83,58400,0.0252,0.516,0.4528,0.004284,0.39,0.485,0.395,0.255,0.2426,9.644,0.0685,0.04888,0.158,0.0715,0.184,0.06558,0.02332,0.1738,58.56,3.564,1728.4,12.44,0.0008366,1,230.2,59.02,141.6,167.6,176.4,67,7.458e-06,2.408e-06,60.72,2.858e-06,74.988,3300000,1,9.31,35.5,10.44,0.003978,52.2,105000,17140,0.092374
81.86,6140,0.4714,0.0425,0.01428,1.83,58400,0.0252,0.516,0.4528,0.004284,0.39,0.485,0.395,0.255,0.2426,9.644,0.0685,0.04888,0.158,0.0715,0.184,0.06558,0.02068,0.1738,58.56,3.564,1728.4,12.44,0.0008366,1,230.2,59.02,141.6,167.6,176.4,67,7.458e-06,2.408e-06,60.72,2.858e-06,74.988,3300000,1,9.31,35.5,10.44,0.003978,52.2,105000,17140,0.092374
81.86,6140,0.4714,0.0425,0.01428,1.83,58400,0.0252,0.516,0.4012,0.004284,0.39,0.485,0.395,0.255,0.2426,9.644,0.0685,0.04888,0.158,0.0715,0.184,0.06558,0.02068,0.1738,58.56,3.564,1728.4,12.44,0.0008366,1,230.2,59.02,141.6,167.6,176.4,67,7.458e-06,2.408e-06,60.72,2.858e-06,74.988,3300000,1,9.31,35.5,10.44,0.003978,52.2,105000,17140,0.092374
81.86,6140,0.4714,0.0425,0.01428,1.83,58400,0.0252,0.516,0.4012,0.004284,0.39,0.485,0.395,0.255,0.2426,9.644,0.0685,0.04888,0.158,0.0715,0.184,0.06558,0.02068,0.1738,58.56,3.564,1728.4,12.44,0.0008366,1,230.2,59.02,141.6,167.6,176.4,67,7.458e-06,2.408e-06,60.72,2.858e-06,174,3300000,1,9.31,35.5,10.44,0.003978,52.2,105000,17140,0.092374
81.86,6140,0.4714,0.0425,0.01428,1.83,58400,0.0252,0.516,0.4012,0.004284,0.39,0.485,0.395,0.255,0.2426,9.644,0.0685,0.04888,0.158,0.0637,0.184,0.06558,0.02068,0.1738,58.56,3.564,1728.4,12.44,0.0008366,1,230.2,59.02,141.6,167.6,176.4,67,7.458e-06,2.408e-06,60.72,2.858e-06,174,3300000,1,9.31,35.5,10.44,0.003978,52.2,105000,17140,0.092374
81.86,6140,0.4714,0.0425,0.01428,1.83,58400,0.0252,0.516,0.4012,0.004284,0.438,0.485,0.395,0.255,0.2426,9.644,0.0685,0.04888,0.158,0.0637,0.184,0.06558,0.02068,0.1738,58.56,3.564,1728.4,12.44,0.0008366,1,230.2,59.02,141.6,167.6,176.4,67,7.458e-06,2.408e-06,60.72,2.858e-06,174,3300000,1,9.31,35.5,10.44,0.003978,52.2,105000,17140,0.092374
81.86,6140,0.4714,0.0425,0.01428,1.83,58400,0.0252,0.516,0.4012,0.004284,0.438,0.485,0.395,0.255,0.2426,9.644,0.0685,0.04888,0.158,0.0637,0.184,0.06558,0.02068,0.1738,58.56,3.564,1728.4,12.44,0.0008366,1,230.2,59.02,141.6,167.6,176.4,67,7.458e-06,2.408e-06,60.72,2.858e-06,174,3300000,1,9.31,35.5,10.44,0.003978,52.2,105000,19360,0.092374
81.86,6140,0.4714,0.0425,0.01428,1.83,58400,0.0252,0.516,0.4012,0.004284,0.438,0.485,0.395,0.255,0.2426,9.644,0.0685,0.04888,0.158,0.0637,0.184,0.06558,0.02068,0.1738,58.56,3.564,1728.4,12.44,0.002,1,230.2,59.02,141.6,167.6,176.4,67,7.458e-06,2.408e-06,60.72,2.858e-06,174,3300000,1,9.31,35.5,10.44,0.003978,52.2,105000,19360,0.092374
81.86,6140,0.4714,0.0425,0.01428,1.83,58400,0.0252,0.516,0.4012,0.004284,0.438,0.485,0.395,0.255,0.2426,9.644,0.0685,0.04888,0.158,0.0637,0.184,0.06558,0.02068,0.1738,58.56,3.564,1728.4,12.44,0.002,1,230.2,59.02,141.6,167.6,176.4,67,7.458e-06,2.408e-06,60.72,2.858e-06,174,3300000,165000.4,9.31,35.5,10.44,0.003978,52.2,105000,19360,0.092374
81.86,6140,0.4714,0.0425,0.01428,1.83,58400,0.0252,0.516,0.4012,0.004284,0.438,0.485,0.395,0.255,0.2426,9.644,0.0685,0.04888,0.158,0.0637,0.184,0.06558,0.02068,0.1738,58.56,3.564,1728.4,12.44,0.002,1,230.2,66.58,141.6,167.6,176.4,67,7.458e-06,2.408e-06,60.72,2.858e-06,174,3300000,165000.4,9.31,35.5,10.44,0.003978,52.2,105000,19360,0.092374
81.86,6140,0.4714,0.0425,0.01428,1.83,58400,0.0252,0.516,0.4012,0.004284,0.438,0.485,0.443,0.255,0.2426,9.644,0.0685,0.04888,0.158,0.0637,0.184,0.06558,0.02068,0.1738,58.56,3.564,1728.4,12.44,0.002,1,230.2,66.58,141.6,167.6,176.4,67,7.458e-06,2.408e-06,60.72,2.858e-06,174,3300000,165000.4,9.31,35.5,10.44,0.003978,52.2,105000,19360,0.092374
81.86,6140,0.4714,0.0425,0.01428,0.74484,58400,0.0252,0.516,0.4012,0.004284,0.438,0.485,0.443,0.255,0.2426,9.644,0.0685,0.04888,0.158,0.0637,0.184,0.06558,0.02068,0.1738,58.56,3.564,1728.4,12.44,0.002,1,230.2,66.58,141.6,167.6,176.4,67,7.458e-06,2.408e-06,60.72,2.858e-06,174,3300000,165000.4,9.31,35.5,10.44,0.003978,52.2,105000,19360,0.092374
81.86,6140,0.4714,0.0425,0.01428,0.74484,58400,0.0252,0.516,0.4012,0.004284,0.438,0.485,0.443,0.255,0.2426,9.644,0.0685,0.04888,0.158,0.0637,0.184,0.06558,0.02068,0.1738,58.56,3.564,1728.4,12.44,0.002,1,230.2,66.58,141.6,167.6,176.4,67,7.458e-06,2.408e-06,60.72,2.858e-06,174,3300000,165000.4,9.31,14.8,10.44,0.003978,52.2,105000,19360,0.092374
81.86,6140,0.4714,0.0425,0.01428,0.74484,58400,0.0252,0.516,0.4012,0.004284,0.438,0.485,0.443,0.255,0.2426,9.644,0.0685,0.04888,0.158,0.0637,0.184,0.06558,0.02068,0.1738,58.56,3.564,1728.4,12.44,0.002,1,230.2,66.58,141.6,167.6,176.4,67,6.57e-06,2.408e-06,60.72,2.858e-06,174,3300000,165000.4,9.31,14.8,10.44,0.003978,52.2,105000,19360,0.092374
81.86,6140,0.4714,0.0425,0.01428,0.74484,58400,0.0252,0.516,0.4012,0.004284,0.438,0.485,0.443,0.255,0.2426,9.644,0.0685,0.04888,0.158,0.0637,0.184,0.06558,0.02068,0.1738,58.56,3.564,1728.4,12.44,0.002,1,203.8,66.58,141.6,167.6,176.4,67,6.57e-06,2.408e-06,60.72,2.858e-06,174,3300000,165000.4,9.31,14.8,10.44,0.003978,52.2,105000,19360,0.092374
81.86,6140,0.4714,0.0425,0.01428,0.74484,58400,0.0252,0.516,0.4012,0.004284,0.438,0.485,0.443,0.255,0.2426,9.644,0.0685,0.04888,0.158,0.0637,0.184,0.0579,0.02068,0.1738,58.56,3.564,1728.4,12.44,0.002,1,203.8,66.58,141.6,167.6,176.4,67,6.57e-06,2.408e-06,60.72,2.858e-06,174,3300000,165000.4,9.31,14.8,10.44,0.003978,52.2,105000,19360,0.092374
81.86,6140,0.4714,0.0425,0.01428,0.74484,58400,0.0252,0.516,0.4012,0.004284,0.438,0.485,0.443,0.255,0.2426,9.644,0.0685,0.04888,0.158,0.0637,0.184,0.0579,0.02068,0.1738,58.56,3.564,1728.4,12.44,0.002,1,203.8,66.58,141.6,167.6,176.4,67,6.57e-06,2.408e-06,60.72,2.858e-06,174,3300000,165000.4,6.658,14.8,10.44,0.003978,52.2,105000,19360,0.092374
81.86,6140,0.4714,0.0425,0.01428,0.74484,58400,0.0252,0.516,0.4012,0.004284,0.438,0.485,0.443,0.255,0.2426,9.644,0.0685,0.04888,0.158,0.0637,0.184,0.0579,0.02068,0.1738,58.56,3.564,1728.4,12.44,0.002,1,203.8,66.58,141.6,167.6,176.4,59.68,6.57e-06,2.408e-06,60.72,2.858e-06,174,3300000,165000.4,6.658,14.8,10.44,0.003978,52.2,105000,19360,0.092374
81.86,6140,0.4714,0.0425,0.01428,0.74484,58400,0.0252,0.516,0.4012,0.004284,0.438,0.485,0.443,0.255,0.2426,9.644,0.0685,0.04888,0.158,0.0637,0.208,0.0579,0.02068,0.1738,58.56,3.564,1728.4,12.44,0.002,1,203.8,66.58,141.6,167.6,176.4,59.68,6.57e-06,2.408e-06,60.72,2.858e-06,174,3300000,165000.4,6.658,14.8,10.44,0.003978,52.2,105000,19360,0.092374
81.86,6140,0.4714,0.0425,0.01428,0.74484,58400,0.0252,0.516,0.4012,0.004284,0.438,0.485,0.443,0.255,0.2426,9.644,0.0685,0.04888,0.158,0.0637,0.208,0.0579,0.02068,0.1738,58.56,3.564,1728.4,10.76,0.002,1,203.8,66.58,141.6,167.6,176.4,59.68,6.57e-06,2.408e-06,60.72,2.858e-06,174,3300000,165000.4,6.658,14.8,10.44,0.003978,52.2,105000,19360,0.092374
81.86,6140,0.4714,0.0425,0.01428,0.74484,58400,0.0252,0.516,0.4012,0.004284,0.438,0.485,0.443,0.255,0.2426,9.644,0.0685,0.04888,0.158,0.0637,0.208,0.0579,0.02068,0.1738,58.56,3.564,1728.4,10.76,0.002,1,203.8,66.58,141.6,167.6,176.4,59.68,6.57e-06,2.408e-06,60.72,2.858e-06,174,1320000.6,165000.4,6.658,14.8,10.44,0.003978,52.2,105000,19360,0.092374
81.86,6140,0.4714,0.0425,0.01428,0.74484,58400,0.0252,0.516,0.4012,0.004284,0.438,0.485,0.443,0.255,0.2426,9.644,0.0685,0.05512,0.158,0.0637,0.208,0.0579,0.02068,0.1738,58.56,3.564,1728.4,10.76,0.002,1,203.8,66.58,141.6,167.6,176.4,59.68,6.57e-06,2.408e-06,60.72,2.858e-06,174,1320000.6,165000.4,6.658,14.8,10.44,0.003978,52.2,105000,19360,0.092374
81.86,4330,0.501,0.0479,0.01316,0.0214,71000,0.0242,0.5616,0.384,0.004116,0.39,0.485,0.379,0.2662,0.2426,10.886,0.0837,0.04888,0.158,0.0715,0.216,0.0579,0.02244,0.1614,104.64,3.428,576.8,11.32,0.0012244,2.16,239,61.54,125.4,161.2,183.6,64.56,7.458e-06,2.408e-06,28.44,3.51e-06,41.984,2640000.2,110000.6,4.89,28.6,1,0.00537,73,105000,18620,0.229
81.86,4330,0.501,0.0479,0.01316,0.0214,71000,0.0242,0.5616,0.384,0.004116,0.39,0.485,0.379,0.2662,0.2426,10.886,0.0837,0.04888,0.158,0.0715,0.216,0.0579,0.02244,0.1614,104.64,3.428,576.8,11.32,0.0012244,2.16,239,61.54,125.4,161.2,183.6,64.56,7.458e-06,2.408e-06,28.44,3.51e-06,41.984,2640000.2,110000.6,4.89,28.6,1,0.00537,73,105000,18620,0.092374
81.86,4330,0.501,0.0479,0.01316,0.0214,71000,0.0242,0.5616,0.384,0.004116,0.39,0.485,0.379,0.2998,0.2426,10.886,0.0837,0.04888,0.158,0.0715,0.216,0.0579,0.02244,0.1614,104.64,3.428,576.8,11.32,0.0012244,2.16,239,61.54,125.4,161.2,183.6,64.56,7.458e-06,2.408e-06,28.44,3.51e-06,41.984,2640000.2,110000.6,4.89,28.6,1,0.00537,73,105000,18620,0.092374
81.86,4330,0.501,0.0479,0.01316,0.0214,71000,0.0242,0.5616,0.384,0.004116,0.39,0.485,0.379,0.2998,0.2426,10.886,0.0837,0.05512,0.158,0.0715,0.216,0.0579,0.02244,0.1614,104.64,3.428,576.8,11.32,0.0012244,2.16,239,61.54,125.4,161.2,183.6,64.56,7.458e-06,2.408e-06,28.44,3.51e-06,41.984,2640000.2,110000.6,4.89,28.6,1,0.00537,73,105000,18620,0.092374
81.86,4330,0.501,0.0479,0.01316,0.0214,71000,0.0242,0.5616,0.384,0.004116,0.39,0.485,0.379,0.2998,0.2426,10.886,0.0837,0.05512,0.158,0.0715,0.216,0.0579,0.02244,0.1614,104.64,3.428,576.8,11.32,0.0012244,2.16,239,61.54,141.6,161.2,183.6,64.56,7.458e-06,2.408e-06,28.44,3.51e-06,41.984,2640000.2,110000.6,4.89,28.6,1,0.00537,73,105000,18620,0.092374
81.86,4330,0.501,0.0479,0.01316,0.0214,71000,0.0242,0.5616,0.384,0.004116,0.39,0.485,0.379,0.2998,0.2426,10.886,0.0837,0.05512,0.158,0.0715,0.216,0.0579,0.02244,0.1614,104.64,3.428,576.8,11.32,0.0012244,2.16,239,61.54,141.6,161.2,162,64.56,7.458e-06,2.408e-06,28.44,3.51e-06,41.984,2640000.2,110000.6,4.89,28.6,1,0.00537,73,105000,18620,0.092374
81.86,4330,0.501,0.0479,0.01316,0.0214,71000,0.0242,0.5616,0.384,0.004116,0.39,0.485,0.379,0.2998,0.2426,10.886,0.0837,0.05512,0.158,0.0715,0.216,0.0579,0.02244,0.1614,104.64,3.428,576.8,11.32,0.0012244,2.16,239,61.54,141.6,161.2,162,57.24,7.458e-06,2.408e-06,28.44,3.51e-06,41.984,2640000.2,110000.6,4.89,28.6,1,0.00537,73,105000,18620,0.092374
81.86,4330,0.501,0.0479,0.01316,0.0214,71000,0.0242,0.5616,0.384,0.004116,0.39,0.485,0.379,0.2998,0.2426,10.886,0.07458,0.05512,0.158,0.0715,0.216,0.0579,0.02244,0.1614,104.64,3.428,576.8,11.32,0.0012244,2.16,239,61.54,141.6,161.2,162,57.24,7.458e-06,2.408e-06,28.44,3.51e-06,41.984,2640000.2,110000.6,4.89,28.6,1,0.00537,73,105000,18620,0.092374
81.86,4330,0.501,0.0479,0.01316,0.0214,71000,0.0242,0.5616,0.384,0.004116,0.39,0.485,0.379,0.2998,0.2426,10.886,0.07458,0.05512,0.158,0.0715,0.216,0.0579,0.02244,0.1614,104.64,3.428,576.8,11.32,0.0012244,2.16,212.6,61.54,141.6,161.2,162,57.24,7.458e-06,2.408e-06,28.44,3.51e-06,41.984,2640000.2,110000.6,4.89,28.6,1,0.00537,73,105000,18620,0.092374
81.86,4330,0.501,0.0479,0.01316,0.0214,71000,0.0242,0.5616,0.384,0.004116,0.39,0.485,0.379,0.2998,0.2426,10.886,0.07458,0.05512,0.158,0.0715,0.216,0.0579,0.02244,0.1614,104.64,3.428,576.8,11.32,0.0012244,2.16,212.6,61.54,141.6,142,162,57.24,7.458e-06,2.408e-06,28.44,3.51e-06,41.984,2640000.2,110000.6,4.89,28.6,1,0.00537,73,105000,18620,0.092374
81.86,4330,0.501,0.0479,0.01316,0.0214,71000,0.0242,0.5616,0.384,0.004116,0.39,0.485,0.379,0.2998,0.2426,10.886,0.07458,0.05512,0.158,0.0715,0.216,0.0579,0.02244,0.1614,104.64,3.428,576.8,11.32,0.0012244,2.16,212.6,61.54,141.6,142,162,57.24,7.458e-06,2.408e-06,28.44,3.51e-06,41.984,2640000.2,110000.6,4.89,28.6,1,0.00537,73,105000,16400,0.092374
81.86,4330,0.501,0.0479,0.01316,0.0214,71000,0.0242,0.5616,0.384,0.004116,0.39,0.485,0.379,0.2998,0.2426,10.886,0.07458,0.05512,0.158,0.0715,0.216,0.0579,0.02244,0.1614,104.64,3.428,576.8,11.32,0.0012244,2.16,212.6,61.54,141.6,142,162,57.24,7.458e-06,2.408e-06,28.44,3.51e-06,41.984,2640000.2,110000.6,4.89,28.6,1,0.00537,73,42000.6,16400,0.092374
81.86,4330,0.501,0.0479,0.01316,0.0214,71000,0.0242,0.5616,0.384,0.004116,0.39,0.485,0.379,0.2998,0.2426,10.886,0.07458,0.05512,0.158,0.0715,0.216,0.0579,0.02244,0.1614,104.64,3.02,576.8,11.32,0.0012244,2.16,212.6,61.54,141.6,142,162,57.24,7.458e-06,2.408e-06,28.44,3.51e-06,41.984,2640000.2,110000.6,4.89,28.6,1,0.00537,73,42000.6,16400,0.092374
81.86,4330,0.501,0.0479,0.01316,0.0214,71000,0.0242,0.5616,0.384,0.004116,0.39,0.5492,0.379,0.2998,0.2426,10.886,0.07458,0.05512,0.158,0.0715,0.216,0.0579,0.02244,0.1614,104.64,3.02,576.8,11.32,0.0012244,2.16,212.6,61.54,141.6,142,162,57.24,7.458e-06,2.408e-06,28.44,3.51e-06,41.984,2640000.2,110000.6,4.89,28.6,1,0.00537,73,42000.6,16400,0.092374
81.86,4330,0.501,0.0479,0.01316,0.0214,58400,0.0242,0.5616,0.384,0.004116,0.39,0.5492,0.379,0.2998,0.2426,10.886,0.07458,0.05512,0.158,0.0715,0.216,0.0579,0.02244,0.1614,104.64,3.02,576.8,11.32,0.0012244,2.16,212.6,61.54,141.6,142,162,57.24,7.458e-06,2.408e-06,28.44,3.51e-06,41.984,2640000.2,110000.6,4.89,28.6,1,0.00537,73,42000.6,16400,0.092374
81.86,4330,0.501,0.0479,0.01316,0.0214,58400,0.0242,0.5616,0.384,0.004116,0.39,0.5492,0.379,0.2998,0.2426,10.886,0.07458,0.05512,0.158,0.0715,0.216,0.0579,0.02244,0.1614,104.64,3.02,576.8,11.32,0.0012244,2.16,212.6,61.54,141.6,142,162,57.24,7.458e-06,1.79e-06,28.44,3.51e-06,41.984,2640000.2,110000.6,4.89,28.6,1,0.00537,73,42000.6,16400,0.092374
81.86,4330,0.501,0.0479,0.01316,0.0214,58400,0.0242,0.5616,0.384,0.004116,0.39,0.5492,0.379,0.2998,0.2426,10.886,0.07458,0.05512,0.158,0.0715,0.216,0.0579,0.02244,0.1614,104.64,3.02,576.8,11.32,0.0012244,2.16,212.6,61.54,141.6,142,162,57.24,7.458e-06,1.79e-06,76.86,3.51e-06,41.984,2640000.2,110000.6,4.89,28.6,1,0.00537,73,42000.6,16400,0.092374
81.86,4330,0.501,0.0479,0.01316,0.0214,58400,0.0242,0.5616,0.384,0.004116,0.39,0.5492,0.379,0.2998,0.2426,10.886,0.07458,0.05512,0.158,0.0637,0.216,0.0579,0.02244,0.1614,104.64,3.02,576.8,11.32,0.0012244,2.16,212.6,61.54,141.6,142,162,57.24,7.458e-06,1.79e-06,76.86,3.51e-06,41.984,2640000.2,110000.6,4.89,28.6,1,0.00537,73,42000.6,16400,0.092374
81.86,4330,0.501,0.0479,0.01316,0.0214,58400,0.0242,0.5616,0.384,0.004116,0.39,0.5492,0.379,0.2998,0.2426,10.886,0.07458,0.05512,0.158,0.0637,0.216,0.0579,0.02244,0.1614,104.64,3.02,576.8,11.32,0.0012244,2.16,212.6,61.54,141.6,142,162,57.24,7.458e-06,1.79e-06,76.86,2.532e-06,41.984,2640000.2,110000.6,4.89,28.6,1,0.00537,73,42000.6,16400,0.092374
81.86,4330,0.501,0.0479,0.01316,0.0214,58400,0.0242,0.5616,0.384,0.004116,0.39,0.5492,0.379,0.2998,0.2426,10.886,0.07458,0.05512,0.158,0.0637,0.216,0.06558,0.02244,0.1614,104.64,3.02,576.8,11.32,0.0012244,2.16,212.6,61.54,141.6,142,162,57.24,7.458e-06,1.79e-06,76.86,2.532e-06,41.984,2640000.2,110000.6,4.89,28.6,1,0.00537,73,42000.6,16400,0.092374
81.86,4330,0.501,0.0479,0.01316,0.0214,58400,0.0242,0.5616,0.384,0.004116,0.39,0.5492,0.379,0.2998,0.2426,10.886,0.07458,0.05512,0.158,0.0637,0.216,0.06558,0.02244,0.1614,104.64,3.02,576.8,11.32,0.0012244,2.16,212.6,61.54,141.6,142,162,57.24,7.458e-06,1.79e-06,76.86,2.532e-06,41.984,2640000.2,110000.6,4.89,28.6,1,0.00537,41.8,42000.6,16400,0.092374
66.44,4330,0.501,0.0479,0.01316,0.0214,58400,0.0242,0.5616,0.384,0.004116,0.39,0.5492,0.379,0.2998,0.2426,10.886,0.07458,0.05512,0.158,0.0637,0.216,0.06558,0.02244,0.1614,104.64,3.02,576.8,11.32,0.0012244,2.16,212.6,61.54,141.6,142,162,57.24,7.458e-06,1.79e-06,76.86,2.532e-06,41.984,2640000.2,110000.6,4.89,28.6,1,0.00537,41.8,42000.6,16400,0.092374
66.44,4330,0.501,0.0479,0.01316,0.0214,58400,0.0242,0.5616,0.384,0.004116,0.39,0.5492,0.379,0.2998,0.2426,10.886,0.07458,0.05512,0.158,0.0637,0.216,0.06558,0.02244,0.1614,104.64,3.02,576.8,11.32,0.0012244,2.16,212.6,61.54,141.6,142,162,57.24,7.458e-06,1.79e-06,76.86,2.532e-06,41.984,660000.8,110000.6,4.89,28.6,1,0.00537,41.8,42000.6,16400,0.092374
66.44,4330,0.501,0.0479,0.01484,0.0214,58400,0.0242,0.5616,0.384,0.004116,0.39,0.5492,0.379,0.2998,0.2426,10.886,0.07458,0.05512,0.158,0.0637,0.216,0.06558,0.02244,0.1614,104.64,3.02,576.8,11.32,0.0012244,2.16,212.6,61.54,141.6,142,162,57.24,7.458e-06,1.79e-06,76.86,2.532e-06,41.984,660000.8,110000.6,4.89,28.6,1,0.00537,41.8,42000.6,16400,0.092374
66.44,4330,0.501,0.0479,0.01484,0.0214,58400,0.0242,0.5616,0.384,0.004116,0.39,0.5492,0.379,0.2998,0.2426,10.886,0.07458,0.05512,0.158,0.0637,0.216,0.06558,0.02244,0.1614,104.64,3.02,576.8,11.32,6.1e-05,2.16,212.6,61.54,141.6,142,162,57.24,7.458e-06,1.79e-06,76.86,2.532e-06,41.984,660000.8,110000.6,4.89,28.6,1,0.00537,41.8,42000.6,16400,0.092374
66.44,4330,0.501,0.0479,0.01484,0.0214,58400,0.0242,0.5616,0.384,0.004116,0.39,0.5492,0.427,0.2998,0.2426,10.886,0.07458,0.05512,0.158,0.0637,0.216,0.06558,0.02244,0.1614,104.64,3.02,576.8,11.32,6.1e-05,2.16,212.6,61.54,141.6,142,162,57.24,7.458e-06,1.79e-06,76.86,2.532e-06,41.984,660000.8,110000.6,4.89,28.6,1,0.00537,41.8,42000.6,16400,0.092374
66.44,4330,0.501,0.0479,0.01484,0.0214,58400,0.0242,0.5616,0.384,0.004116,0.39,0.5492,0.427,0.2998,0.2426,10.886,0.07458,0.05512,0.158,0.0637,0.216,0.06558,0.02244,0.1614,104.64,3.02,576.8,11.32,6.1e-05,2.16,212.6,69.1,141.6,142,162,57.24,7.458e-06,1.79e-06,76.86,2.532e-06,41.984,660000.8,110000.6,4.89,28.6,1,0.00537,41.8,42000.6,16400,0.092374
66.44,4330,0.501,0.0479,0.01484,0.0214,58400,0.0242,0.5616,0.384,0.004116,0.39,0.5492,0.427,0.2998,0.2426,10.886,0.07458,0.05512,0.158,0.0637,0.216,0.06558,0.02244,0.1614,58.56,3.02,576.8,11.32,6.1e-05,2.16,212.6,69.1,141.6,142,162,57.24,7.458e-06,1.79e-06,76.86,2.532e-06,41.984,660000.8,110000.6,4.89,28.6,1,0.00537,41.8,42000.6,16400,0.092374
66.44,4330,0.501,0.0479,0.01484,0.0214,58400,0.0242,0.5616,0.384,0.004116,0.39,0.5492,0.427,0.2998,0.2426,10.886,0.07458,0.05512,0.158,0.0637,0.216,0.06558,0.02244,0.1614,58.56,3.02,576.8,11.32,6.1e-05,2.16,212.6,69.1,141.6,142,162,57.24,7.458e-06,1.79e-06,76.86,2.532e-06,41.984,660000.8,275000,4.89,28.6,1,0.00537,41.8,42000.6,16400,0.092374
66.44,4330,0.501,0.0479,0.01484,0.0214,58400,0.0242,0.5616,0.384,0.004116,0.39,0.5492,0.427,0.2998,0.2426,10.886,0.07458,0.05512,0.158,0.0637,0.192,0.06558,0.02244,0.1614,58.56,3.02,576.8,11.32,6.1e-05,2.16,212.6,69.1,141.6,142,162,57.24,7.458e-06,1.79e-06,76.86,2.532e-06,41.984,660000.8,275000,4.89,28.6,1,0.00537,41.8,42000.6,16400,0.092374
66.44,4330,0.501,0.0479,0.01484,0.0214,58400,0.0242,0.5616,0.384,0.004116,0.39,0.5492,0.427,0.2998,0.2426,10.886,0.07458,0.05512,0.158,0.0637,0.192,0.06558,0.02244,0.1614,58.56,3.02,576.8,11.32,6.1e-05,2.16,212.6,69.1,141.6,142,162,57.24,7.458e-06,1.79e-06,76.86,2.532e-06,140.996,660000.8,275000,4.89,28.6,1,0.00537,41.8,42000.6,16400,0.092374
66.44,4330,0.501,0.0479,0.01484,0.0214,58400,0.0242,0.5616,0.384,0.004116,0.39,0.5492,0.427,0.2998,0.2426,10.886,0.07458,0.05512,0.158,0.0637,0.192,0.06558,0.02244,0.1614,58.56,3.02,576.8,11.32,6.1e-05,3.9,212.6,69.1,141.6,142,162,57.24,7.458e-06,1.79e-06,76.86,2.532e-06,140.996,660000.8,275000,4.89,28.6,1,0.00537,41.8,42000.6,16400,0.092374
66.44,4330,0.501,0.0479,0.01484,0.0214,58400,0.0242,0.63,0.384,0.004116,0.39,0.5492,0.427,0.2998,0.2426,10.886,0.07458,0.05512,0.158,0.0637,0.192,0.06558,0.02244,0.1614,58.56,3.02,576.8,11.32,6.1e-05,3.9,212.6,69.1,141.6,142,162,57.24,7.458e-06,1.79e-06,76.86,2.532e-06,140.996,660000.8,275000,4.89,28.6,1,0.00537,41.8,42000.6,16400,0.092374
66.44,4330,0.501,0.0479,0.01484,1.10656,58400,0.0242,0.63,0.384,0.004116,0.39,0.5492,0.427,0.2998,0.2426,10.886,0.07458,0.05512,0.158,0.0637,0.192,0.06558,0.02244,0.1614,58.56,3.02,576.8,11.32,6.1e-05,3.9,212.6,69.1,141.6,142,162,57.24,7.458e-06,1.79e-06,76.86,2.532e-06,140.996,660000.8,275000,4.89,28.6,1,0.00537,41.8,42000.6,16400,0.092374
66.44,4330,0.501,0.0479,0.01484,1.10656,58400,0.0242,0.63,0.384,0.004116,0.39,0.5492,0.427,0.2998,0.2426,9.644,0.07458,0.05512,0.158,0.0637,0.192,0.06558,0.02244,0.1614,58.56,3.02,576.8,11.32,6.1e-05,3.9,212.6,69.1,141.6,142,162,57.24,7.458e-06,1.79e-06,76.86,2.532e-06,140.996,660000.8,275000,4.89,28.6,1,0.00537,41.8,42000.6,16400,0.092374
66.44,4330,0.501,0.0479,0.01484,1.10656,58400,0.0242,0.63,0.384,0.004116,0.39,0.5492,0.427,0.2998,0.2426,9.644,0.07458,0.05512,0.158,0.0637,0.192,0.06558,0.02244,0.1614,58.56,3.02,576.8,11.32,6.1e-05,3.9,212.6,69.1,141.6,142,162,57.24,7.458e-06,1.79e-06,76.86,2.532e-06,140.996,660000.8,275000,7.542,28.6,1,0.00537,41.8,42000.6,16400,0.092374
66.44,5416,0.501,0.0479,0.01484,1.10656,58400,0.0242,0.63,0.384,0.004116,0.39,0.5492,0.427,0.2998,0.2426,9.644,0.07458,0.05512,0.158,0.0637,0.192,0.06558,0.02244,0.1614,58.56,3.02,576.8,11.32,6.1e-05,3.9,212.6,69.1,141.6,142,162,57.24,7.458e-06,1.79e-06,76.86,2.532e-06,140.996,660000.8,275000,7.542,28.6,1,0.00537,41.8,42000.6,16400,0.092374
66.44,5416,0.501,0.0479,0.01484,1.10656,58400,0.0242,0.63,0.384,0.004116,0.39,0.5492,0.427,0.2998,0.2426,9.644,0.07458,0.05512,0.1412,0.0637,0.192,0.06558,0.02244,0.1614,58.56,3.02,576.8,11.32,6.1e-05,3.9,212.6,69.1,141.6,142,162,57.24,7.458e-06,1.79e-06,76.86,2.532e-06,140.996,660000.8,275000,7.542,28.6,1,0.00537,41.8,42000.6,16400,0.092374
66.44,5416,0.501,0.0479,0.01484,1.10656,58400,0.0242,0.63,0.384,0.004116,0.39,0.5492,0.427,0.2998,0.2426,9.644,0.07458,0.05512,0.1412,0.0637,0.192,0.06558,0.02244,0.1986,58.56,3.02,576.8,11.32,6.1e-05,3.9,212.6,69.1,141.6,142,162,57.24,7.458e-06,1.79e-06,76.86,2.532e-06,140.996,660000.8,275000,7.542,28.6,1,0.00537,41.8,42000.6,16400,0.092374
66.44,5416,0.501,0.0425,0.01484,1.10656,58400,0.0242,0.63,0.384,0.004116,0.39,0.5492,0.427,0.2998,0.2426,9.644,0.07458,0.05512,0.1412,0.0637,0.192,0.06558,0.02244,0.1986,58.56,3.02,576.8,11.32,6.1e-05,3.9,212.6,69.1,141.6,142,162,57.24,7.458e-06,1.79e-06,76.86,2.532e-06,140.996,660000.8,275000,7.542,28.6,1,0.00537,41.8,42000.6,16400,0.092374
66.44,5416,0.501,0.0425,0.01484,1.10656,58400,0.0242,0.63,0.384,0.004116,0.39,0.5492,0.427,0.2998,0.2426,9.644,0.07458,0.05512,0.1412,0.0637,0.192,0.06558,0.02244,0.1986,58.56,3.02,576.8,11.32,6.1e-05,3.9,212.6,69.1,141.6,142,162,57.24,6.57e-06,1.79e-06,76.86,2.532e-06,140.996,660000.8,275000,7.542,28.6,1,0.00537,41.8,42000.6,16400,0.092374
66.44,5416,0.501,0.0425,0.01484,1.10656,58400,0.0242,0.63,0.384,0.004116,0.39,0.5492,0.427,0.2998,0.2426,9.644,0.07458,0.05512,0.1412,0.0637,0.192,0.06558,0.02244,0.1986,58.56,3.02,576.8,11.32,6.1e-05,3.9,212.6,69.1,141.6,142,162,57.24,6.57e-06,1.79e-06,76.86,2.532e-06,140.996,660000.8,275000,7.542,28.6,8.08,0.00537,41.8,42000.6,16400,0.092374
66.44,5416,0.501,0.0425,0.01484,1.10656,58400,0.0242,0.63,0.384,0.004116,0.39,0.5492,0.427,0.2998,0.2426,9.644,0.07458,0.05512,0.1412,0.0637,0.192,0.06558,0.02244,0.1986,58.56,3.02,576.8,11.32,6.1e-05,3.9,212.6,69.1,141.6,142,162,57.24,6.57e-06,1.79e-06,76.86,2.532e-06,140.996,660000.8,275000,7.542,7.9,8.08,0.00537,41.8,42000.6,16400,0.092374
66.44,5416,0.501,0.0425,0.01484,1.10656,58400,0.0242,0.63,0.384,0.004116,0.438,0.5492,0.427,0.2998,0.2426,9.644,0.07458,0.05512,0.1412,0.0637,0.192,0.06558,0.02244,0.1986,58.56,3.02,576.8,11.32,6.1e-05,3.9,212.6,69.1,141.6,142,162,57.24,6.57e-06,1.79e-06,76.86,2.532e-06,140.996,660000.8,275000,7.542,7.9,8.08,0.00537,41.8,42000.6,16400,0.092374
66.44,5416,0.501,0.0425,0.01484,1.10656,58400,0.0242,0.63,0.384,0.004116,0.438,0.5492,0.427,0.2998,0.2426,9.644,0.07458,0.05512,0.1412,0.0637,0.192,0.06558,0.0198,0.1986,58.56,3.02,576.8,11.32,6.1e-05,3.9,212.6,69.1,141.6,142,162,57.24,6.57e-06,1.79e-06,76.86,2.532e-06,140.996,660000.8,275000,7.542,7.9,8.08,0.00537,41.8,42000.6,16400,0.092374
66.44,5416,0.501,0.0425,0.01484,1.10656,58400,0.0242,0.63,0.384,0.004116,0.438,0.5492,0.427,0.2998,0.2426,9.644,0.07458,0.05512,0.1412,0.0637,0.192,0.06558,0.0198,0.1986,58.56,3.02,576.8,11.32,6.1e-05,3.9,212.6,69.1,141.6,142,162,57.24,6.57e-06,1.79e-06,76.86,2.532e-06,140.996,660000.8,275000,7.542,7.9,8.08,0.004326,41.8,42000.6,16400,0.092374
66.44,5416,0.501,0.0425,0.01484,1.10656,58400,0.0242,0.63,0.384,0.00462,0.438,0.5492,0.427,0.2998,0.2426,9.644,0.07458,0.05512,0.1412,0.0637,0.192,0.06558,0.0198,0.1986,58.56,3.02,576.8,11.32,6.1e-05,3.9,212.6,69.1,141.6,142,162,57.24,6.57e-06,1.79e-06,76.86,2.532e-06,140.996,660000.8,275000,7.542,7.9,8.08,0.004326,41.8,42000.6,16400,0.092374
66.44,5416,0.501,0.0425,0.01484,1.10656,58400,0.0242,0.63,0.384,0.00462,0.438,0.5492,0.427,0.2998,0.2426,9.644,0.07458,0.05512,0.1412,0.0637,0.192,0.06558,0.0198,0.1986,58.56,3.02,2304.2,11.32,6.1e-05,3.9,212.6,69.1,141.6,142,162,57.24,6.57e-06,1.79e-06,76.86,2.532e-06,140.996,660000.8,275000,7.542,7.9,8.08,0.004326,41.8,42000.6,16400,0.092374
66.44,5416,0.501,0.0425,0.01484,1.10656,58400,0.0242,0.63,0.4356,0.00462,0.438,0.5492,0.427,0.2998,0.2426,9.644,0.07458,0.05512,0.1412,0.0637,0.192,0.06558,0.0198,0.1986,58.56,3.02,2304.2,11.32,6.1e-05,3.9,212.6,69.1,141.6,142,162,57.24,6.57e-06,1.79e-06,76.86,2.532e-06,140.996,660000.8,275000,7.542,7.9,8.08,0.004326,41.8,42000.6,16400,0.092374
66.44,5416,0.501,0.0425,0.01484,1.10656,58400,0.0242,0.63,0.4356,0.00462,0.438,0.5492,0.427,0.2998,0.272,9.644,0.07458,0.05512,0.1412,0.0637,0.192,0.06558,0.0198,0.1986,58.56,3.02,2304.2,11.32,6.1e-05,3.9,212.6,69.1,141.6,142,162,57.24,6.57e-06,1.79e-06,76.86,2.532e-06,140.996,660000.8,275000,7.542,7.9,8.08,0.004326,41.8,42000.6,16400,0.092374
66.44,5416,0.501,0.0425,0.01484,1.10656,58400,0.0272,0.63,0.4356,0.00462,0.438,0.5492,0.427,0.2998,0.272,9.644,0.07458,0.05512,0.1412,0.0637,0.192,0.06558,0.0198,0.1986,58.56,3.02,2304.2,11.32,6.1e-05,3.9,212.6,69.1,141.6,142,162,57.24,6.57e-06,1.79e-06,76.86,2.532e-06,140.996,660000.8,275000,7.542,7.9,8.08,0.004326,41.8,42000.6,16400,0.092374
66.44,5416,0.4122,0.0425,0.01484,1.10656,58400,0.0272,0.63,0.4356,0.00462,0.438,0.5492,0.427,0.2998,0.272,9.644,0.07458,0.05512,0.1412,0.0637,0.192,0.06558,0.0198,0.1986,58.56,3.02,2304.2,11.32,6.1e-05,3.9,212.6,69.1,141.6,142,162,57.24,6.57e-06,1.79e-06,76.86,2.532e-06,140.996,660000.8,275000,7.542,7.9,8.08,0.004326,41.8,42000.6,16400,0.092374
66.44,5416,0.4122,0.0425,0.01484,1.10656,58400,0.0272,0.63,0.4356,0.00462,0.438,0.5492,0.427,0.2998,0.272,9.644,0.07458,0.05512,0.1412,0.0637,0.192,0.06558,0.0198,0.1986,58.56,3.02,2304.2,13,6.1e-05,3.9,212.6,69.1,141.6,142,162,57.24,6.57e-06,1.79e-06,76.86,2.532e-06,140.996,660000.8,275000,7.542,7.9,8.08,0.004326,41.8,42000.6,16400,0.092374
66.44,6140,0.4122,0.0407,0.01428,1.46828,66800,0.0232,0.5844,0.4528,0.00378,0.406,0.592,0.395,0.2662,0.2426,10.886,0.0685,0.05096,0.1356,0.0663,0.192,0.06558,0.02156,0.1862,120,3.02,2880,11.88,0.0016122,1.58,195,61.54,125.4,174,190.8,54.8,6.866e-06,2.202e-06,12.3,1.88e-06,140.996,3300000,220000.2,5.774,21.7,10.44,0.005022,52.2,21000.8,18620,0.00129
66.44,6140,0.4122,0.0407,0.01428,1.46828,66800,0.0232,0.5844,0.4528,0.00378,0.406,0.592,0.395,0.2662,0.2426,10.886,0.0685,0.05096,0.1356,0.0663,0.192,0.06558,0.02156,0.1862,120,3.02,2880,10.2,0.0016122,1.58,195,61.54,125.4,174,190.8,54.8,6.866e-06,2.202e-06,12.3,1.88e-06,140.996,3300000,220000.2,5.774,21.7,10.44,0.005022,52.2,21000.8,18620,0.00129
66.44,6140,0.4122,0.0407,0.01428,1.46828,66800,0.0232,0.5844,0.4528,0.00378,0.406,0.592,0.395,0.2662,0.2426,10.886,0.0685,0.05096,0.1356,0.0663,0.192,0.06558,0.02156,0.1862,120,3.02,2880,10.2,0.0016122,1.58,195,61.54,125.4,174,190.8,54.8,6.866e-06,2.82e-06,12.3,1.88e-06,140.996,3300000,220000.2,5.774,21.7,10.44,0.005022,52.2,21000.8,18620,0.00129
66.44,6140,0.4122,0.0407,0.01428,1.46828,66800,0.0232,0.5844,0.4528,0.00378,0.406,0.592,0.395,0.2662,0.2426,10.886,0.0685,0.05096,0.1356,0.0663,0.216,0.06558,0.02156,0.1862,120,3.02,2880,10.2,0.0016122,1.58,195,61.54,125.4,174,190.8,54.8,6.866e-06,2.82e-06,12.3,1.88e-06,140.996,3300000,220000.2,5.774,21.7,10.44,0.005022,52.2,21000.8,18620,0.00129
66.44,6140,0.4122,0.0407,0.01428,1.46828,66800,0.0232,0.5844,0.4528,0.00378,0.406,0.592,0.395,0.2662,0.2426,10.886,0.0685,0.05096,0.1356,0.0663,0.216,0.06558,0.02156,0.149,120,3.02,2880,10.2,0.0016122,1.58,195,61.54,125.4,174,190.8,54.8,6.866e-06,2.82e-06,12.3,1.88e-06,140.996,3300000,220000.2,5.774,21.7,10.44,0.005022,52.2,21000.8,18620,0.00129
66.44,6140,0.4122,0.0407,0.01428,1.46828,66800,0.0232,0.5844,0.4528,0.00378,0.406,0.592,0.395,0.2662,0.2426,10.886,0.0685,0.05096,0.1356,0.0663,0.216,0.06558,0.02156,0.149,120,3.02,2880,10.2,0.0016122,1.58,195,61.54,125.4,174,190.8,54.8,6.866e-06,2.82e-06,12.3,1.88e-06,140.996,3300000,220000.2,5.774,21.7,10.44,0.005022,52.2,84000.2,18620,0.00129
66.44,6140,0.4122,0.0407,0.01428,1.46828,66800,0.0232,0.5844,0.4528,0.00378,0.406,0.592,0.395,0.2662,0.2426,10.886,0.0685,0.05096,0.1356,0.0663,0.216,0.06558,0.02156,0.149,120,3.02,2880,10.2,0.0016122,1.58,195,61.54,125.4,174,190.8,54.8,6.866e-06,2.82e-06,12.3,1.88e-06,140.996,3300000,220000.2,5.774,21.7,3.36,0.005022,52.2,84000.2,18620,0.00129
66.44,6140,0.4122,0.0407,0.01428,1.46828,66800,0.0232,0.5844,0.4528,0.00378,0.406,0.592,0.395,0.2662,0.2426,10.886,0.0685,0.05096,0.1356,0.0663,0.216,0.06558,0.02156,0.149,120,3.02,1152.6,10.2,0.0016122,1.58,195,61.54,125.4,174,190.8,54.8,6.866e-06,2.82e-06,12.3,1.88e-06,140.996,3300000,220000.2,5.774,21.7,3.36,0.005022,52.2,84000.2,18620,0.00129
81.86,6140,0.4122,0.0407,0.01428,1.46828,66800,0.0232,0.5844,0.4528,0.00378,0.406,0.592,0.395,0.2662,0.2426,10.886,0.0685,0.05096,0.1356,0.0663,0.216,0.06558,0.02156,0.149,120,3.02,1152.6,10.2,0.0016122,1.58,195,61.54,125.4,174,190.8,54.8,6.866e-06,2.82e-06,12.3,1.88e-06,140.996,3300000,220000.2,5.774,21.7,3.36,0.005022,52.2,84000.2,18620,0.00129
81.86,6140,0.4122,0.0407,0.01428,1.46828,66800,0.0232,0.5844,0.4528,0.00378,0.406,0.592,0.395,0.2662,0.2426,10.886,0.0685,0.05096,0.1356,0.0663,0.216,0.06558,0.02156,0.149,120,3.02,1152.6,10.2,0.0016122,1.58,195,61.54,125.4,174,190.8,54.8,6.866e-06,2.82e-06,12.3,1.88e-06,140.996,3300000,220000.2,5.774,21.7,3.36,0.005022,52.2,84000.2,16400,0.00129
81.86,6140,0.4122,0.0407,0.01428,1.46828,66800,0.0232,0.5844,0.4528,0.00378,0.406,0.592,0.395,0.2662,0.2426,10.886,0.0685,0.05096,0.1356,0.0663,0.216,0.06558,0.02156,0.149,120,3.02,1152.6,10.2,0.0004488,1.58,195,61.54,125.4,174,190.8,54.8,6.866e-06,2.82e-06,12.3,1.88e-06,140.996,3300000,220000.2,5.774,21.7,3.36,0.005022,52.2,84000.2,16400,0.00129
81.86,6140,0.4122,0.0407,0.01428,1.46828,66800,0.0232,0.5844,0.4528,0.00378,0.406,0.592,0.395,0.2662,0.2426,10.886,0.0685,0.05096,0.1524,0.0663,0.216,0.06558,0.02156,0.149,120,3.02,1152.6,10.2,0.0004488,1.58,195,61.54,125.4,174,190.8,54.8,6.866e-06,2.82e-06,12.3,1.88e-06,140.996,3300000,220000.2,5.774,21.7,3.36,0.005022,52.2,84000.2,16400,0.00129
81.86,6140,0.4122,0.0407,0.01428,1.46828,66800,0.0232,0.5844,0.4528,0.00378,0.406,0.592,0.395,0.2662,0.2426,10.886,0.0685,0.05096,0.1524,0.0663,0.216,0.06558,0.02156,0.149,120,3.02,1152.6,10.2,0.0004488,1.58,195,61.54,125.4,174,190.8,54.8,6.866e-06,2.82e-06,12.3,1.88e-06,140.996,3300000,220000.2,5.774,21.7,3.36,0.003978,52.2,84000.2,16400,0.00129
81.86,6140,0.501,0.0407,0.01428,1.46828,66800,0.0232,0.5844,0.4528,0.00378,0.406,0.592,0.395,0.2662,0.2426,10.886,0.0685,0.05096,0.1524,0.0663,0.216,0.06558,0.02156,0.149,120,3.02,1152.6,10.2,0.0004488,1.58,195,61.54,125.4,174,190.8,54.8,6.866e-06,2.82e-06,12.3,1.88e-06,140.996,3300000,220000.2,5.774,21.7,3.36,0.003978,52.2,84000.2,16400,0.00129
81.86,6140,0.501,0.0407,0.01428,1.46828,66800,0.0232,0.5844,0.4528,0.00378,0.406,0.592,0.395,0.2662,0.2426,10.886,0.0685,0.05096,0.1524,0.0663,0.216,0.06558,0.02156,0.149,120,3.428,1152.6,10.2,0.0004488,1.58,195,61.54,125.4,174,190.8,54.8,6.866e-06,2.82e-06,12.3,1.88e-06,140.996,3300000,220000.2,5.774,21.7,3.36,0.003978,52.2,84000.2,16400,0.00129
81.86,6140,0.501,0.0407,0.01428,1.46828,66800,0.0232,0.5844,0.4012,0.00378,0.406,0.592,0.395,0.2662,0.2426,10.886,0.0685,0.05096,0.1524,0.0663,0.216,0.06558,0.02156,0.149,120,3.428,1152.6,10.2,0.0004488,1.58,195,61.54,125.4,174,190.8,54.8,6.866e-06,2.82e-06,12.3,1.88e-06,140.996,3300000,220000.2,5.774,21.7,3.36,0.003978,52.2,84000.2,16400,0.00129
81.86,6140,0.501,0.0407,0.01428,1.46828,66800,0.0232,0.5844,0.4012,0.00378,0.406,0.592,0.395,0.2662,0.2426,10.886,0.0685,0.0572,0.1524,0.0663,0.216,0.06558,0.02156,0.149,120,3.428,1152.6,10.2,0.0004488,1.58,195,61.54,125.4,174,190.8,54.8,6.866e-06,2.82e-06,12.3,1.88e-06,140.996,3300000,220000.2,5.774,21.7,3.36,0.003978,52.2,84000.2,16400,0.00129
81.86,6140,0.501,0.0407,0.01428,1.46828,66800,0.0232,0.5844,0.4012,0.00378,0.406,0.592,0.395,0.2662,0.2426,10.886,0.0685,0.0572,0.1524,0.0663,0.216,0.06558,0.02156,0.149,120,3.428,1152.6,10.2,0.0004488,1.58,195,61.54,125.4,174,190.8,54.8,6.866e-06,2.82e-06,12.3,2.858e-06,140.996,3300000,220000.2,5.774,21.7,3.36,0.003978,52.2,84000.2,16400,0.00129
81.86,6140,0.501,0.0407,0.01428,1.46828,66800,0.0232,0.5844,0.4012,0.00378,0.406,0.592,0.395,0.2662,0.2426,10.886,0.0685,0.0572,0.1524,0.0663,0.216,0.06558,0.02156,0.149,120,3.428,1152.6,10.2,0.0004488,1.58,195,61.54,125.4,174,190.8,54.8,6.866e-06,2.82e-06,12.3,2.858e-06,41.984,3300000,220000.2,5.774,21.7,3.36,0.003978,52.2,84000.2,16400,0.00129
81.86,6140,0.501,0.0407,0.01428,1.46828,66800,0.0232,0.5844,0.4012,0.00378,0.406,0.592,0.395,0.2662,0.2426,10.886,0.0685,0.0572,0.1524,0.0663,0.216,0.06558,0.02156,0.149,120,3.428,1152.6,10.2,0.0004488,1.58,195,61.54,141.6,174,190.8,54.8,6.866e-06,2.82e-06,12.3,2.858e-06,41.984,3300000,220000.2,5.774,21.7,3.36,0.003978,52.2,84000.2,16400,0.00129
81.86,6140,0.501,0.0407,0.01428,1.46828,66800,0.0232,0.5844,0.4012,0.00378,0.406,0.592,0.395,0.2998,0.2426,10.886,0.0685,0.0572,0.1524,0.0663,0.216,0.06558,0.02156,0.149,120,3.428,1152.6,10.2,0.0004488,1.58,195,61.54,141.6,174,190.8,54.8,6.866e-06,2.82e-06,12.3,2.858e-06,41.984,3300000,220000.2,5.774,21.7,3.36,0.003978,52.2,84000.2,16400,0.00129
81.86,5054,0.501,0.0407,0.01428,1.46828,66800,0.0232,0.5844,0.4012,0.00378,0.406,0.592,0.395,0.2998,0.2426,10.886,0.0685,0.0572,0.1524,0.0663,0.216,0.06558,0.02156,0.149,120,3.428,1152.6,10.2,0.0004488,1.58,195,61.54,141.6,174,190.8,54.8,6.866e-06,2.82e-06,12.3,2.858e-06,41.984,3300000,220000.2,5.774,21.7,3.36,0.003978,52.2,84000.2,16400,0.00129
81.86,5054,0.501,0.0407,0.01428,1.46828,66800,0.0232,0.5844,0.4012,0.00378,0.406,0.592,0.395,0.2998,0.2426,10.886,0.0685,0.0572,0.1524,0.0663,0.216,0.06558,0.02156,0.149,120,3.428,1152.6,10.2,0.0004488,1.58,195,61.54,141.6,174,190.8,54.8,6.866e-06,2.82e-06,12.3,2.858e-06,41.984,1320000.6,220000.2,5.774,21.7,3.36,0.003978,52.2,84000.2,16400,0.00129
81.86,5054,0.501,0.0407,0.01428,1.46828,66800,0.0232,0.5844,0.4012,0.00378,0.406,0.592,0.395,0.2998,0.2426,10.886,0.0685,0.0572,0.1524,0.0663,0.216,0.06558,0.0242,0.149,120,3.428,1152.6,10.2,0.0004488,1.58,195,61.54,141.6,174,190.8,54.8,6.866e-06,2.82e-06,12.3,2.858e-06,41.984,1320000.6,220000.2,5.774,21.7,3.36,0.003978,52.2,84000.2,16400,0.00129
81.86,5054,0.501,0.0407,0.01428,1.46828,66800,0.0232,0.5844,0.4012,0.00378,0.406,0.592,0.395,0.2998,0.2426,10.886,0.0685,0.0572,0.1524,0.0663,0.216,0.06558,0.0242,0.149,73.92,3.428,1152.6,10.2,0.0004488,1.58,195,61.54,141.6,174,190.8,54.8,6.866e-06,2.82e-06,12.3,2.858e-06,41.984,1320000.6,220000.2,5.774,21.7,3.36,0.003978,52.2,84000.2,16400,0.00129
81.86,5054,0.501,0.0407,0.01428,1.46828,66800,0.0232,0.5844,0.4012,0.00378,0.358,0.592,0.395,0.2998,0.2426,10.886,0.0685,0.0572,0.1524,0.0663,0.216,0.06558,0.0242,0.149,73.92,3.428,1152.6,10.2,0.0004488,1.58,195,61.54,141.6,174,190.8,54.8,6.866e-06,2.82e-06,12.3,2.858e-06,41.984,1320000.6,220000.2,5.774,21.7,3.36,0.003978,52.2,84000.2,16400,0.00129
81.86,5054,0.501,0.0407,0.01428,1.46828,66800,0.0232,0.5844,0.4012,0.00378,0.358,0.592,0.395,0.2998,0.2426,9.644,0.0685,0.0572,0.1524,0.0663,0.216,0.06558,0.0242,0.149,73.92,3.428,1152.6,10.2,0.0004488,1.58,195,61.54,141.6,174,190.8,54.8,6.866e-06,2.82e-06,12.3,2.858e-06,41.984,1320000.6,220000.2,5.774,21.7,3.36,0.003978,52.2,84000.2,16400,0.00129
81.86,5054,0.501,0.0407,0.01428,1.46828,66800,0.0232,0.5844,0.4012,0.00378,0.358,0.592,0.395,0.2998,0.2426,9.644,0.07762,0.0572,0.1524,0.0663,0.216,0.06558,0.0242,0.149,73.92,3.428,1152.6,10.2,0.0004488,1.58,195,61.54,141.6,174,190.8,54.8,6.866e-06,2.82e-06,12.3,2.858e-06,41.984,1320000.6,220000.2,5.774,21.7,3.36,0.003978,52.2,84000.2,16400,0.00129
81.86,5054,0.501,0.0407,0.01428,1.46828,66800,0.0232,0.5844,0.4012,0.00378,0.358,0.592,0.395,0.2998,0.2426,9.644,0.07762,0.0572,0.1524,0.0663,0.216,0.06558,0.0242,0.149,73.92,3.428,1152.6,10.2,0.0004488,3.32,195,61.54,141.6,174,190.8,54.8,6.866e-06,2.82e-06,12.3,2.858e-06,41.984,1320000.6,220000.2,5.774,21.7,3.36,0.003978,52.2,84000.2,16400,0.00129
81.86,5054,0.501,0.0407,0.01428,1.46828,54200,0.0232,0.5844,0.4012,0.00378,0.358,0.592,0.395,0.2998,0.2426,9.644,0.07762,0.0572,0.1524,0.0663,0.216,0.06558,0.0242,0.149,73.92,3.428,1152.6,10.2,0.0004488,3.32,195,61.54,141.6,174,190.8,54.8,6.866e-06,2.82e-06,12.3,2.858e-06,41.984,1320000.6,220000.2,5.774,21.7,3.36,0.003978,52.2,84000.2,16400,0.00129
81.86,5054,0.501,0.0407,0.01428,1.46828,54200,0.0232,0.5844,0.4012,0.00378,0.358,0.592,0.395,0.2998,0.2426,9.644,0.07762,0.0572,0.1524,0.0663,0.216,0.06558,0.0242,0.149,73.92,3.428,1152.6,10.2,0.0004488,3.32,195,61.54,141.6,174,190.8,54.8,6.866e-06,2.82e-06,12.3,2.858e-06,41.984,1320000.6,220000.2,8.426,21.7,3.36,0.003978,52.2,84000.2,16400,0.00129
81.86,5054,0.501,0.0407,0.01428,1.46828,54200,0.0232,0.5844,0.4012,0.00378,0.358,0.592,0.395,0.2998,0.2426,9.644,0.07762,0.0572,0.1524,0.0663,0.216,0.06558,0.0242,0.149,73.92,3.428,1152.6,10.2,0.0004488,3.32,221.4,61.54,141.6,174,190.8,54.8,6.866e-06,2.82e-06,12.3,2.858e-06,41.984,1320000.6,220000.2,8.426,21.7,3.36,0.003978,52.2,84000.2,16400,0.00129
81.86,5054,0.501,0.0407,0.0126,1.46828,54200,0.0232,0.5844,0.4012,0.00378,0.358,0.592,0.395,0.2998,0.2426,9.644,0.07762,0.0572,0.1524,0.0663,0.216,0.06558,0.0242,0.149,73.92,3.428,1152.6,10.2,0.0004488,3.32,221.4,61.54,141.6,174,190.8,54.8,6.866e-06,2.82e-06,12.3,2.858e-06,41.984,1320000.6,220000.2,8.426,21.7,3.36,0.003978,52.2,84000.2,16400,0.00129
81.86,5054,0.501,0.0407,0.0126,1.46828,54200,0.0232,0.5844,0.4012,0.00378,0.358,0.592,0.395,0.2998,0.2426,9.644,0.07762,0.0572,0.1524,0.0663,0.216,0.06558,0.0242,0.149,73.92,3.428,1152.6,10.2,0.0004488,3.32,221.4,61.54,141.6,154.8,190.8,54.8,6.866e-06,2.82e-06,12.3,2.858e-06,41.984,1320000.6,220000.2,8.426,21.7,3.36,0.003978,52.2,84000.2,16400,0.00129
81.86,5054,0.501,0.0407,0.0126,1.46828,54200,0.0232,0.5844,0.4012,0.00378,0.358,0.592,0.395,0.2998,0.2426,9.644,0.07762,0.0572,0.1524,0.0663,0.216,0.0579,0.0242,0.149,73.92,3.428,1152.6,10.2,0.0004488,3.32,221.4,61.54,141.6,154.8,190.8,54.8,6.866e-06,2.82e-06,12.3,2.858e-06,41.984,1320000.6,220000.2,8.426,21.7,3.36,0.003978,52.2,84000.2,16400,0.00129
81.86,5054,0.501,0.0407,0.0126,1.46828,54200,0.0262,0.5844,0.4012,0.00378,0.358,0.592,0.395,0.2998,0.2426,9.644,0.07762,0.0572,0.1524,0.0663,0.216,0.0579,0.0242,0.149,73.92,3.428,1152.6,10.2,0.0004488,3.32,221.4,61.54,141.6,154.8,190.8,54.8,6.866e-06,2.82e-06,12.3,2.858e-06,41.984,1320000.6,220000.2,8.426,21.7,3.36,0.003978,52.2,84000.2,16400,0.00129
81.86,5054,0.501,0.0461,0.0126,1.46828,54200,0.0262,0.5844,0.4012,0.00378,0.358,0.592,0.395,0.2998,0.2426,9.644,0.07762,0.0572,0.1524,0.0663,0.216,0.0579,0.0242,0.149,73.92,3.428,1152.6,10.2,0.0004488,3.32,221.4,61.54,141.6,154.8,190.8,54.8,6.866e-06,2.82e-06,12.3,2.858e-06,41.984,1320000.6,220000.2,8.426,21.7,3.36,0.003978,52.2,84000.2,16400,0.00129
81.86,5054,0.501,0.0461,0.0126,1.46828,54200,0.0262,0.5844,0.4012,0.004284,0.358,0.592,0.395,0.2998,0.2426,9.644,0.07762,0.0572,0.1524,0.0663,0.216,0.0579,0.0242,0.149,73.92,3.428,1152.6,10.2,0.0004488,3.32,221.4,61.54,141.6,154.8,190.8,54.8,6.866e-06,2.82e-06,12.3,2.858e-06,41.984,1320000.6,220000.2,8.426,21.7,3.36,0.003978,52.2,84000.2,16400,0.00129
81.86,5054,0.501,0.0461,0.0126,1.46828,54200,0.0262,0.5844,0.4012,0.004284,0.358,0.592,0.395,0.2998,0.2426,9.644,0.07762,0.0572,0.1524,0.0663,0.216,0.0579,0.0242,0.149,73.92,3.428,1152.6,10.2,0.0004488,3.32,221.4,61.54,141.6,154.8,190.8,54.8,7.754e-06,2.82e-06,12.3,2.858e-06,41.984,1320000.6,220000.2,8.426,21.7,3.36,0.003978,52.2,84000.2,16400,0.00129
81.86,5054,0.501,0.0461,0.0126,1.46828,54200,0.0262,0.5844,0.4012,0.004284,0.358,0.592,0.395,0.2998,0.2426,9.644,0.07762,0.0572,0.1524,0.0663,0.216,0.0579,0.0242,0.149,73.92,3.428,1152.6,10.2,0.0004488,3.32,221.4,61.54,141.6,154.8,190.8,62.12,7.754e-06,2.82e-06,12.3,2.858e-06,41.984,1320000.6,220000.2,8.426,21.7,3.36,0.003978,52.2,84000.2,16400,0.00129
81.86,5054,0.501,0.0461,0.0126,1.46828,54200,0.0262,0.5844,0.4012,0.004284,0.358,0.592,0.443,0.2998,0.2426,9.644,0.07762,0.0572,0.1524,0.0663,0.216,0.0579,0.0242,0.149,73.92,3.428,1152.6,10.2,0.0004488,3.32,221.4,61.54,141.6,154.8,190.8,62.12,7.754e-06,2.82e-06,12.3,2.858e-06,41.984,1320000.6,220000.2,8.426,21.7,3.36,0.003978,52.2,84000.2,16400,0.00129
81.86,5054,0.501,0.0461,0.0126,1.46828,54200,0.0262,0.5844,0.4012,0.004284,0.358,0.592,0.443,0.2998,0.2426,9.644,0.07762,0.0572,0.1524,0.0663,0.216,0.0579,0.0242,0.149,73.92,3.428,1152.6,10.2,0.0004488,3.32,221.4,61.54,141.6,154.8,190.8,62.12,7.754e-06,2.82e-06,12.3,2.858e-06,41.984,1320000.6,220000.2,8.426,21.7,3.36,0.003978,21,84000.2,16400,0.00129
81.86,5054,0.501,0.0461,0.0126,0.38312,54200,0.0262,0.5844,0.4012,0.004284,0.358,0.592,0.443,0.2998,0.2426,9.644,0.07762,0.0572,0.1524,0.0663,0.216,0.0579,0.0242,0.149,73.92,3.428,1152.6,10.2,0.0004488,3.32,221.4,61.54,141.6,154.8,190.8,62.12,7.754e-06,2.82e-06,12.3,2.858e-06,41.984,1320000.6,220000.2,8.426,21.7,3.36,0.003978,21,84000.2,16400,0.00129
81.86,5054,0.501,0.0461,0.0126,0.38312,54200,0.0262,0.5844,0.4012,0.004284,0.358,0.592,0.443,0.2998,0.2426,9.644,0.07762,0.0572,0.1524,0.0585,0.216,0.0579,0.0242,0.149,73.92,3.428,1152.6,10.2,0.0004488,3.32,221.4,61.54,141.6,154.8,190.8,62.12,7.754e-06,2.82e-06,12.3,2.858e-06,41.984,1320000.6,220000.2,8.426,21.7,3.36,0.003978,21,84000.2,16400,0.00129
81.86,5054,0.501,0.0461,0.0126,0.38312,54200,0.0262,0.5844,0.4012,0.004284,0.358,0.592,0.443,0.2998,0.2426,9.644,0.07762,0.0572,0.1524,0.0585,0.216,0.0579,0.0242,0.149,73.92,3.428,1152.6,10.2,0.0004488,3.32,221.4,61.54,141.6,154.8,190.8,62.12,7.754e-06,2.82e-06,12.3,2.858e-06,41.984,1320000.6,220000.2,8.426,21.7,3.36,0.003978,21,84000.2,16400,0.137916
81.86,5054,0.501,0.0461,0.0126,0.38312,54200,0.0262,0.5844,0.4012,0.004284,0.358,0.5278,0.443,0.2998,0.2426,9.644,0.07762,0.0572,0.1524,0.0585,0.216,0.0579,0.0242,0.149,73.92,3.428,1152.6,10.2,0.0004488,3.32,221.4,61.54,141.6,154.8,190.8,62.12,7.754e-06,2.82e-06,12.3,2.858e-06,41.984,1320000.6,220000.2,8.426,21.7,3.36,0.003978,21,84000.2,16400,0.137916
81.86,5054,0.501,0.0461,0.0126,0.38312,54200,0.0262,0.5844,0.4012,0.004284,0.358,0.5278,0.443,0.2998,0.2426,9.644,0.07762,0.0572,0.1524,0.0585,0.216,0.0579,0.0242,0.149,73.92,3.428,1152.6,10.2,0.0004488,3.32,221.4,69.1,141.6,154.8,190.8,62.12,7.754e-06,2.82e-06,12.3,2.858e-06,41.984,1320000.6,220000.2,8.426,21.7,3.36,0.003978,21,84000.2,16400,0.137916
81.86,5054,0.501,0.0461,0.0126,0.38312,54200,0.0262,0.5844,0.4012,0.004284,0.358,0.5278,0.443,0.2998,0.272,9.644,0.07762,0.0572,0.1524,0.0585,0.216,0.0579,0.0242,0.149,73.92,3.428,1152.6,10.2,0.0004488,3.32,221.4,69.1,141.6,154.8,190.8,62.12,7.754e-06,2.82e-06,12.3,2.858e-06,41.984,1320000.6,220000.2,8.426,21.7,3.36,0.003978,21,84000.2,16400,0.137916
81.86,5054,0.501,0.0461,0.0126,0.38312,54200,0.0262,0.5844,0.4012,0.004284,0.358,0.5278,0.443,0.2998,0.272,9.644,0.07762,0.0572,0.1524,0.0585,0.216,0.0579,0.0242,0.149,73.92,3.428,1152.6,10.2,0.0004488,3.32,221.4,69.1,141.6,154.8,169.2,62.12,7.754e-06,2.82e-06,12.3,2.858e-06,41.984,1320000.6,220000.2,8.426,21.7,3.36,0.003978,21,84000.2,16400,0.137916
81.86,5054,0.501,0.0461,0.0126,0.38312,54200,0.0262,0.5844,0.4012,0.004284,0.358,0.5278,0.443,0.2998,0.272,9.644,0.07762,0.0572,0.1524,0.0585,0.216,0.0579,0.0242,0.149,73.92,3.428,1152.6,10.2,0.0004488,3.32,221.4,69.1,141.6,154.8,169.2,62.12,7.754e-06,2.82e-06,12.3,2.858e-06,41.984,1320000.6,220000.2,8.426,1,3.36,0.003978,21,84000.2,16400,0.137916
81.86,5054,0.501,0.0461,0.0126,0.38312,54200,0.0262,0.516,0.4012,0.004284,0.358,0.5278,0.443,0.2998,0.272,9.644,0.07762,0.0572,0.1524,0.0585,0.216,0.0579,0.0242,0.149,73.92,3.428,1152.6,10.2,0.0004488,3.32,221.4,69.1,141.6,154.8,169.2,62.12,7.754e-06,2.82e-06,12.3,2.858e-06,41.984,1320000.6,220000.2,8.426,1,3.36,0.003978,21,84000.2,16400,0.137916
81.86,5054,0.501,0.0461,0.0126,0.38312,54200,0.0262,0.516,0.4012,0.004284,0.358,0.5278,0.443,0.2998,0.272,9.644,0.07762,0.0572,0.1524,0.0585,0.216,0.0579,0.0242,0.149,73.92,3.428,1152.6,10.2,0.0004488,3.32,221.4,69.1,141.6,154.8,169.2,62.12,7.754e-06,2.82e-06,60.72,2.858e-06,41.984,1320000.6,220000.2,8.426,1,3.36,0.003978,21,84000.2,16400,0.137916
81.86,5054,0.501,0.0461,0.0126,0.38312,54200,0.0262,0.516,0.4012,0.004284,0.358,0.5278,0.443,0.2998,0.272,9.644,0.07762,0.0572,0.1524,0.0585,0.216,0.0579,0.0242,0.149,73.92,3.428,1152.6,10.2,0.0004488,3.32,221.4,69.1,141.6,154.8,169.2,62.12,7.754e-06,2.82e-06,60.72,2.858e-06,41.984,1320000.6,55000.8,8.426,1,3.36,0.003978,21,84000.2,16400,0.137916
87,4692,0.4122,0.0497,0.01372,1.83,71000,0.0272,0.6072,0.4356,0.004116,0.374,0.592,0.395,0.2774,0.2622,10.472,0.08066,0.0572,0.1412,0.0585,0.2,0.06302,0.02332,0.149,43.2,3.7,2880,12.44,0.002,1,239,66.58,125.4,142,162,64.56,8.05e-06,2.202e-06,93,2.206e-06,74.988,660000.8,220000.2,7.542,1,1,0.003978,41.8,63000.4,20100,0.092374
87,4692,0.4122,0.0497,0.01372,1.83,71000,0.0272,0.6072,0.4356,0.004116,0.374,0.592,0.395,0.2774,0.2622,10.472,0.08066,0.0572,0.1412,0.0585,0.2,0.06302,0.02332,0.149,43.2,3.7,2880,12.44,0.002,1,239,66.58,125.4,142,162,64.56,8.05e-06,2.202e-06,44.58,2.206e-06,74.988,660000.8,220000.2,7.542,1,1,0.003978,41.8,63000.4,20100,0.092374
87,4692,0.4122,0.0497,0.01372,1.83,71000,0.0272,0.6072,0.4356,0.004116,0.374,0.592,0.395,0.2774,0.2622,9.23,0.08066,0.0572,0.1412,0.0585,0.2,0.06302,0.02332,0.149,43.2,3.7,2880,12.44,0.002,1,239,66.58,125.4,142,162,64.56,8.05e-06,2.202e-06,44.58,2.206e-06,74.988,660000.8,220000.2,7.542,1,1,0.003978,41.8,63000.4,20100,0.092374
87,4692,0.4122,0.0497,0.01372,1.83,71000,0.0272,0.6072,0.4356,0.004116,0.374,0.592,0.395,0.2774,0.2622,9.23,0.08066,0.0572,0.1412,0.0585,0.2,0.06302,0.02332,0.149,43.2,3.7,2880,12.44,0.002,1,239,66.58,125.4,142,162,64.56,8.05e-06,2.202e-06,44.58,2.206e-06,74.988,660000.8,220000.2,7.542,1,1,0.003978,41.8,1,20100,0.092374
87,4692,0.4122,0.0497,0.01372,1.83,71000,0.0272,0.6072,0.4356,0.004116,0.374,0.592,0.395,0.2774,0.2622,9.23,0.08066,0.0572,0.1412,0.0585,0.2,0.06302,0.02332,0.1862,43.2,3.7,2880,12.44,0.002,1,239,66.58,125.4,142,162,64.56,8.05e-06,2.202e-06,44.58,2.206e-06,74.988,660000.8,220000.2,7.542,1,1,0.003978,41.8,1,20100,0.092374
87,4692,0.4122,0.0497,0.01372,1.83,71000,0.0272,0.6072,0.4356,0.004116,0.374,0.592,0.395,0.2774,0.2622,9.23,0.08066,0.0572,0.1412,0.0585,0.2,0.06302,0.02332,0.1862,43.2,3.7,2880,12.44,0.002,1,239,66.58,125.4,142,162,64.56,8.05e-06,2.202e-06,44.58,2.206e-06,74.988,660000.8,220000.2,7.542,1,8.08,0.003978,41.8,1,20100,0.092374
87,4692,0.4122,0.0497,0.01372,1.83,71000,0.0272,0.6072,0.4356,0.004116,0.374,0.592,0.395,0.2774,0.2622,9.23,0.08066,0.0572,0.1412,0.0585,0.2,0.06302,0.02332,0.1862,43.2,3.7,2880,10.76,0.002,1,239,66.58,125.4,142,162,64.56,8.05e-06,2.202e-06,44.58,2.206e-06,74.988,660000.8,220000.2,7.542,1,8.08,0.003978,41.8,1,20100,0.092374
87,4692,0.4122,0.0497,0.01372,1.83,71000,0.0272,0.6072,0.384,0.004116,0.374,0.592,0.395,0.2774,0.2622,9.23,0.08066,0.0572,0.1412,0.0585,0.2,0.06302,0.02332,0.1862,43.2,3.7,2880,10.76,0.002,1,239,66.58,125.4,142,162,64.56,8.05e-06,2.202e-06,44.58,2.206e-06,74.988,660000.8,220000.2,7.542,1,8.08,0.003978,41.8,1,20100,0.092374
87,4692,0.4122,0.0497,0.01372,1.83,71000,0.0272,0.6072,0.384,0.004116,0.374,0.592,0.395,0.2774,0.2622,9.23,0.08066,0.0572,0.1412,0.0663,0.2,0.06302,0.02332,0.1862,43.2,3.7,2880,10.76,0.002,1,239,66.58,125.4,142,162,64.56,8.05e-06,2.202e-06,44.58,2.206e-06,74.988,660000.8,220000.2,7.542,1,8.08,0.003978,41.8,1,20100,0.092374
87,4692,0.4122,0.0497,0.01372,1.83,71000,0.0272,0.6072,0.384,0.004116,0.374,0.592,0.395,0.2774,0.2328,9.23,0.08066,0.0572,0.1412,0.0663,0.2,0.06302,0.02332,0.1862,43.2,3.7,2880,10.76,0.002,1,239,66.58,125.4,142,162,64.56,8.05e-06,2.202e-06,44.58,2.206e-06,74.988,660000.8,220000.2,7.542,1,8.08,0.003978,41.8,1,20100,0.092374
71.58,4692,0.4122,0.0497,0.01372,1.83,71000,0.0272,0.6072,0.384,0.004116,0.374,0.592,0.395,0.2774,0.2328,9.23,0.08066,0.0572,0.1412,0.0663,0.2,0.06302,0.02332,0.1862,43.2,3.7,2880,10.76,0.002,1,239,66.58,125.4,142,162,64.56,8.05e-06,2.202e-06,44.58,2.206e-06,74.988,660000.8,220000.2,7.542,1,8.08,0.003978,41.8,1,20100,0.092374
71.58,4692,0.4122,0.0497,0.01372,1.83,71000,0.0272,0.6072,0.384,0.004116,0.422,0.592,0.395,0.2774,0.2328,9.23,0.08066,0.0572,0.1412,0.0663,0.2,0.06302,0.02332,0.1862,43.2,3.7,2880,10.76,0.002,1,239,66.58,125.4,142,162,64.56,8.05e-06,2.202e-06,44.58,2.206e-06,74.988,660000.8,220000.2,7.542,1,8.08,0.003978,41.8,1,20100,0.092374
71.58,4692,0.4122,0.0497,0.01372,1.83,71000,0.0272,0.6072,0.384,0.004116,0.422,0.592,0.395,0.2774,0.2328,9.23,0.08066,0.0572,0.1412,0.0663,0.2,0.06302,0.02332,0.1862,43.2,3.7,2880,10.76,0.002,1,239,66.58,125.4,142,162,64.56,8.05e-06,2.202e-06,44.58,2.206e-06,74.988,660000.8,220000.2,7.542,21.7,8.08,0.003978,41.8,1,20100,0.092374
71.58,4692,0.4122,0.0497,0.01372,1.83,71000,0.0272,0.6072,0.384,0.004116,0.422,0.592,0.395,0.2774,0.2328,9.23,0.08066,0.0572,0.1412,0.0663,0.2,0.06302,0.02068,0.1862,43.2,3.7,2880,10.76,0.002,1,239,66.58,125.4,142,162,64.56,8.05e-06,2.202e-06,44.58,2.206e-06,74.988,660000.8,220000.2,7.542,21.7,8.08,0.003978,41.8,1,20100,0.092374
71.58,4692,0.4122,0.0497,0.01372,1.83,71000,0.0272,0.6072,0.384,0.004116,0.422,0.592,0.395,0.2774,0.2328,9.23,0.08066,0.0572,0.1412,0.0663,0.2,0.06302,0.02068,0.1862,43.2,3.7,2880,10.76,0.002,1,239,66.58,125.4,161.2,162,64.56,8.05e-06,2.202e-06,44.58,2.206e-06,74.988,660000.8,220000.2,7.542,21.7,8.08,0.003978,41.8,1,20100,0.092374
71.58,4692,0.4122,0.0443,0.01372,1.83,71000,0.0272,0.6072,0.384,0.004116,0.422,0.592,0.395,0.2774,0.2328,9.23,0.08066,0.0572,0.1412,0.0663,0.2,0.06302,0.02068,0.1862,43.2,3.7,2880,10.76,0.002,1,239,66.58,125.4,161.2,162,64.56,8.05e-06,2.202e-06,44.58,2.206e-06,74.988,660000.8,220000.2,7.542,21.7,8.08,0.003978,41.8,1,20100,0.092374
71.58,4692,0.4122,0.0443,0.01372,1.83,71000,0.0272,0.6072,0.384,0.004116,0.422,0.592,0.395,0.2774,0.2328,9.23,0.08066,0.0572,0.1412,0.0663,0.2,0.06302,0.02068,0.1862,43.2,3.7,2880,10.76,0.002,1,239,66.58,125.4,161.2,162,64.56,8.05e-06,2.202e-06,44.58,3.184e-06,74.988,660000.8,220000.2,7.542,21.7,8.08,0.003978,41.8,1,20100,0.092374
71.58,4692,0.4122,0.0443,0.01372,1.83,71000,0.0272,0.6072,0.384,0.004116,0.422,0.592,0.395,0.2774,0.2328,9.23,0.08066,0.0572,0.1412,0.0663,0.2,0.06302,0.02068,0.1862,43.2,3.292,2880,10.76,0.002,1,239,66.58,125.4,161.2,162,64.56,8.05e-06,2.202e-06,44.58,3.184e-06,74.988,660000.8,220000.2,7.542,21.7,8.08,0.003978,41.8,1,20100,0.092374
71.58,4692,0.4122,0.0443,0.01372,1.83,71000,0.0272,0.6072,0.384,0.004116,0.422,0.592,0.395,0.2774,0.2328,9.23,0.08066,0.0572,0.1412,0.0663,0.2,0.06302,0.02068,0.1862,43.2,3.292,2880,10.76,0.002,2.74,239,66.58,125.4,161.2,162,64.56,8.05e-06,2.202e-06,44.58,3.184e-06,74.988,660000.8,220000.2,7.542,21.7,8.08,0.003978,41.8,1,20100,0.092374
71.58,4692,0.4122,0.0443,0.01372,1.83,71000,0.0272,0.6072,0.384,0.004116,0.422,0.592,0.395,0.2774,0.2328,9.23,0.08066,0.0572,0.1412,0.0663,0.2,0.06302,0.02068,0.1862,43.2,3.292,2880,10.76,0.002,2.74,239,66.58,125.4,161.2,162,64.56,7.162e-06,2.202e-06,44.58,3.184e-06,74.988,660000.8,220000.2,7.542,21.7,8.08,0.003978,41.8,1,20100,0.092374
71.58,4692,0.4122,0.0443,0.01372,1.83,71000,0.0272,0.6072,0.384,0.004116,0.422,0.5278,0.395,0.2774,0.2328,9.23,0.08066,0.0572,0.1412,0.0663,0.2,0.06302,0.02068,0.1862,43.2,3.292,2880,10.76,0.002,2.74,239,66.58,125.4,161.2,162,64.56,7.162e-06,2.202e-06,44.58,3.184e-06,74.988,660000.8,220000.2,7.542,21.7,8.08,0.003978,41.8,1,20100,0.092374
71.58,4692,0.4122,0.0443,0.01372,1.83,71000,0.0272,0.6072,0.384,0.004116,0.422,0.5278,0.395,0.2774,0.2328,9.23,0.08066,0.0572,0.1412,0.0663,0.2,0.06302,0.02068,0.1862,43.2,3.292,2880,10.76,0.002,2.74,239,59.02,125.4,161.2,162,64.56,7.162e-06,2.202e-06,44.58,3.184e-06,74.988,660000.8,220000.2,7.542,21.7,8.08,0.003978,41.8,1,20100,0.092374
71.58,4692,0.4122,0.0443,0.01372,1.83,71000,0.0272,0.6072,0.384,0.004116,0.422,0.5278,0.443,0.2774,0.2328,9.23,0.08066,0.0572,0.1412,0.0663,0.2,0.06302,0.02068,0.1862,43.2,3.292,2880,10.76,0.002,2.74,239,59.02,125.4,161.2,162,64.56,7.162e-06,2.202e-06,44.58,3.184e-06,74.988,660000.8,220000.2,7.542,21.7,8.08,0.003978,41.8,1,20100,0.092374
71.58,4692,0.4122,0.0443,0.01372,1.83,71000,0.0272,0.6072,0.384,0.004116,0.422,0.5278,0.443,0.2774,0.2328,9.23,0.08066,0.0572,0.1412,0.0663,0.2,0.06302,0.02068,0.1862,43.2,3.292,2880,10.76,0.002,2.74,239,59.02,141.6,161.2,162,64.56,7.162e-06,2.202e-06,44.58,3.184e-06,74.988,660000.8,220000.2,7.542,21.7,8.08,0.003978,41.8,1,20100,0.092374
71.58,4692,0.4122,0.0443,0.01372,1.83,71000,0.0272,0.6072,0.384,0.004116,0.422,0.5278,0.443,0.2774,0.2328,9.23,0.08066,0.0572,0.1412,0.0663,0.2,0.06302,0.02068,0.1862,43.2,3.292,1152.6,10.76,0.002,2.74,239,59.02,141.6,161.2,162,64.56,7.162e-06,2.202e-06,44.58,3.184e-06,74.988,660000.8,220000.2,7.542,21.7,8.08,0.003978,41.8,1,20100,0.092374
71.58,4692,0.4122,0.0443,0.01372,1.83,71000,0.0272,0.6072,0.384,0.004116,0.422,0.5278,0.443,0.2774,0.2328,9.23,0.08066,0.0572,0.1412,0.0663,0.2,0.06302,0.02068,0.1862,43.2,3.292,1152.6,10.76,0.002,2.74,239,59.02,141.6,161.2,162,64.56,7.162e-06,2.202e-06,44.58,3.184e-06,74.988,660000.8,220000.2,7.542,21.7,8.08,0.005022,41.8,1,20100,0.092374
71.58,4692,0.4122,0.0443,0.01372,1.83,71000,0.0272,0.6072,0.384,0.00462,0.422,0.5278,0.443,0.2774,0.2328,9.23,0.08066,0.0572,0.1412,0.0663,0.2,0.06302,0.02068,0.1862,43.2,3.292,1152.6,10.76,0.002,2.74,239,59.02,141.6,161.2,162,64.56,7.162e-06,2.202e-06,44.58,3.184e-06,74.988,660000.8,220000.2,7.542,21.7,8.08,0.005022,41.8,1,20100,0.092374
71.58,4692,0.4122,0.0443,0.01372,1.83,71000,0.0242,0.6072,0.384,0.00462,0.422,0.5278,0.443,0.2774,0.2328,9.23,0.08066,0.0572,0.1412,0.0663,0.2,0.06302,0.02068,0.1862,43.2,3.292,1152.6,10.76,0.002,2.74,239,59.02,141.6,161.2,162,64.56,7.162e-06,2.202e-06,44.58,3.184e-06,74.988,660000.8,220000.2,7.542,21.7,8.08,0.005022,41.8,1,20100,0.092374
71.58,4692,0.4122,0.0443,0.01372,1.83,71000,0.0242,0.5388,0.384,0.00462,0.422,0.5278,0.443,0.2774,0.2328,9.23,0.08066,0.0572,0.1412,0.0663,0.2,0.06302,0.02068,0.1862,43.2,3.292,1152.6,10.76,0.002,2.74,239,59.02,141.6,161.2,162,64.56,7.162e-06,2.202e-06,44.58,3.184e-06,74.988,660000.8,220000.2,7.542,21.7,8.08,0.005022,41.8,1,20100,0.092374
71.58,4692,0.501,0.0443,0.01372,1.83,71000,0.0242,0.5388,0.384,0.00462,0.422,0.5278,0.443,0.2774,0.2328,9.23,0.08066,0.0572,0.1412,0.0663,0.2,0.06302,0.02068,0.1862,43.2,3.292,1152.6,10.76,0.002,2.74,239,59.02,141.6,161.2,162,64.56,7.162e-06,2.202e-06,44.58,3.184e-06,74.988,660000.8,220000.2,7.542,21.7,8.08,0.005022,41.8,1,20100,0.092374
71.58,4692,0.501,0.0443,0.01372,1.83,71000,0.0242,0.5388,0.384,0.00462,0.422,0.5278,0.443,0.2774,0.2328,9.23,0.08066,0.0572,0.1412,0.0663,0.2,0.06302,0.02068,0.1862,43.2,3.292,1152.6,10.76,0.002,2.74,239,59.02,141.6,161.2,183.6,64.56,7.162e-06,2.202e-06,44.58,3.184e-06,74.988,660000.8,220000.2,7.542,21.7,8.08,0.005022,41.8,1,20100,0.092374
71.58,4692,0.501,0.0443,0.01372,1.83,71000,0.0242,0.5388,0.384,0.00462,0.422,0.5278,0.443,0.2774,0.2328,9.23,0.08066,0.0572,0.158,0.0663,0.2,0.06302,0.02068,0.1862,43.2,3.292,1152.6,10.76,0.002,2.74,239,59.02,141.6,161.2,183.6,64.56,7.162e-06,2.202e-06,44.58,3.184e-06,74.988,660000.8,220000.2,7.542,21.7,8.08,0.005022,41.8,1,20100,0.092374
71.58,4692,0.501,0.0443,0.01372,1.83,71000,0.0242,0.5388,0.384,0.00462,0.422,0.5278,0.443,0.2774,0.2328,9.23,0.08066,0.0572,0.158,0.0663,0.2,0.06302,0.02068,0.1862,43.2,3.292,1152.6,10.76,0.002,2.74,239,59.02,141.6,161.2,183.6,64.56,7.162e-06,2.202e-06,44.58,3.184e-06,74.988,660000.8,220000.2,7.542,21.7,8.08,0.005022,73,1,20100,0.092374
71.58,4692,0.501,0.0443,0.01372,1.83,58400,0.0242,0.5388,0.384,0.00462,0.422,0.5278,0.443,0.2774,0.2328,9.23,0.08066,0.0572,0.158,0.0663,0.2,0.06302,0.02068,0.1862,43.2,3.292,1152.6,10.76,0.002,2.74,239,59.02,141.6,161.2,183.6,64.56,7.162e-06,2.202e-06,44.58,3.184e-06,74.988,660000.8,220000.2,7.542,21.7,8.08,0.005022,73,1,20100,0.092374
71.58,4692,0.501,0.0443,0.0154,1.83,58400,0.0242,0.5388,0.384,0.00462,0.422,0.5278,0.443,0.2774,0.2328,9.23,0.08066,0.0572,0.158,0.0663,0.2,0.06302,0.02068,0.1862,43.2,3.292,1152.6,10.76,0.002,2.74,239,59.02,141.6,161.2,183.6,64.56,7.162e-06,2.202e-06,44.58,3.184e-06,74.988,660000.8,220000.2,7.542,21.7,8.08,0.005022,73,1,20100,0.092374
71.58,4692,0.501,0.0443,0.0154,1.83,58400,0.0242,0.5388,0.384,0.00462,0.422,0.5278,0.443,0.2774,0.2328,9.23,0.08066,0.0572,0.158,0.0663,0.2,0.06302,0.02068,0.1862,43.2,3.292,1152.6,10.76,0.002,2.74,239,59.02,141.6,161.2,183.6,64.56,7.162e-06,2.202e-06,44.58,3.184e-06,174,660000.8,220000.2,7.542,21.7,8.08,0.005022,73,1,20100,0.092374
71.58,4692,0.501,0.0443,0.0154,1.83,58400,0.0242,0.5388,0.384,0.00462,0.422,0.5278,0.443,0.2774,0.2328,9.23,0.08066,0.0572,0.158,0.0663,0.2,0.0707,0.02068,0.1862,43.2,3.292,1152.6,10.76,0.002,2.74,239,59.02,141.6,161.2,183.6,64.56,7.162e-06,2.202e-06,44.58,3.184e-06,174,660000.8,220000.2,7.542,21.7,8.08,0.005022,73,1,20100,0.092374
71.58,4692,0.501,0.0443,0.0154,1.83,58400,0.0242,0.5388,0.384,0.00462,0.422,0.5278,0.443,0.2774,0.2328,9.23,0.08066,0.0572,0.158,0.0663,0.2,0.0707,0.02068,0.1862,43.2,3.292,1152.6,10.76,0.0008366,2.74,239,59.02,141.6,161.2,183.6,64.56,7.162e-06,2.202e-06,44.58,3.184e-06,174,660000.8,220000.2,7.542,21.7,8.08,0.005022,73,1,20100,0.092374
71.58,4692,0.501,0.0443,0.0154,1.83,58400,0.0242,0.5388,0.384,0.00462,0.422,0.5278,0.443,0.2774,0.2328,9.23,0.08066,0.0572,0.158,0.0663,0.2,0.0707,0.02068,0.1862,43.2,3.292,1152.6,10.76,0.0008366,2.74,239,59.02,141.6,161.2,183.6,64.56,7.162e-06,2.202e-06,44.58,3.184e-06,174,2640000.2,220000.2,7.542,21.7,8.08,0.005022,73,1,20100,0.092374
71.58,4692,0.501,0.0443,0.0154,1.83,58400,0.0242,0.5388,0.384,0.00462,0.422,0.5278,0.443,0.2774,0.2328,9.23,0.08066,0.0572,0.158,0.0663,0.2,0.0707,0.02068,0.1862,43.2,3.292,1152.6,10.76,0.0008366,2.74,239,59.02,141.6,161.2,183.6,57.24,7.162e-06,2.202e-06,44.58,3.184e-06,174,2640000.2,220000.2,7.542,21.7,8.08,0.005022,73,1,20100,0.092374
71.58,4692,0.501,0.0443,0.0154,1.83,58400,0.0242,0.5388,0.384,0.00462,0.422,0.5278,0.443,0.2774,0.2328,9.23,0.08066,0.0572,0.158,0.0663,0.176,0.0707,0.02068,0.1862,43.2,3.292,1152.6,10.76,0.0008366,2.74,239,59.02,141.6,161.2,183.6,57.24,7.162e-06,2.202e-06,44.58,3.184e-06,174,2640000.2,220000.2,7.542,21.7,8.08,0.005022,73,1,20100,0.092374
71.58,4692,0.501,0.0443,0.0154,0.74484,58400,0.0242,0.5388,0.384,0.00462,0.422,0.5278,0.443,0.2774,0.2328,9.23,0.08066,0.0572,0.158,0.0663,0.176,0.0707,0.02068,0.1862,43.2,3.292,1152.6,10.76,0.0008366,2.74,239,59.02,141.6,161.2,183.6,57.24,7.162e-06,2.202e-06,44.58,3.184e-06,174,2640000.2,220000.2,7.542,21.7,8.08,0.005022,73,1,20100,0.092374
71.58,4692,0.501,0.0443,0.0154,0.74484,58400,0.0242,0.5388,0.384,0.00462,0.422,0.5278,0.443,0.2774,0.2328,9.23,0.08066,0.0572,0.158,0.0663,0.176,0.0707,0.02068,0.1862,43.2,3.292,1152.6,10.76,0.0008366,2.74,212.6,59.02,141.6,161.2,183.6,57.24,7.162e-06,2.202e-06,44.58,3.184e-06,174,2640000.2,220000.2,7.542,21.7,8.08,0.005022,73,1,20100,0.092374
71.58,4692,0.501,0.0443,0.0154,0.74484,58400,0.0242,0.5388,0.384,0.00462,0.422,0.5278,0.443,0.2774,0.2328,9.23,0.08066,0.0572,0.158,0.0663,0.176,0.0707,0.02068,0.1862,43.2,3.292,1152.6,10.76,0.0008366,2.74,212.6,59.02,141.6,161.2,183.6,57.24,7.162e-06,2.202e-06,44.58,3.184e-06,174,2640000.2,220000.2,4.89,21.7,8.08,0.005022,73,1,20100,0.092374
71.58,4692,0.501,0.0443,0.0154,0.74484,58400,0.0242,0.5388,0.384,0.00462,0.422,0.5278,0.443,0.2774,0.2328,9.23,0.08066,0.05096,0.158,0.0663,0.176,0.0707,0.02068,0.1862,43.2,3.292,1152.6,10.76,0.0008366,2.74,212.6,59.02,141.6,161.2,183.6,57.24,7.162e-06,2.202e-06,44.58,3.184e-06,174,2640000.2,220000.2,4.89,21.7,8.08,0.005022,73,1,20100,0.092374
71.58,4692,0.501,0.0443,0.0154,0.74484,58400,0.0242,0.5388,0.384,0.00462,0.422,0.5278,0.443,0.2774,0.2328,9.23,0.07154,0.05096,0.158,0.0663,0.176,0.0707,0.02068,0.1862,43.2,3.292,1152.6,10.76,0.0008366,2.74,212.6,59.02,141.6,161.2,183.6,57.24,7.162e-06,2.202e-06,44.58,3.184e-06,174,2640000.2,220000.2,4.89,21.7,8.08,0.005022,73,1,20100,0.092374
71.58,4692,0.501,0.0443,0.0154,0.74484,58400,0.0242,0.5388,0.384,0.00462,0.422,0.5278,0.443,0.2774,0.2328,9.23,0.07154,0.05096,0.158,0.0663,0.176,0.0707,0.02068,0.1862,89.28,3.292,1152.6,10.76,0.0008366,2.74,212.6,59.02,141.6,161.2,183.6,57.24,7.162e-06,2.202e-06,44.58,3.184e-06,174,2640000.2,220000.2,4.89,21.7,8.08,0.005022,73,1,20100,0.092374
71.58,5778,0.501,0.0443,0.0154,0.74484,58400,0.0242,0.5388,0.384,0.00462,0.422,0.5278,0.443,0.2774,0.2328,9.23,0.07154,0.05096,0.158,0.0663,0.176,0.0707,0.02068,0.1862,89.28,3.292,1152.6,10.76,0.0008366,2.74,212.6,59.02,141.6,161.2,183.6,57.24,7.162e-06,2.202e-06,44.58,3.184e-06,174,2640000.2,220000.2,4.89,21.7,8.08,0.005022,73,1,20100,0.092374
71.58,5778,0.501,0.0443,0.0154,0.74484,58400,0.0242,0.5388,0.384,0.00462,0.422,0.5278,0.443,0.2774,0.2328,9.23,0.07154,0.05096,0.158,0.0663,0.176,0.0707,0.02068,0.1862,89.28,3.292,1152.6,10.76,0.0008366,2.74,212.6,59.02,141.6,161.2,183.6,57.24,7.162e-06,2.202e-06,44.58,3.184e-06,174,2640000.2,220000.2,4.89,21.7,8.08,0.005022,73,1,17880,0.092374
71.58,5778,0.501,0.0443,0.0154,0.74484,58400,0.0242,0.5388,0.384,0.00462,0.422,0.5278,0.443,0.311,0.2328,9.23,0.07154,0.05096,0.158,0.0663,0.176,0.0707,0.02068,0.1862,89.28,3.292,1152.6,10.76,0.0008366,2.74,212.6,59.02,141.6,161.2,183.6,57.24,7.162e-06,2.202e-06,44.58,3.184e-06,174,2640000.2,220000.2,4.89,21.7,8.08,0.005022,73,1,17880,0.092374
71.58,5778,0.501,0.0443,0.0154,0.74484,58400,0.0242,0.5388,0.384,0.00462,0.422,0.5278,0.443,0.311,0.2328,9.23,0.07154,0.05096,0.158,0.0663,0.176,0.0707,0.02068,0.1862,89.28,3.292,1152.6,10.76,0.0008366,2.74,212.6,59.02,141.6,161.2,183.6,57.24,7.162e-06,2.202e-06,44.58,3.184e-06,174,2640000.2,220000.2,4.89,21.7,8.08,0.005022,73,1,17880,0.229
71.58,5778,0.501,0.0443,0.0154,0.74484,58400,0.0242,0.5388,0.384,0.00462,0.422,0.5278,0.443,0.311,0.2328,9.23,0.07154,0.05096,0.158,0.0663,0.176,0.0707,0.02068,0.1862,89.28,3.292,1152.6,10.76,0.0008366,2.74,212.6,59.02,141.6,161.2,183.6,57.24,7.162e-06,2.82e-06,44.58,3.184e-06,174,2640000.2,220000.2,4.89,21.7,8.08,0.005022,73,1,17880,0.229
71.58,5778,0.501,0.0443,0.0154,0.74484,58400,0.0242,0.5388,0.384,0.00462,0.422,0.5278,0.443,0.311,0.2328,9.23,0.07154,0.05096,0.158,0.0663,0.176,0.0707,0.02068,0.1862,89.28,3.292,1152.6,10.76,0.0008366,2.74,212.6,59.02,141.6,161.2,183.6,57.24,7.162e-06,2.82e-06,44.58,3.184e-06,174,2640000.2,55000.8,4.89,21.7,8.08,0.005022,73,1,17880,0.229
71.58,5054,0.501,0.0461,0.01484,1.83,50000,0.0272,0.63,0.4356,0.004284,0.358,0.5492,0.443,0.311,0.2328,10.886,0.07154,0.0572,0.1412,0.0715,0.184,0.0579,0.0198,0.149,89.28,3.156,1152.6,10.76,0.0004488,1.58,203.8,66.58,141.6,142,190.8,57.24,8.05e-06,1.996e-06,60.72,2.206e-06,74.988,3300000,110000.6,9.31,28.6,12.8,0.00363,41.8,42000.6,20100,0.137916
71.58,5054,0.501,0.0461,0.01484,1.83,50000,0.0272,0.63,0.4356,0.004284,0.358,0.5492,0.443,0.311,0.2328,10.886,0.07154,0.0572,0.1412,0.0715,0.184,0.0579,0.0198,0.149,89.28,3.156,1152.6,10.76,0.0004488,1.58,230.2,66.58,141.6,142,190.8,57.24,8.05e-06,1.996e-06,60.72,2.206e-06,74.988,3300000,110000.6,9.31,28.6,12.8,0.00363,41.8,42000.6,20100,0.137916
71.58,5054,0.501,0.0461,0.01484,1.83,50000,0.0272,0.5616,0.4356,0.004284,0.358,0.5492,0.443,0.311,0.2328,10.886,0.07154,0.0572,0.1412,0.0715,0.184,0.0579,0.0198,0.149,89.28,3.156,1152.6,10.76,0.0004488,1.58,230.2,66.58,141.6,142,190.8,57.24,8.05e-06,1.996e-06,60.72,2.206e-06,74.988,3300000,110000.6,9.31,28.6,12.8,0.00363,41.8,42000.6,20100,0.137916
71.58,5054,0.501,0.0461,0.01484,1.83,50000,0.0272,0.5616,0.4356,0.004284,0.358,0.5492,0.443,0.311,0.2328,10.886,0.07154,0.0572,0.1412,0.0715,0.184,0.0579,0.0198,0.149,89.28,3.156,1152.6,10.76,0.0004488,1.58,230.2,66.58,141.6,142,190.8,57.24,8.05e-06,1.996e-06,60.72,2.206e-06,74.988,3300000,110000.6,6.658,28.6,12.8,0.00363,41.8,42000.6,20100,0.137916
71.58,5054,0.501,0.0461,0.01484,1.83,62600,0.0272,0.5616,0.4356,0.004284,0.358,0.5492,0.443,0.311,0.2328,10.886,0.07154,0.0572,0.1412,0.0715,0.184,0.0579,0.0198,0.149,89.28,3.156,1152.6,10.76,0.0004488,1.58,230.2,66.58,141.6,142,190.8,57.24,8.05e-06,1.996e-06,60.72,2.206e-06,74.988,3300000,110000.6,6.658,28.6,12.8,0.00363,41.8,42000.6,20100,0.137916
71.58,5054,0.501,0.0461,0.01484,1.83,62600,0.0272,0.5616,0.4356,0.004284,0.358,0.5492,0.443,0.2774,0.2328,10.886,0.07154,0.0572,0.1412,0.0715,0.184,0.0579,0.0198,0.149,89.28,3.156,1152.6,10.76,0.0004488,1.58,230.2,66.58,141.6,142,190.8,57.24,8.05e-06,1.996e-06,60.72,2.206e-06,74.988,3300000,110000.6,6.658,28.6,12.8,0.00363,41.8,42000.6,20100,0.137916
71.58,5054,0.501,0.0461,0.01484,1.83,62600,0.0272,0.5616,0.384,0.004284,0.358,0.5492,0.443,0.2774,0.2328,10.886,0.07154,0.0572,0.1412,0.0715,0.184,0.0579,0.0198,0.149,89.28,3.156,1152.6,10.76,0.0004488,1.58,230.2,66.58,141.6,142,190.8,57.24,8.05e-06,1.996e-06,60.72,2.206e-06,74.988,3300000,110000.6,6.658,28.6,12.8,0.00363,41.8,42000.6,20100,0.137916
71.58,5054,0.501,0.0461,0.01484,1.83,62600,0.0272,0.5616,0.384,0.004284,0.358,0.5492,0.443,0.2774,0.2328,10.886,0.07154,0.0572,0.1412,0.0715,0.208,0.0579,0.0198,0.149,89.28,3.156,1152.6,10.76,0.0004488,1.58,230.2,66.58,141.6,142,190.8,57.24,8.05e-06,1.996e-06,60.72,2.206e-06,74.988,3300000,110000.6,6.658,28.6,12.8,0.00363,41.8,42000.6,20100,0.137916
71.58,5054,0.501,0.0461,0.01484,1.83,62600,0.0272,0.5616,0.384,0.004284,0.358,0.5492,0.443,0.2774,0.2328,10.886,0.07154,0.05096,0.1412,0.0715,0.208,0.0579,0.0198,0.149,89.28,3.156,1152.6,10.76,0.0004488,1.58,230.2,66.58,141.6,142,190.8,57.24,8.05e-06,1.996e-06,60.72,2.206e-06,74.988,3300000,110000.6,6.658,28.6,12.8,0.00363,41.8,42000.6,20100,0.137916
87,5054,0.501,0.0461,0.01484,1.83,62600,0.0272,0.5616,0.384,0.004284,0.358,0.5492,0.443,0.2774,0.2328,10.886,0.07154,0.05096,0.1412,0.0715,0.208,0.0579,0.0198,0.149,89.28,3.156,1152.6,10.76,0.0004488,1.58,230.2,66.58,141.6,142,190.8,57.24,8.05e-06,1.996e-06,60.72,2.206e-06,74.988,3300000,110000.6,6.658,28.6,12.8,0.00363,41.8,42000.6,20100,0.137916
87,5054,0.501,0.0461,0.01484,1.83,62600,0.0272,0.5616,0.384,0.004284,0.358,0.5492,0.443,0.2774,0.2328,10.886,0.07154,0.05096,0.1412,0.0715,0.208,0.0579,0.0198,0.149,89.28,3.156,1152.6,10.76,0.0004488,1.58,230.2,66.58,141.6,142,190.8,57.24,8.05e-06,1.996e-06,60.72,2.206e-06,74.988,3300000,110000.6,6.658,28.6,12.8,0.00363,41.8,42000.6,17880,0.137916
87,5054,0.501,0.0461,0.01484,1.83,62600,0.0272,0.5616,0.384,0.004284,0.358,0.5492,0.443,0.2774,0.2328,10.886,0.07154,0.05096,0.1412,0.0715,0.208,0.0579,0.0198,0.149,89.28,3.564,1152.6,10.76,0.0004488,1.58,230.2,66.58,141.6,142,190.8,57.24,8.05e-06,1.996e-06,60.72,2.206e-06,74.988,3300000,110000.6,6.658,28.6,12.8,0.00363,41.8,42000.6,17880,0.137916
87,5054,0.501,0.0461,0.01484,1.83,62600,0.0272,0.5616,0.384,0.004284,0.358,0.5492,0.443,0.2774,0.2328,10.886,0.07154,0.05096,0.1412,0.0715,0.208,0.0579,0.02244,0.149,89.28,3.564,1152.6,10.76,0.0004488,1.58,230.2,66.58,141.6,142,190.8,57.24,8.05e-06,1.996e-06,60.72,2.206e-06,74.988,3300000,110000.6,6.658,28.6,12.8,0.00363,41.8,42000.6,17880,0.137916
87,5054,0.501,0.0461,0.01484,1.83,62600,0.0272,0.5616,0.384,0.004284,0.358,0.5492,0.443,0.2774,0.2328,10.886,0.07154,0.05096,0.1412,0.0715,0.208,0.0579,0.02244,0.149,89.28,3.564,1152.6,10.76,0.0004488,1.58,230.2,66.58,141.6,142,190.8,57.24,8.05e-06,1.996e-06,60.72,2.206e-06,174,3300000,110000.6,6.658,28.6,12.8,0.00363,41.8,42000.6,17880,0.137916
87,5054,0.501,0.0461,0.01484,1.83,62600,0.0272,0.5616,0.384,0.004284,0.358,0.5492,0.443,0.2774,0.2328,10.886,0.07154,0.05096,0.1412,0.0715,0.208,0.0579,0.02244,0.149,89.28,3.564,1152.6,10.76,0.0004488,1.58,230.2,66.58,141.6,142,190.8,57.24,8.05e-06,1.996e-06,60.72,2.206e-06,174,3300000,110000.6,6.658,28.6,12.8,0.00363,73,42000.6,17880,0.137916
87,5054,0.501,0.0461,0.01484,1.83,62600,0.0272,0.5616,0.384,0.00378,0.358,0.5492,0.443,0.2774,0.2328,10.886,0.07154,0.05096,0.1412,0.0715,0.208,0.0579,0.02244,0.149,89.28,3.564,1152.6,10.76,0.0004488,1.58,230.2,66.58,141.6,142,190.8,57.24,8.05e-06,1.996e-06,60.72,2.206e-06,174,3300000,110000.6,6.658,28.6,12.8,0.00363,73,42000.6,17880,0.137916
87,5054,0.501,0.0461,0.01484,1.83,62600,0.0272,0.5616,0.384,0.00378,0.406,0.5492,0.443,0.2774,0.2328,10.886,0.07154,0.05096,0.1412,0.0715,0.208,0.0579,0.02244,0.149,89.28,3.564,1152.6,10.76,0.0004488,1.58,230.2,66.58,141.6,142,190.8,57.24,8.05e-06,1.996e-06,60.72,2.206e-06,174,3300000,110000.6,6.658,28.6,12.8,0.00363,73,42000.6,17880,0.137916
87,5054,0.501,0.0461,0.01484,1.83,62600,0.0272,0.5616,0.384,0.00378,0.406,0.5492,0.443,0.2774,0.2328,10.886,0.07154,0.05096,0.1412,0.0715,0.208,0.0579,0.02244,0.149,89.28,3.564,1152.6,10.76,0.0004488,3.32,230.2,66.58,141.6,142,190.8,57.24,8.05e-06,1.996e-06,60.72,2.206e-06,174,3300000,110000.6,6.658,28.6,12.8,0.00363,73,42000.6,17880,0.137916
87,5054,0.501,0.0461,0.01484,0.74484,62600,0.0272,0.5616,0.384,0.00378,0.406,0.5492,0.443,0.2774,0.2328,10.886,0.07154,0.05096,0.1412,0.0715,0.208,0.0579,0.02244,0.149,89.28,3.564,1152.6,10.76,0.0004488,3.32,230.2,66.58,141.6,142,190.8,57.24,8.05e-06,1.996e-06,60.72,2.206e-06,174,3300000,110000.6,6.658,28.6,12.8,0.00363,73,42000.6,17880,0.137916
87,5054,0.501,0.0461,0.01484,0.74484,62600,0.0272,0.5616,0.384,0.00378,0.406,0.5492,0.443,0.2774,0.2328,10.886,0.07154,0.05096,0.1412,0.0715,0.208,0.0579,0.02244,0.149,89.28,3.564,1152.6,10.76,0.0004488,3.32,230.2,66.58,141.6,142,190.8,57.24,8.05e-06,1.996e-06,60.72,2.206e-06,174,3300000,110000.6,6.658,28.6,12.8,0.00363,73,105000,17880,0.137916
87,5054,0.501,0.0461,0.01484,0.74484,62600,0.0272,0.5616,0.384,0.00378,0.406,0.5492,0.443,0.2774,0.2328,10.886,0.07154,0.05096,0.1412,0.0715,0.208,0.0579,0.02244,0.149,89.28,3.564,1152.6,10.76,0.0016122,3.32,230.2,66.58,141.6,142,190.8,57.24,8.05e-06,1.996e-06,60.72,2.206e-06,174,3300000,110000.6,6.658,28.6,12.8,0.00363,73,105000,17880,0.137916
87,5054,0.501,0.0461,0.01484,0.74484,62600,0.0272,0.5616,0.384,0.00378,0.406,0.5492,0.443,0.2774,0.2328,10.886,0.07154,0.05096,0.1412,0.0715,0.208,0.0579,0.02244,0.149,43.2,3.564,1152.6,10.76,0.0016122,3.32,230.2,66.58,141.6,142,190.8,57.24,8.05e-06,1.996e-06,60.72,2.206e-06,174,3300000,110000.6,6.658,28.6,12.8,0.00363,73,105000,17880,0.137916
87,5054,0.501,0.0461,0.01484,0.74484,62600,0.0272,0.5616,0.384,0.00378,0.406,0.5492,0.443,0.2774,0.2328,10.886,0.07154,0.05096,0.1412,0.0715,0.208,0.0579,0.02244,0.149,43.2,3.564,1152.6,10.76,0.0016122,3.32,230.2,66.58,141.6,142,190.8,57.24,8.05e-06,1.996e-06,60.72,2.206e-06,174,3300000,110000.6,6.658,28.6,12.8,0.00363,73,105000,17880,0.00129
87,5054,0.501,0.0461,0.01484,0.74484,62600,0.0272,0.5616,0.384,0.00378,0.406,0.5492,0.395,0.2774,0.2328,10.886,0.07154,0.05096,0.1412,0.0715,0.208,0.0579,0.02244,0.149,43.2,3.564,1152.6,10.76,0.0016122,3.32,230.2,66.58,141.6,142,190.8,57.24,8.05e-06,1.996e-06,60.72,2.206e-06,174,3300000,110000.6,6.658,28.6,12.8,0.00363,73,105000,17880,0.00129
87,5054,0.4122,0.0461,0.01484,0.74484,62600,0.0272,0.5616,0.384,0.00378,0.406,0.5492,0.395,0.2774,0.2328,10.886,0.07154,0.05096,0.1412,0.0715,0.208,0.0579,0.02244,0.149,43.2,3.564,1152.6,10.76,0.0016122,3.32,230.2,66.58,141.6,142,190.8,57.24,8.05e-06,1.996e-06,60.72,2.206e-06,174,3300000,110000.6,6.658,28.6,12.8,0.00363,73,105000,17880,0.00129
87,5054,0.4122,0.0461,0.01484,0.74484,62600,0.0272,0.5616,0.384,0.00378,0.406,0.5492,0.395,0.2774,0.2328,10.886,0.07154,0.05096,0.1412,0.0715,0.208,0.0579,0.02244,0.149,43.2,3.564,1152.6,10.76,0.0016122,3.32,230.2,66.58,141.6,142,190.8,57.24,8.05e-06,2.614e-06,60.72,2.206e-06,174,3300000,110000.6,6.658,28.6,12.8,0.00363,73,105000,17880,0.00129
87,5054,0.4122,0.0461,0.01484,0.74484,62600,0.0272,0.5616,0.384,0.00378,0.406,0.5492,0.395,0.2774,0.2328,10.886,0.07154,0.05096,0.1412,0.0715,0.208,0.0579,0.02244,0.149,43.2,3.564,1152.6,10.76,0.0016122,3.32,230.2,66.58,141.6,142,169.2,57.24,8.05e-06,2.614e-06,60.72,2.206e-06,174,3300000,110000.6,6.658,28.6,12.8,0.00363,73,105000,17880,0.00129
87,5054,0.4122,0.0461,0.01484,0.74484,62600,0.0272,0.5616,0.384,0.00378,0.406,0.5492,0.395,0.2774,0.2328,10.886,0.07154,0.05096,0.1412,0.0715,0.208,0.0579,0.02244,0.149,43.2,3.564,1152.6,12.44,0.0016122,3.32,230.2,66.58,141.6,142,169.2,57.24,8.05e-06,2.614e-06,60.72,2.206e-06,174,3300000,110000.6,6.658,28.6,12.8,0.00363,73,105000,17880,0.00129
87,5054,0.4122,0.0461,0.01484,0.74484,62600,0.0272,0.5616,0.384,0.00378,0.406,0.5492,0.395,0.2774,0.2328,10.886,0.07154,0.05096,0.1412,0.0715,0.208,0.0579,0.02244,0.149,43.2,3.564,1152.6,12.44,0.0016122,3.32,230.2,66.58,125.4,142,169.2,57.24,8.05e-06,2.614e-06,60.72,2.206e-06,174,3300000,110000.6,6.658,28.6,12.8,0.00363,73,105000,17880,0.00129
87,5054,0.4122,0.0461,0.01484,0.74484,62600,0.0272,0.5616,0.384,0.00378,0.406,0.5492,0.395,0.2774,0.2328,10.886,0.07154,0.05096,0.1412,0.0715,0.208,0.0579,0.02244,0.149,43.2,3.564,1152.6,12.44,0.0016122,3.32,230.2,66.58,125.4,161.2,169.2,57.24,8.05e-06,2.614e-06,60.72,2.206e-06,174,3300000,110000.6,6.658,28.6,12.8,0.00363,73,105000,17880,0.00129
87,5054,0.4122,0.0461,0.01484,0.74484,62600,0.0272,0.5616,0.384,0.00378,0.406,0.5492,0.395,0.2774,0.2328,10.886,0.07154,0.05096,0.1412,0.0715,0.208,0.0579,0.02244,0.149,43.2,3.564,1152.6,12.44,0.0016122,3.32,230.2,66.58,125.4,161.2,169.2,64.56,8.05e-06,2.614e-06,60.72,2.206e-06,174,3300000,110000.6,6.658,28.6,12.8,0.00363,73,105000,17880,0.00129
87,5054,0.4122,0.0461,0.01484,0.74484,62600,0.0272,0.5616,0.384,0.00378,0.406,0.5492,0.395,0.2774,0.2328,10.886,0.07154,0.05096,0.1412,0.0637,0.208,0.0579,0.02244,0.149,43.2,3.564,1152.6,12.44,0.0016122,3.32,230.2,66.58,125.4,161.2,169.2,64.56,8.05e-06,2.614e-06,60.72,2.206e-06,174,3300000,110000.6,6.658,28.6,12.8,0.00363,73,105000,17880,0.00129
87,5054,0.4122,0.0461,0.01484,0.74484,62600,0.0272,0.5616,0.384,0.00378,0.406,0.5492,0.395,0.2774,0.2328,10.886,0.07154,0.05096,0.1412,0.0637,0.208,0.0579,0.02244,0.149,43.2,3.564,2880,12.44,0.0016122,3.32,230.2,66.58,125.4,161.2,169.2,64.56,8.05e-06,2.614e-06,60.72,2.206e-06,174,3300000,110000.6,6.658,28.6,12.8,0.00363,73,105000,17880,0.00129
87,5054,0.4122,0.0407,0.01484,0.74484,62600,0.0272,0.5616,0.384,0.00378,0.406,0.5492,0.395,0.2774,0.2328,10.886,0.07154,0.05096,0.1412,0.0637,0.208,0.0579,0.02244,0.149,43.2,3.564,2880,12.44,0.0016122,3.32,230.2,66.58,125.4,161.2,169.2,64.56,8.05e-06,2.614e-06,60.72,2.206e-06,174,3300000,110000.6,6.658,28.6,12.8,0.00363,73,105000,17880,0.00129
87,5054,0.4122,0.0407,0.01484,0.74484,62600,0.0272,0.5616,0.384,0.00378,0.406,0.5492,0.395,0.2774,0.2328,10.886,0.07154,0.05096,0.1412,0.0637,0.208,0.0579,0.02244,0.149,43.2,3.564,2880,12.44,0.0016122,3.32,230.2,66.58,125.4,161.2,169.2,64.56,8.05e-06,2.614e-06,60.72,2.206e-06,174,1320000.6,110000.6,6.658,28.6,12.8,0.00363,73,105000,17880,0.00129
87,5054,0.4122,0.0407,0.01484,0.74484,62600,0.0272,0.5616,0.384,0.00378,0.406,0.5492,0.395,0.2774,0.2328,10.886,0.07154,0.05096,0.158,0.0637,0.208,0.0579,0.02244,0.149,43.2,3.564,2880,12.44,0.0016122,3.32,230.2,66.58,125.4,161.2,169.2,64.56,8.05e-06,2.614e-06,60.72,2.206e-06,174,1320000.6,110000.6,6.658,28.6,12.8,0.00363,73,105000,17880,0.00129
87,5054,0.4122,0.0407,0.01484,0.74484,62600,0.0272,0.5616,0.384,0.00378,0.406,0.5492,0.395,0.2774,0.2328,10.886,0.07154,0.05096,0.158,0.0637,0.208,0.0579,0.02244,0.149,43.2,3.564,2880,12.44,0.0016122,3.32,230.2,66.58,125.4,161.2,169.2,64.56,8.05e-06,2.614e-06,12.3,2.206e-06,174,1320000.6,110000.6,6.658,28.6,12.8,0.00363,73,105000,17880,0.00129
87,5054,0.4122,0.0407,0.01484,0.74484,62600,0.0272,0.5616,0.384,0.00378,0.406,0.5492,0.395,0.2774,0.2328,9.644,0.07154,0.05096,0.158,0.0637,0.208,0.0579,0.02244,0.149,43.2,3.564,2880,12.44,0.0016122,3.32,230.2,66.58,125.4,161.2,169.2,64.56,8.05e-06,2.614e-06,12.3,2.206e-06,174,1320000.6,110000.6,6.658,28.6,12.8,0.00363,73,105000,17880,0.00129
87,5054,0.4122,0.0407,0.01316,0.74484,62600,0.0272,0.5616,0.384,0.00378,0.406,0.5492,0.395,0.2774,0.2328,9.644,0.07154,0.05096,0.158,0.0637,0.208,0.0579,0.02244,0.149,43.2,3.564,2880,12.44,0.0016122,3.32,230.2,66.58,125.4,161.2,169.2,64.56,8.05e-06,2.614e-06,12.3,2.206e-06,174,1320000.6,110000.6,6.658,28.6,12.8,0.00363,73,105000,17880,0.00129
87,5054,0.4122,0.0407,0.01316,0.74484,62600,0.0272,0.5616,0.384,0.00378,0.406,0.5492,0.395,0.2774,0.2328,9.644,0.08066,0.05096,0.158,0.0637,0.208,0.0579,0.02244,0.149,43.2,3.564,2880,12.44,0.0016122,3.32,230.2,66.58,125.4,161.2,169.2,64.56,8.05e-06,2.614e-06,12.3,2.206e-06,174,1320000.6,110000.6,6.658,28.6,12.8,0.00363,73,105000,17880,0.00129
87,5054,0.4122,0.0407,0.01316,0.74484,62600,0.0272,0.5616,0.384,0.00378,0.406,0.5492,0.395,0.2774,0.2328,9.644,0.08066,0.05096,0.158,0.0637,0.208,0.0579,0.02244,0.149,43.2,3.564,2880,12.44,0.0016122,3.32,230.2,66.58,125.4,161.2,169.2,64.56,8.05e-06,2.614e-06,12.3,2.206e-06,174,1320000.6,110000.6,6.658,28.6,12.8,0.004674,73,105000,17880,0.00129
87,5054,0.4122,0.0407,0.01316,0.74484,62600,0.0242,0.5616,0.384,0.00378,0.406,0.5492,0.395,0.2774,0.2328,9.644,0.08066,0.05096,0.158,0.0637,0.208,0.0579,0.02244,0.149,43.2,3.564,2880,12.44,0.0016122,3.32,230.2,66.58,125.4,161.2,169.2,64.56,8.05e-06,2.614e-06,12.3,2.206e-06,174,1320000.6,110000.6,6.658,28.6,12.8,0.004674,73,105000,17880,0.00129
87,5054,0.4122,0.0407,0.01316,0.74484,62600,0.0242,0.5616,0.384,0.00378,0.406,0.5492,0.395,0.2774,0.2328,9.644,0.08066,0.05096,0.158,0.0637,0.208,0.0579,0.02244,0.1862,43.2,3.564,2880,12.44,0.0016122,3.32,230.2,66.58,125.4,161.2,169.2,64.56,8.05e-06,2.614e-06,12.3,2.206e-06,174,1320000.6,110000.6,6.658,28.6,12.8,0.004674,73,105000,17880,0.00129
87,5054,0.4122,0.0407,0.01316,0.74484,62600,0.0242,0.5616,0.384,0.00378,0.406,0.5492,0.395,0.2774,0.2622,9.644,0.08066,0.05096,0.158,0.0637,0.208,0.0579,0.02244,0.1862,43.2,3.564,2880,12.44,0.0016122,3.32,230.2,66.58,125.4,161.2,169.2,64.56,8.05e-06,2.614e-06,12.3,2.206e-06,174,1320000.6,110000.6,6.658,28.6,12.8,0.004674,73,105000,17880,0.00129
87,5054,0.4122,0.0407,0.01316,0.74484,62600,0.0242,0.5616,0.384,0.00378,0.406,0.5492,0.395,0.2774,0.2622,9.644,0.08066,0.05096,0.158,0.0637,0.208,0.0579,0.02244,0.1862,43.2,3.564,2880,12.44,0.0016122,3.32,230.2,66.58,125.4,161.2,169.2,64.56,8.05e-06,2.614e-06,12.3,3.184e-06,174,1320000.6,110000.6,6.658,28.6,12.8,0.004674,73,105000,17880,0.00129
87,5054,0.4122,0.0407,0.01316,0.74484,62600,0.0242,0.5616,0.384,0.00378,0.406,0.5492,0.395,0.2774,0.2622,9.644,0.08066,0.05096,0.158,0.0637,0.208,0.0579,0.02244,0.1862,43.2,3.564,2880,12.44,0.0016122,3.32,230.2,66.58,125.4,161.2,169.2,64.56,8.05e-06,2.614e-06,12.3,3.184e-06,174,1320000.6,275000,6.658,28.6,12.8,0.004674,73,105000,17880,0.00129
87,5054,0.4122,0.0407,0.01316,0.74484,62600,0.0242,0.5616,0.384,0.00378,0.406,0.5492,0.395,0.2774,0.2622,9.644,0.08066,0.05096,0.158,0.0637,0.208,0.0579,0.02244,0.1862,43.2,3.564,2880,12.44,0.0016122,3.32,230.2,59.02,125.4,161.2,169.2,64.56,8.05e-06,2.614e-06,12.3,3.184e-06,174,1320000.6,275000,6.658,28.6,12.8,0.004674,73,105000,17880,0.00129
87,5054,0.4122,0.0407,0.01316,0.74484,62600,0.0242,0.5616,0.384,0.00378,0.406,0.5492,0.395,0.2774,0.2622,9.644,0.08066,0.05096,0.158,0.0637,0.208,0.06558,0.02244,0.1862,43.2,3.564,2880,12.44,0.0016122,3.32,230.2,59.02,125.4,161.2,169.2,64.56,8.05e-06,2.614e-06,12.3,3.184e-06,174,1320000.6,275000,6.658,28.6,12.8,0.004674,73,105000,17880,0.00129
87,5054,0.4122,0.0407,0.01316,0.74484,62600,0.0242,0.5616,0.384,0.00378,0.406,0.5492,0.395,0.2774,0.2622,9.644,0.08066,0.05096,0.158,0.0637,0.208,0.06558,0.02244,0.1862,43.2,3.564,2880,12.44,0.0016122,3.32,230.2,59.02,125.4,161.2,169.2,64.56,8.05e-06,2.614e-06,12.3,3.184e-06,174,1320000.6,275000,6.658,7.9,12.8,0.004674,73,105000,17880,0.00129
87,5054,0.4122,0.0407,0.01316,0.74484,62600,0.0242,0.5616,0.384,0.00378,0.406,0.485,0.395,0.2774,0.2622,9.644,0.08066,0.05096,0.158,0.0637,0.208,0.06558,0.02244,0.1862,43.2,3.564,2880,12.44,0.0016122,3.32,230.2,59.02,125.4,161.2,169.2,64.56,8.05e-06,2.614e-06,12.3,3.184e-06,174,1320000.6,275000,6.658,7.9,12.8,0.004674,73,105000,17880,0.00129
87,5054,0.4122,0.0407,0.01316,0.74484,62600,0.0242,0.5616,0.384,0.00378,0.406,0.485,0.395,0.2774,0.2622,9.644,0.08066,0.05096,0.158,0.0637,0.208,0.06558,0.02244,0.1862,43.2,3.564,2880,12.44,0.0016122,3.32,230.2,59.02,125.4,161.2,169.2,64.56,7.162e-06,2.614e-06,12.3,3.184e-06,174,1320000.6,275000,6.658,7.9,12.8,0.004674,73,105000,17880,0.00129
87,5054,0.4122,0.0407,0.01316,0.74484,62600,0.0242,0.5616,0.384,0.00378,0.406,0.485,0.395,0.2774,0.2622,9.644,0.08066,0.05096,0.158,0.0637,0.208,0.06558,0.02244,0.1862,43.2,3.564,2880,12.44,0.0016122,3.32,230.2,59.02,125.4,161.2,169.2,64.56,7.162e-06,2.614e-06,12.3,3.184e-06,174,1320000.6,275000,6.658,7.9,5.72,0.004674,73,105000,17880,0.00129
87,6140,0.4122,0.0407,0.01316,0.74484,62600,0.0242,0.5616,0.384,0.00378,0.406,0.485,0.395,0.2774,0.2622,9.644,0.08066,0.05096,0.158,0.0637,0.208,0.06558,0.02244,0.1862,43.2,3.564,2880,12.44,0.0016122,3.32,230.2,59.02,125.4,161.2,169.2,64.56,7.162e-06,2.614e-06,12.3,3.184e-06,174,1320000.6,275000,6.658,7.9,5.72,0.004674,73,105000,17880,0.00129
76.72,5416,0.4418,0.0497,0.01316,1.10656,66800,0.0252,0.5844,0.4184,0.003948,0.438,0.5064,0.395,0.2774,0.2524,9.644,0.07762,0.0572,0.1356,0.0637,0.216,0.06046,0.02332,0.1614,104.64,3.564,576.8,10.2,6.1e-05,3.9,195,64.06,136.2,167.6,162,64.56,6.866e-06,1.79e-06,28.44,2.206e-06,74.988,660000.8,220000.2,7.542,35.5,8.08,0.00363,62.6,84000.2,17880,0.183458
76.72,5416,0.4418,0.0497,0.01484,1.10656,66800,0.0252,0.5844,0.4184,0.003948,0.438,0.5064,0.395,0.2774,0.2524,9.644,0.07762,0.0572,0.1356,0.0637,0.216,0.06046,0.02332,0.1614,104.64,3.564,576.8,10.2,6.1e-05,3.9,195,64.06,136.2,167.6,162,64.56,6.866e-06,1.79e-06,28.44,2.206e-06,74.988,660000.8,220000.2,7.542,35.5,8.08,0.00363,62.6,84000.2,17880,0.183458
76.72,5416,0.4418,0.0497,0.01484,1.10656,66800,0.0252,0.5844,0.4184,0.003948,0.438,0.5064,0.395,0.2774,0.2524,9.644,0.07762,0.0572,0.1356,0.0637,0.216,0.06046,0.02332,0.1614,104.64,3.564,576.8,10.2,6.1e-05,3.9,195,64.06,136.2,167.6,162,64.56,6.866e-06,1.79e-06,28.44,2.206e-06,74.988,660000.8,220000.2,7.542,35.5,8.08,0.00363,31.4,84000.2,17880,0.183458
61.3,5416,0.4418,0.0497,0.01484,1.10656,66800,0.0252,0.5844,0.4184,0.003948,0.438,0.5064,0.395,0.2774,0.2524,9.644,0.07762,0.0572,0.1356,0.0637,0.216,0.06046,0.02332,0.1614,104.64,3.564,576.8,10.2,6.1e-05,3.9,195,64.06,136.2,167.6,162,64.56,6.866e-06,1.79e-06,28.44,2.206e-06,74.988,660000.8,220000.2,7.542,35.5,8.08,0.00363,31.4,84000.2,17880,0.183458
61.3,5416,0.4418,0.0497,0.01484,1.10656,66800,0.0252,0.5844,0.4184,0.003948,0.438,0.5064,0.395,0.2774,0.2524,9.644,0.07762,0.0572,0.1356,0.0637,0.216,0.06046,0.02332,0.1614,104.64,3.564,576.8,10.2,6.1e-05,3.9,195,64.06,136.2,167.6,162,64.56,6.866e-06,1.79e-06,28.44,2.206e-06,74.988,660000.8,220000.2,7.542,35.5,8.08,0.00363,31.4,84000.2,17880,0.046832
61.3,5416,0.4418,0.0497,0.01484,1.10656,66800,0.0252,0.5844,0.4184,0.003948,0.438,0.5064,0.395,0.2774,0.2524,9.644,0.07762,0.0572,0.1356,0.0637,0.216,0.06046,0.02332,0.1614,104.64,3.564,576.8,10.2,6.1e-05,3.9,195,56.5,136.2,167.6,162,64.56,6.866e-06,1.79e-06,28.44,2.206e-06,74.988,660000.8,220000.2,7.542,35.5,8.08,0.00363,31.4,84000.2,17880,0.046832
61.3,5416,0.4418,0.0497,0.01484,1.10656,66800,0.0252,0.5844,0.4184,0.003948,0.438,0.5064,0.395,0.2774,0.2524,9.644,0.07762,0.0572,0.1356,0.0637,0.216,0.06046,0.02332,0.1614,104.64,3.564,2304.2,10.2,6.1e-05,3.9,195,56.5,136.2,167.6,162,64.56,6.866e-06,1.79e-06,28.44,2.206e-06,74.988,660000.8,220000.2,7.542,35.5,8.08,0.00363,31.4,84000.2,17880,0.046832
61.3,5416,0.4418,0.0497,0.01484,1.10656,66800,0.0252,0.5844,0.4184,0.003948,0.438,0.5064,0.395,0.2774,0.2524,9.644,0.07762,0.0572,0.1356,0.0637,0.216,0.06046,0.02332,0.1614,104.64,3.564,2304.2,10.2,6.1e-05,3.9,195,56.5,136.2,167.6,162,64.56,6.866e-06,1.79e-06,28.44,2.206e-06,74.988,660000.8,220000.2,7.542,35.5,1,0.00363,31.4,84000.2,17880,0.046832
61.3,5416,0.4418,0.0497,0.01484,1.10656,66800,0.0252,0.5844,0.4184,0.003948,0.438,0.5064,0.395,0.2774,0.2524,9.644,0.07762,0.0572,0.1356,0.0637,0.216,0.06814,0.02332,0.1614,104.64,3.564,2304.2,10.2,6.1e-05,3.9,195,56.5,136.2,167.6,162,64.56,6.866e-06,1.79e-06,28.44,2.206e-06,74.988,660000.8,220000.2,7.542,35.5,1,0.00363,31.4,84000.2,17880,0.046832
61.3,5416,0.4418,0.0497,0.01484,1.10656,54200,0.0252,0.5844,0.4184,0.003948,0.438,0.5064,0.395,0.2774,0.2524,9.644,0.07762,0.0572,0.1356,0.0637,0.216,0.06814,0.02332,0.1614,104.64,3.564,2304.2,10.2,6.1e-05,3.9,195,56.5,136.2,167.6,162,64.56,6.866e-06,1.79e-06,28.44,2.206e-06,74.988,660000.8,220000.2,7.542,35.5,1,0.00363,31.4,84000.2,17880,0.046832
61.3,5416,0.4418,0.0497,0.01484,1.10656,54200,0.0252,0.5844,0.4184,0.003948,0.438,0.5064,0.395,0.2774,0.2524,9.644,0.07762,0.0572,0.1356,0.0637,0.216,0.06814,0.02332,0.1614,104.64,3.564,2304.2,10.2,6.1e-05,3.9,195,56.5,136.2,167.6,162,64.56,6.866e-06,1.79e-06,28.44,3.184e-06,74.988,660000.8,220000.2,7.542,35.5,1,0.00363,31.4,84000.2,17880,0.046832
61.3,5416,0.4418,0.0497,0.01484,1.10656,54200,0.0252,0.5844,0.4184,0.003948,0.438,0.5064,0.395,0.2774,0.2524,9.644,0.07762,0.0572,0.1356,0.0637,0.216,0.06814,0.02332,0.1614,104.64,3.564,2304.2,10.2,6.1e-05,3.9,195,56.5,136.2,167.6,162,57.24,6.866e-06,1.79e-06,28.44,3.184e-06,74.988,660000.8,220000.2,7.542,35.5,1,0.00363,31.4,84000.2,17880,0.046832
61.3,5416,0.4418,0.0497,0.01484,1.10656,54200,0.0252,0.5844,0.4184,0.003948,0.438,0.5064,0.395,0.2774,0.2524,9.644,0.07762,0.0572,0.1356,0.0715,0.216,0.06814,0.02332,0.1614,104.64,3.564,2304.2,10.2,6.1e-05,3.9,195,56.5,136.2,167.6,162,57.24,6.866e-06,1.79e-06,28.44,3.184e-06,74.988,660000.8,220000.2,7.542,35.5,1,0.00363,31.4,84000.2,17880,0.046832
61.3,5416,0.4418,0.0497,0.01484,1.10656,54200,0.0252,0.5844,0.4184,0.003948,0.438,0.5064,0.395,0.2774,0.2524,10.886,0.07762,0.0572,0.1356,0.0715,0.216,0.06814,0.02332,0.1614,104.64,3.564,2304.2,10.2,6.1e-05,3.9,195,56.5,136.2,167.6,162,57.24,6.866e-06,1.79e-06,28.44,3.184e-06,74.988,660000.8,220000.2,7.542,35.5,1,0.00363,31.4,84000.2,17880,0.046832
61.3,5416,0.4418,0.0497,0.01484,1.10656,54200,0.0252,0.5844,0.4184,0.003948,0.438,0.5064,0.395,0.2774,0.2524,10.886,0.07762,0.0572,0.1356,0.0715,0.216,0.06814,0.02332,0.1614,104.64,3.564,2304.2,10.2,6.1e-05,3.9,195,56.5,136.2,167.6,162,57.24,6.866e-06,1.79e-06,28.44,3.184e-06,74.988,660000.8,55000.8,7.542,35.5,1,0.00363,31.4,84000.2,17880,0.046832
61.3,5416,0.4418,0.0497,0.01484,1.10656,54200,0.0252,0.5844,0.4184,0.003948,0.438,0.5064,0.443,0.2774,0.2524,10.886,0.07762,0.0572,0.1356,0.0715,0.216,0.06814,0.02332,0.1614,104.64,3.564,2304.2,10.2,6.1e-05,3.9,195,56.5,136.2,167.6,162,57.24,6.866e-06,1.79e-06,28.44,3.184e-06,74.988,660000.8,55000.8,7.542,35.5,1,0.00363,31.4,84000.2,17880,0.046832
61.3,5416,0.4418,0.0497,0.01484,1.10656,54200,0.0252,0.5844,0.4184,0.003948,0.438,0.5064,0.443,0.2774,0.2524,10.886,0.07762,0.0572,0.1356,0.0715,0.216,0.06814,0.02332,0.1614,104.64,3.564,2304.2,10.2,6.1e-05,3.9,195,56.5,136.2,167.6,162,57.24,6.866e-06,1.79e-06,28.44,3.184e-06,74.988,660000.8,55000.8,7.542,35.5,1,0.004674,31.4,84000.2,17880,0.046832
61.3,5416,0.4418,0.0497,0.01484,1.10656,54200,0.0252,0.5844,0.4184,0.003948,0.438,0.5064,0.443,0.2774,0.2524,10.886,0.07762,0.0572,0.1356,0.0715,0.216,0.06814,0.02332,0.1614,104.64,3.564,2304.2,10.2,6.1e-05,3.9,195,56.5,136.2,167.6,162,57.24,6.866e-06,1.79e-06,28.44,3.184e-06,74.988,660000.8,55000.8,7.542,35.5,1,0.004674,31.4,84000.2,20100,0.046832
61.3,5416,0.4418,0.0497,0.01484,1.10656,54200,0.0252,0.5844,0.4184,0.003948,0.438,0.5064,0.443,0.2774,0.2524,10.886,0.07762,0.0572,0.1356,0.0715,0.216,0.06814,0.02332,0.1614,104.64,3.564,2304.2,10.2,6.1e-05,3.9,195,56.5,136.2,167.6,162,57.24,6.866e-06,2.408e-06,28.44,3.184e-06,74.988,660000.8,55000.8,7.542,35.5,1,0.004674,31.4,84000.2,20100,0.046832
61.3,5416,0.4418,0.0497,0.01484,1.10656,54200,0.0252,0.5844,0.4184,0.003948,0.438,0.5706,0.443,0.2774,0.2524,10.886,0.07762,0.0572,0.1356,0.0715,0.216,0.06814,0.02332,0.1614,104.64,3.564,2304.2,10.2,6.1e-05,3.9,195,56.5,136.2,167.6,162,57.24,6.866e-06,2.408e-06,28.44,3.184e-06,74.988,660000.8,55000.8,7.542,35.5,1,0.004674,31.4,84000.2,20100,0.046832
61.3,5416,0.4418,0.0497,0.01484,1.10656,54200,0.0252,0.5844,0.4184,0.003948,0.438,0.5706,0.443,0.2774,0.2524,10.886,0.07762,0.0572,0.1356,0.0715,0.216,0.06814,0.02332,0.1614,104.64,3.564,2304.2,10.2,6.1e-05,3.9,195,56.5,136.2,167.6,162,57.24,6.866e-06,2.408e-06,28.44,3.184e-06,74.988,660000.8,55000.8,4.89,35.5,1,0.004674,31.4,84000.2,20100,0.046832
61.3,5416,0.4418,0.0497,0.01484,1.10656,54200,0.0252,0.5844,0.4184,0.003948,0.438,0.5706,0.443,0.2774,0.2524,10.886,0.07762,0.0572,0.1356,0.0715,0.216,0.06814,0.02332,0.1614,104.64,3.564,2304.2,10.2,0.0012244,3.9,195,56.5,136.2,167.6,162,57.24,6.866e-06,2.408e-06,28.44,3.184e-06,74.988,660000.8,55000.8,4.89,35.5,1,0.004674,31.4,84000.2,20100,0.046832
61.3,5416,0.4418,0.0497,0.01484,1.10656,54200,0.0252,0.516,0.4184,0.003948,0.438,0.5706,0.443,0.2774,0.2524,10.886,0.07762,0.0572,0.1356,0.0715,0.216,0.06814,0.02332,0.1614,104.64,3.564,2304.2,10.2,0.0012244,3.9,195,56.5,136.2,167.6,162,57.24,6.866e-06,2.408e-06,28.44,3.184e-06,74.988,660000.8,55000.8,4.89,35.5,1,0.004674,31.4,84000.2,20100,0.046832
61.3,5416,0.4418,0.0497,0.01484,1.10656,54200,0.0252,0.516,0.4184,0.003948,0.438,0.5706,0.443,0.2774,0.2524,10.886,0.07762,0.0572,0.1356,0.0715,0.216,0.06814,0.02332,0.1614,104.64,3.564,2304.2,10.2,0.0012244,3.9,221.4,56.5,136.2,167.6,162,57.24,6.866e-06,2.408e-06,28.44,3.184e-06,74.988,660000.8,55000.8,4.89,35.5,1,0.004674,31.4,84000.2,20100,0.046832
61.3,5416,0.4418,0.0497,0.01484,1.10656,54200,0.0252,0.516,0.4184,0.003948,0.438,0.5706,0.443,0.2774,0.2524,10.886,0.07762,0.0572,0.1356,0.0715,0.216,0.06814,0.02332,0.1614,104.64,3.156,2304.2,10.2,0.0012244,3.9,221.4,56.5,136.2,167.6,162,57.24,6.866e-06,2.408e-06,28.44,3.184e-06,74.988,660000.8,55000.8,4.89,35.5,1,0.004674,31.4,84000.2,20100,0.046832
61.3,5416,0.4418,0.0497,0.01484,1.10656,54200,0.0252,0.516,0.4184,0.004452,0.438,0.5706,0.443,0.2774,0.2524,10.886,0.07762,0.0572,0.1356,0.0715,0.216,0.06814,0.02332,0.1614,104.64,3.156,2304.2,10.2,0.0012244,3.9,221.4,56.5,136.2,167.6,162,57.24,6.866e-06,2.408e-06,28.44,3.184e-06,74.988,660000.8,55000.8,4.89,35.5,1,0.004674,31.4,84000.2,20100,0.046832
61.3,5416,0.4418,0.0497,0.01484,1.10656,54200,0.0252,0.516,0.4184,0.004452,0.438,0.5706,0.443,0.2774,0.2524,10.886,0.07762,0.0572,0.1356,0.0715,0.216,0.06814,0.02332,0.1614,104.64,3.156,2304.2,10.2,0.0012244,2.16,221.4,56.5,136.2,167.6,162,57.24,6.866e-06,2.408e-06,28.44,3.184e-06,74.988,660000.8,55000.8,4.89,35.5,1,0.004674,31.4,84000.2,20100,0.046832
61.3,5416,0.4418,0.0497,0.01484,1.10656,54200,0.0252,0.516,0.4184,0.004452,0.438,0.5706,0.443,0.2774,0.2524,10.886,0.07762,0.0572,0.1356,0.0715,0.216,0.06814,0.02332,0.1614,58.56,3.156,2304.2,10.2,0.0012244,2.16,221.4,56.5,136.2,167.6,162,57.24,6.866e-06,2.408e-06,28.44,3.184e-06,74.988,660000.8,55000.8,4.89,35.5,1,0.004674,31.4,84000.2,20100,0.046832
61.3,5416,0.4418,0.0497,0.01484,1.10656,54200,0.0252,0.516,0.4184,0.004452,0.438,0.5706,0.443,0.2774,0.2524,10.886,0.0685,0.0572,0.1356,0.0715,0.216,0.06814,0.02332,0.1614,58.56,3.156,2304.2,10.2,0.0012244,2.16,221.4,56.5,136.2,167.6,162,57.24,6.866e-06,2.408e-06,28.44,3.184e-06,74.988,660000.8,55000.8,4.89,35.5,1,0.004674,31.4,84000.2,20100,0.046832
61.3,5416,0.4418,0.0497,0.01484,1.10656,54200,0.0252,0.516,0.4184,0.004452,0.438,0.5706,0.443,0.2774,0.223,10.886,0.0685,0.0572,0.1356,0.0715,0.216,0.06814,0.02332,0.1614,58.56,3.156,2304.2,10.2,0.0012244,2.16,221.4,56.5,136.2,167.6,162,57.24,6.866e-06,2.408e-06,28.44,3.184e-06,74.988,660000.8,55000.8,4.89,35.5,1,0.004674,31.4,84000.2,20100,0.046832
61.3,5416,0.4418,0.0497,0.01484,1.10656,54200,0.0252,0.516,0.4184,0.004452,0.438,0.5706,0.443,0.2774,0.223,10.886,0.0685,0.0572,0.1356,0.0715,0.216,0.06814,0.02068,0.1614,58.56,3.156,2304.2,10.2,0.0012244,2.16,221.4,56.5,136.2,167.6,162,57.24,6.866e-06,2.408e-06,28.44,3.184e-06,74.988,660000.8,55000.8,4.89,35.5,1,0.004674,31.4,84000.2,20100,0.046832
61.3,5416,0.4418,0.0497,0.01484,1.10656,54200,0.0252,0.516,0.4184,0.004452,0.438,0.5706,0.443,0.2774,0.223,10.886,0.0685,0.0572,0.1356,0.0715,0.216,0.06814,0.02068,0.1614,58.56,3.156,2304.2,10.2,0.0012244,2.16,221.4,56.5,136.2,167.6,162,57.24,6.866e-06,2.408e-06,28.44,3.184e-06,74.988,660000.8,55000.8,4.89,35.5,1,0.004674,31.4,21000.8,20100,0.046832
61.3,5416,0.4418,0.0497,0.01484,1.10656,54200,0.0252,0.516,0.4184,0.004452,0.438,0.5706,0.443,0.2774,0.223,10.886,0.0685,0.0572,0.1356,0.0715,0.216,0.06814,0.02068,0.1614,58.56,3.156,2304.2,10.2,0.0012244,2.16,221.4,56.5,120,167.6,162,57.24,6.866e-06,2.408e-06,28.44,3.184e-06,74.988,660000.8,55000.8,4.89,35.5,1,0.004674,31.4,21000.8,20100,0.046832
61.3,5416,0.4418,0.0497,0.01484,1.10656,54200,0.0222,0.516,0.4184,0.004452,0.438,0.5706,0.443,0.2774,0.223,10.886,0.0685,0.0572,0.1356,0.0715,0.216,0.06814,0.02068,0.1614,58.56,3.156,2304.2,10.2,0.0012244,2.16,221.4,56.5,120,167.6,162,57.24,6.866e-06,2.408e-06,28.44,3.184e-06,74.988,660000.8,55000.8,4.89,35.5,1,0.004674,31.4,21000.8,20100,0.046832
61.3,5416,0.4418,0.0497,0.01484,1.10656,54200,0.0222,0.516,0.4184,0.004452,0.438,0.5706,0.443,0.2774,0.223,10.886,0.0685,0.0572,0.1356,0.0715,0.216,0.06814,0.02068,0.1986,58.56,3.156,2304.2,10.2,0.0012244,2.16,221.4,56.5,120,167.6,162,57.24,6.866e-06,2.408e-06,28.44,3.184e-06,74.988,660000.8,55000.8,4.89,35.5,1,0.004674,31.4,21000.8,20100,0.046832
61.3,5416,0.4418,0.0497,0.01484,1.10656,54200,0.0222,0.516,0.4184,0.004452,0.438,0.5706,0.443,0.2774,0.223,10.886,0.0685,0.0572,0.1356,0.0715,0.216,0.06814,0.02068,0.1986,58.56,3.156,2304.2,10.2,0.0012244,2.16,221.4,56.5,120,167.6,162,57.24,6.866e-06,2.408e-06,28.44,3.184e-06,74.988,2640000.2,55000.8,4.89,35.5,1,0.004674,31.4,21000.8,20100,0.046832
61.3,5416,0.353,0.0497,0.01484,1.10656,54200,0.0222,0.516,0.4184,0.004452,0.438,0.5706,0.443,0.2774,0.223,10.886,0.0685,0.0572,0.1356,0.0715,0.216,0.06814,0.02068,0.1986,58.56,3.156,2304.2,10.2,0.0012244,2.16,221.4,56.5,120,167.6,162,57.24,6.866e-06,2.408e-06,28.44,3.184e-06,74.988,2640000.2,55000.8,4.89,35.5,1,0.004674,31.4,21000.8,20100,0.046832
61.3,5416,0.353,0.0497,0.01484,1.10656,54200,0.0222,0.516,0.4184,0.004452,0.438,0.5706,0.443,0.2774,0.223,10.886,0.0685,0.0572,0.1356,0.0715,0.216,0.06814,0.02068,0.1986,58.56,3.156,2304.2,10.2,0.0012244,2.16,221.4,56.5,120,167.6,162,57.24,6.866e-06,2.408e-06,28.44,3.184e-06,74.988,2640000.2,55000.8,4.89,14.8,1,0.004674,31.4,21000.8,20100,0.046832
61.3,5416,0.353,0.0497,0.01484,1.10656,54200,0.0222,0.516,0.4184,0.004452,0.438,0.5706,0.443,0.2774,0.223,10.886,0.0685,0.0572,0.1356,0.0715,0.216,0.06814,0.02068,0.1986,58.56,3.156,2304.2,10.2,0.0012244,2.16,221.4,56.5,120,148.4,162,57.24,6.866e-06,2.408e-06,28.44,3.184e-06,74.988,2640000.2,55000.8,4.89,14.8,1,0.004674,31.4,21000.8,20100,0.046832
61.3,5416,0.353,0.0497,0.01484,1.10656,54200,0.0222,0.516,0.4184,0.004452,0.39,0.5706,0.443,0.2774,0.223,10.886,0.0685,0.0572,0.1356,0.0715,0.216,0.06814,0.02068,0.1986,58.56,3.156,2304.2,10.2,0.0012244,2.16,221.4,56.5,120,148.4,162,57.24,6.866e-06,2.408e-06,28.44,3.184e-06,74.988,2640000.2,55000.8,4.89,14.8,1,0.004674,31.4,21000.8,20100,0.046832
61.3,5416,0.353,0.0497,0.01484,1.10656,54200,0.0222,0.516,0.4184,0.004452,0.39,0.5706,0.443,0.311,0.223,10.886,0.0685,0.0572,0.1356,0.0715,0.216,0.06814,0.02068,0.1986,58.56,3.156,2304.2,10.2,0.0012244,2.16,221.4,56.5,120,148.4,162,57.24,6.866e-06,2.408e-06,28.44,3.184e-06,74.988,2640000.2,55000.8,4.89,14.8,1,0.004674,31.4,21000.8,20100,0.046832
61.3,5416,0.353,0.0497,0.01484,0.0214,54200,0.0222,0.516,0.4184,0.004452,0.39,0.5706,0.443,0.311,0.223,10.886,0.0685,0.0572,0.1356,0.0715,0.216,0.06814,0.02068,0.1986,58.56,3.156,2304.2,10.2,0.0012244,2.16,221.4,56.5,120,148.4,162,57.24,6.866e-06,2.408e-06,28.44,3.184e-06,74.988,2640000.2,55000.8,4.89,14.8,1,0.004674,31.4,21000.8,20100,0.046832
61.3,5416,0.353,0.0497,0.01484,0.0214,54200,0.0222,0.516,0.47,0.004452,0.39,0.5706,0.443,0.311,0.223,10.886,0.0685,0.0572,0.1356,0.0715,0.216,0.06814,0.02068,0.1986,58.56,3.156,2304.2,10.2,0.0012244,2.16,221.4,56.5,120,148.4,162,57.24,6.866e-06,2.408e-06,28.44,3.184e-06,74.988,2640000.2,55000.8,4.89,14.8,1,0.004674,31.4,21000.8,20100,0.046832
61.3,5416,0.353,0.0497,0.01484,0.0214,54200,0.0222,0.516,0.47,0.004452,0.39,0.5706,0.443,0.311,0.223,10.886,0.0685,0.0572,0.1356,0.0715,0.192,0.06814,0.02068,0.1986,58.56,3.156,2304.2,10.2,0.0012244,2.16,221.4,56.5,120,148.4,162,57.24,6.866e-06,2.408e-06,28.44,3.184e-06,74.988,2640000.2,55000.8,4.89,14.8,1,0.004674,31.4,21000.8,20100,0.046832
61.3,4330,0.353,0.0497,0.01484,0.0214,54200,0.0222,0.516,0.47,0.004452,0.39,0.5706,0.443,0.311,0.223,10.886,0.0685,0.0572,0.1356,0.0715,0.192,0.06814,0.02068,0.1986,58.56,3.156,2304.2,10.2,0.0012244,2.16,221.4,56.5,120,148.4,162,57.24,6.866e-06,2.408e-06,28.44,3.184e-06,74.988,2640000.2,55000.8,4.89,14.8,1,0.004674,31.4,21000.8,20100,0.046832
61.3,4330,0.353,0.0497,0.01484,0.0214,54200,0.0222,0.516,0.47,0.004452,0.39,0.5706,0.443,0.311,0.223,10.886,0.0685,0.0572,0.1356,0.0715,0.192,0.06814,0.02068,0.1986,58.56,3.156,2304.2,10.2,0.0012244,2.16,221.4,56.5,120,148.4,162,57.24,6.866e-06,2.408e-06,28.44,3.184e-06,174,2640000.2,55000.8,4.89,14.8,1,0.004674,31.4,21000.8,20100,0.046832
61.3,4330,0.353,0.0497,0.01484,0.0214,54200,0.0222,0.516,0.47,0.004452,0.39,0.5706,0.443,0.311,0.223,10.886,0.0685,0.0572,0.1356,0.0715,0.192,0.06814,0.02068,0.1986,58.56,3.156,2304.2,10.2,0.0012244,2.16,221.4,56.5,120,148.4,162,57.24,7.754e-06,2.408e-06,28.44,3.184e-06,174,2640000.2,55000.8,4.89,14.8,1,0.004674,31.4,21000.8,20100,0.046832
61.3,4330,0.353,0.0497,0.01484,0.0214,54200,0.0222,0.516,0.47,0.004452,0.39,0.5706,0.443,0.311,0.223,10.886,0.0685,0.05096,0.1356,0.0715,0.192,0.06814,0.02068,0.1986,58.56,3.156,2304.2,10.2,0.0012244,2.16,221.4,56.5,120,148.4,162,57.24,7.754e-06,2.408e-06,28.44,3.184e-06,174,2640000.2,55000.8,4.89,14.8,1,0.004674,31.4,21000.8,20100,0.046832
61.3,4330,0.353,0.0443,0.01484,0.0214,54200,0.0222,0.516,0.47,0.004452,0.39,0.5706,0.443,0.311,0.223,10.886,0.0685,0.05096,0.1356,0.0715,0.192,0.06814,0.02068,0.1986,58.56,3.156,2304.2,10.2,0.0012244,2.16,221.4,56.5,120,148.4,162,57.24,7.754e-06,2.408e-06,28.44,3.184e-06,174,2640000.2,55000.8,4.89,14.8,1,0.004674,31.4,21000.8,20100,0.046832
61.3,4330,0.353,0.0443,0.01484,0.0214,54200,0.0222,0.516,0.47,0.004452,0.39,0.5706,0.443,0.311,0.223,10.886,0.0685,0.05096,0.1356,0.0715,0.192,0.06814,0.02068,0.1986,58.56,3.156,2304.2,10.2,0.0012244,2.16,221.4,56.5,120,148.4,183.6,57.24,7.754e-06,2.408e-06,28.44,3.184e-06,174,2640000.2,55000.8,4.89,14.8,1,0.004674,31.4,21000.8,20100,0.046832
61.3,4330,0.353,0.0443,0.01484,0.0214,54200,0.0222,0.516,0.47,0.004452,0.39,0.5706,0.443,0.311,0.223,10.886,0.0685,0.05096,0.1356,0.0715,0.192,0.06814,0.02068,0.1986,58.56,3.156,2304.2,10.2,0.0012244,2.16,221.4,56.5,120,148.4,183.6,57.24,7.754e-06,2.408e-06,76.86,3.184e-06,174,2640000.2,55000.8,4.89,14.8,1,0.004674,31.4,21000.8,20100,0.046832
61.3,4330,0.353,0.0443,0.01484,0.0214,54200,0.0222,0.516,0.47,0.004452,0.39,0.5706,0.443,0.311,0.223,10.886,0.0685,0.05096,0.1356,0.0715,0.192,0.06814,0.02068,0.1986,58.56,3.156,2304.2,11.88,0.0012244,2.16,221.4,56.5,120,148.4,183.6,57.24,7.754e-06,2.408e-06,76.86,3.184e-06,174,2640000.2,55000.8,4.89,14.8,1,0.004674,31.4,21000.8,20100,0.046832
61.3,4330,0.353,0.0443,0.01484,0.0214,54200,0.0222,0.516,0.47,0.004452,0.39,0.5706,0.443,0.311,0.223,10.886,0.0685,0.05096,0.1524,0.0715,0.192,0.06814,0.02068,0.1986,58.56,3.156,2304.2,11.88,0.0012244,2.16,221.4,56.5,120,148.4,183.6,57.24,7.754e-06,2.408e-06,76.86,3.184e-06,174,2640000.2,55000.8,4.89,14.8,1,0.004674,31.4,21000.8,20100,0.046832
81.86,5778,0.501,0.0479,0.01484,1.46828,66800,0.0272,0.63,0.4184,0.003948,0.406,0.5492,0.411,0.255,0.2622,10.058,0.08066,0.04888,0.158,0.0585,0.216,0.06302,0.0242,0.1862,73.92,3.564,576.8,12.44,0.0012244,2.74,221.4,69.1,147,142,176.4,62.12,6.866e-06,2.202e-06,76.86,3.184e-06,174,1,275000,9.31,7.9,3.36,0.003978,21,1,16400,0.229
81.86,5778,0.501,0.0479,0.01484,1.46828,66800,0.0272,0.63,0.4184,0.003948,0.406,0.5492,0.411,0.255,0.2622,10.058,0.08066,0.04888,0.1412,0.0585,0.216,0.06302,0.0242,0.1862,73.92,3.564,576.8,12.44,0.0012244,2.74,221.4,69.1,147,142,176.4,62.12,6.866e-06,2.202e-06,76.86,3.184e-06,174,1,275000,9.31,7.9,3.36,0.003978,21,1,16400,0.229
81.86,5778,0.501,0.0479,0.01484,1.46828,66800,0.0272,0.63,0.4184,0.003948,0.406,0.5492,0.363,0.255,0.2622,10.058,0.08066,0.04888,0.1412,0.0585,0.216,0.06302,0.0242,0.1862,73.92,3.564,576.8,12.44,0.0012244,2.74,221.4,69.1,147,142,176.4,62.12,6.866e-06,2.202e-06,76.86,3.184e-06,174,1,275000,9.31,7.9,3.36,0.003978,21,1,16400,0.229
81.86,5778,0.501,0.0479,0.01484,1.46828,66800,0.0272,0.63,0.4184,0.003948,0.406,0.5492,0.363,0.255,0.2622,10.058,0.08066,0.04888,0.1412,0.0585,0.216,0.06302,0.0242,0.1862,73.92,3.564,576.8,12.44,0.0012244,2.74,221.4,69.1,147,142,176.4,62.12,6.866e-06,2.202e-06,76.86,3.184e-06,174,1,275000,9.31,28.6,3.36,0.003978,21,1,16400,0.229
81.86,5778,0.501,0.0479,0.01484,1.46828,66800,0.0272,0.63,0.4184,0.003948,0.406,0.5492,0.363,0.255,0.2622,10.058,0.08066,0.04888,0.1412,0.0585,0.216,0.06302,0.0242,0.1862,73.92,3.564,576.8,12.44,0.0012244,2.74,221.4,69.1,147,142,176.4,62.12,6.866e-06,2.202e-06,76.86,3.184e-06,174,1,275000,9.31,28.6,3.36,0.005022,21,1,16400,0.229
81.86,5778,0.501,0.0479,0.01484,1.46828,66800,0.0272,0.63,0.4184,0.003948,0.406,0.5492,0.363,0.255,0.2622,10.058,0.08066,0.04888,0.1412,0.0585,0.216,0.06302,0.0242,0.1862,73.92,3.564,576.8,12.44,0.0012244,2.74,221.4,69.1,130.8,142,176.4,62.12,6.866e-06,2.202e-06,76.86,3.184e-06,174,1,275000,9.31,28.6,3.36,0.005022,21,1,16400,0.229
81.86,5778,0.501,0.0479,0.01484,1.46828,66800,0.0272,0.63,0.4184,0.003948,0.406,0.5492,0.363,0.255,0.2622,10.058,0.08066,0.04888,0.1412,0.0585,0.216,0.06302,0.0242,0.1862,73.92,3.564,576.8,12.44,0.0012244,2.74,221.4,69.1,130.8,142,176.4,62.12,6.866e-06,2.202e-06,76.86,3.184e-06,174,1,275000,9.31,28.6,3.36,0.005022,21,1,16400,0.092374
81.86,5778,0.501,0.0479,0.01484,1.46828,66800,0.0272,0.63,0.4184,0.003948,0.406,0.485,0.363,0.255,0.2622,10.058,0.08066,0.04888,0.1412,0.0585,0.216,0.06302,0.0242,0.1862,73.92,3.564,576.8,12.44,0.0012244,2.74,221.4,69.1,130.8,142,176.4,62.12,6.866e-06,2.202e-06,76.86,3.184e-06,174,1,275000,9.31,28.6,3.36,0.005022,21,1,16400,0.092374
81.86,5778,0.501,0.0479,0.01484,1.46828,66800,0.0272,0.63,0.4184,0.003948,0.358,0.485,0.363,0.255,0.2622,10.058,0.08066,0.04888,0.1412,0.0585,0.216,0.06302,0.0242,0.1862,73.92,3.564,576.8,12.44,0.0012244,2.74,221.4,69.1,130.8,142,176.4,62.12,6.866e-06,2.202e-06,76.86,3.184e-06,174,1,275000,9.31,28.6,3.36,0.005022,21,1,16400,0.092374
81.86,5778,0.501,0.0479,0.01484,1.46828,66800,0.0272,0.5616,0.4184,0.003948,0.358,0.485,0.363,0.255,0.2622,10.058,0.08066,0.04888,0.1412,0.0585,0.216,0.06302,0.0242,0.1862,73.92,3.564,576.8,12.44,0.0012244,2.74,221.4,69.1,130.8,142,176.4,62.12,6.866e-06,2.202e-06,76.86,3.184e-06,174,1,275000,9.31,28.6,3.36,0.005022,21,1,16400,0.092374
81.86,5778,0.501,0.0479,0.01484,1.46828,66800,0.0272,0.5616,0.4184,0.003948,0.358,0.485,0.363,0.255,0.2622,10.058,0.08066,0.04888,0.1412,0.0585,0.216,0.06302,0.0242,0.1862,120,3.564,576.8,12.44,0.0012244,2.74,221.4,69.1,130.8,142,176.4,62.12,6.866e-06,2.202e-06,76.86,3.184e-06,174,1,275000,9.31,28.6,3.36,0.005022,21,1,16400,0.092374
81.86,5778,0.501,0.0479,0.01484,1.46828,66800,0.0272,0.5616,0.4184,0.003948,0.358,0.485,0.363,0.255,0.2622,10.058,0.08066,0.05512,0.1412,0.0585,0.216,0.06302,0.0242,0.1862,120,3.564,576.8,12.44,0.0012244,2.74,221.4,69.1,130.8,142,176.4,62.12,6.866e-06,2.202e-06,76.86,3.184e-06,174,1,275000,9.31,28.6,3.36,0.005022,21,1,16400,0.092374
81.86,5778,0.501,0.0479,0.01484,1.46828,66800,0.0272,0.5616,0.4184,0.003948,0.358,0.485,0.363,0.255,0.2622,10.058,0.08066,0.05512,0.1412,0.0585,0.216,0.06302,0.0242,0.1862,120,3.564,576.8,12.44,6.1e-05,2.74,221.4,69.1,130.8,142,176.4,62.12,6.866e-06,2.202e-06,76.86,3.184e-06,174,1,275000,9.31,28.6,3.36,0.005022,21,1,16400,0.092374
81.86,5778,0.501,0.0479,0.01484,1.46828,66800,0.0272,0.5616,0.4184,0.003948,0.358,0.485,0.363,0.255,0.2622,10.058,0.08066,0.05512,0.1412,0.0585,0.216,0.06302,0.02156,0.1862,120,3.564,576.8,12.44,6.1e-05,2.74,221.4,69.1,130.8,142,176.4,62.12,6.866e-06,2.202e-06,76.86,3.184e-06,174,1,275000,9.31,28.6,3.36,0.005022,21,1,16400,0.092374
81.86,5778,0.501,0.0479,0.01484,1.46828,66800,0.0272,0.5616,0.4184,0.003948,0.358,0.485,0.363,0.255,0.2622,10.058,0.08066,0.05512,0.1412,0.0585,0.216,0.06302,0.02156,0.1862,120,3.564,576.8,12.44,6.1e-05,2.74,221.4,69.1,130.8,142,176.4,62.12,6.866e-06,2.202e-06,76.86,3.184e-06,174,1,275000,9.31,28.6,10.44,0.005022,21,1,16400,0.092374
81.86,5778,0.501,0.0479,0.01484,1.46828,66800,0.0272,0.5616,0.4184,0.003948,0.358,0.485,0.363,0.255,0.2622,10.058,0.07154,0.05512,0.1412,0.0585,0.216,0.06302,0.02156,0.1862,120,3.564,576.8,12.44,6.1e-05,2.74,221.4,69.1,130.8,142,176.4,62.12,6.866e-06,2.202e-06,76.86,3.184e-06,174,1,275000,9.31,28.6,10.44,0.005022,21,1,16400,0.092374
81.86,5778,0.501,0.0479,0.01484,1.46828,66800,0.0272,0.5616,0.4184,0.003948,0.358,0.485,0.363,0.255,0.2328,10.058,0.07154,0.05512,0.1412,0.0585,0.216,0.06302,0.02156,0.1862,120,3.564,576.8,12.44,6.1e-05,2.74,221.4,69.1,130.8,142,176.4,62.12,6.866e-06,2.202e-06,76.86,3.184e-06,174,1,275000,9.31,28.6,10.44,0.005022,21,1,16400,0.092374
81.86,5778,0.501,0.0479,0.01484,1.46828,66800,0.0272,0.5616,0.4184,0.003948,0.358,0.485,0.363,0.255,0.2328,10.058,0.07154,0.05512,0.1412,0.0585,0.216,0.06302,0.02156,0.1862,120,3.564,576.8,12.44,6.1e-05,2.74,221.4,69.1,130.8,142,176.4,62.12,6.866e-06,2.202e-06,76.86,3.184e-06,174,1,275000,6.658,28.6,10.44,0.005022,21,1,16400,0.092374
81.86,5778,0.501,0.0479,0.01484,1.46828,66800,0.0272,0.5616,0.4184,0.003948,0.358,0.485,0.363,0.255,0.2328,10.058,0.07154,0.05512,0.1412,0.0585,0.216,0.06302,0.02156,0.1862,120,3.156,576.8,12.44,6.1e-05,2.74,221.4,69.1,130.8,142,176.4,62.12,6.866e-06,2.202e-06,76.86,3.184e-06,174,1,275000,6.658,28.6,10.44,0.005022,21,1,16400,0.092374
81.86,5778,0.501,0.0479,0.01484,0.38312,66800,0.0272,0.5616,0.4184,0.003948,0.358,0.485,0.363,0.255,0.2328,10.058,0.07154,0.05512,0.1412,0.0585,0.216,0.06302,0.02156,0.1862,120,3.156,576.8,12.44,6.1e-05,2.74,221.4,69.1,130.8,142,176.4,62.12,6.866e-06,2.202e-06,76.86,3.184e-06,174,1,275000,6.658,28.6,10.44,0.005022,21,1,16400,0.092374
81.86,5778,0.501,0.0479,0.01484,0.38312,66800,0.0272,0.5616,0.4184,0.003948,0.358,0.485,0.363,0.255,0.2328,11.3,0.07154,0.05512,0.1412,0.0585,0.216,0.06302,0.02156,0.1862,120,3.156,576.8,12.44,6.1e-05,2.74,221.4,69.1,130.8,142,176.4,62.12,6.866e-06,2.202e-06,76.86,3.184e-06,174,1,275000,6.658,28.6,10.44,0.005022,21,1,16400,0.092374
81.86,5778,0.501,0.0479,0.01484,0.38312,66800,0.0272,0.5616,0.4184,0.003948,0.358,0.485,0.363,0.255,0.2328,11.3,0.07154,0.05512,0.1412,0.0585,0.216,0.06302,0.02156,0.1862,120,3.156,576.8,10.76,6.1e-05,2.74,221.4,69.1,130.8,142,176.4,62.12,6.866e-06,2.202e-06,76.86,3.184e-06,174,1,275000,6.658,28.6,10.44,0.005022,21,1,16400,0.092374
81.86,5778,0.501,0.0479,0.01484,0.38312,66800,0.0272,0.5616,0.4184,0.003948,0.358,0.485,0.363,0.255,0.2328,11.3,0.07154,0.05512,0.1412,0.0585,0.216,0.06302,0.02156,0.1862,120,3.156,576.8,10.76,6.1e-05,2.74,221.4,69.1,130.8,142,176.4,62.12,6.866e-06,2.202e-06,76.86,3.184e-06,174,1,275000,6.658,28.6,10.44,0.005022,21,63000.4,16400,0.092374
81.86,5778,0.501,0.0479,0.01484,0.38312,66800,0.0272,0.5616,0.4184,0.003948,0.358,0.485,0.363,0.255,0.2328,11.3,0.07154,0.05512,0.1412,0.0585,0.216,0.06302,0.02156,0.1862,120,3.156,576.8,10.76,6.1e-05,2.74,221.4,61.54,130.8,142,176.4,62.12,6.866e-06,2.202e-06,76.86,3.184e-06,174,1,275000,6.658,28.6,10.44,0.005022,21,63000.4,16400,0.092374
81.86,5778,0.501,0.0479,0.01484,0.38312,66800,0.0272,0.5616,0.4184,0.003948,0.358,0.485,0.363,0.255,0.2328,11.3,0.07154,0.05512,0.1412,0.0663,0.216,0.06302,0.02156,0.1862,120,3.156,576.8,10.76,6.1e-05,2.74,221.4,61.54,130.8,142,176.4,62.12,6.866e-06,2.202e-06,76.86,3.184e-06,174,1,275000,6.658,28.6,10.44,0.005022,21,63000.4,16400,0.092374
81.86,5778,0.501,0.0479,0.01484,0.38312,66800,0.0242,0.5616,0.4184,0.003948,0.358,0.485,0.363,0.255,0.2328,11.3,0.07154,0.05512,0.1412,0.0663,0.216,0.06302,0.02156,0.1862,120,3.156,576.8,10.76,6.1e-05,2.74,221.4,61.54,130.8,142,176.4,62.12,6.866e-06,2.202e-06,76.86,3.184e-06,174,1,275000,6.658,28.6,10.44,0.005022,21,63000.4,16400,0.092374
81.86,5778,0.4122,0.0479,0.01484,0.38312,66800,0.0242,0.5616,0.4184,0.003948,0.358,0.485,0.363,0.255,0.2328,11.3,0.07154,0.05512,0.1412,0.0663,0.216,0.06302,0.02156,0.1862,120,3.156,576.8,10.76,6.1e-05,2.74,221.4,61.54,130.8,142,176.4,62.12,6.866e-06,2.202e-06,76.86,3.184e-06,174,1,275000,6.658,28.6,10.44,0.005022,21,63000.4,16400,0.092374
66.44,5778,0.4122,0.0479,0.01484,0.38312,66800,0.0242,0.5616,0.4184,0.003948,0.358,0.485,0.363,0.255,0.2328,11.3,0.07154,0.05512,0.1412,0.0663,0.216,0.06302,0.02156,0.1862,120,3.156,576.8,10.76,6.1e-05,2.74,221.4,61.54,130.8,142,176.4,62.12,6.866e-06,2.202e-06,76.86,3.184e-06,174,1,275000,6.658,28.6,10.44,0.005022,21,63000.4,16400,0.092374
66.44,5778,0.4122,0.0479,0.01484,0.38312,66800,0.0242,0.5616,0.4184,0.003948,0.358,0.485,0.363,0.255,0.2328,11.3,0.07154,0.05512,0.1412,0.0663,0.216,0.06302,0.02156,0.1862,120,3.156,576.8,10.76,6.1e-05,2.74,221.4,61.54,130.8,142,176.4,62.12,6.866e-06,2.202e-06,28.44,3.184e-06,174,1,275000,6.658,28.6,10.44,0.005022,21,63000.4,16400,0.092374
66.44,5778,0.4122,0.0479,0.01484,0.38312,66800,0.0242,0.5616,0.4184,0.003948,0.358,0.485,0.363,0.255,0.2328,11.3,0.07154,0.05512,0.1412,0.0663,0.192,0.06302,0.02156,0.1862,120,3.156,576.8,10.76,6.1e-05,2.74,221.4,61.54,130.8,142,176.4,62.12,6.866e-06,2.202e-06,28.44,3.184e-06,174,1,275000,6.658,28.6,10.44,0.005022,21,63000.4,16400,0.092374
66.44,5778,0.4122,0.0479,0.01484,0.38312,66800,0.0242,0.5616,0.4184,0.003948,0.358,0.485,0.363,0.255,0.2328,11.3,0.07154,0.05512,0.1412,0.0663,0.192,0.06302,0.02156,0.1862,120,3.156,576.8,10.76,6.1e-05,2.74,221.4,61.54,130.8,142,176.4,62.12,6.866e-06,2.202e-06,28.44,3.184e-06,174,1,275000,6.658,28.6,10.44,0.005022,52.2,63000.4,16400,0.092374
66.44,5778,0.4122,0.0479,0.01484,0.38312,66800,0.0242,0.5616,0.4184,0.003948,0.358,0.485,0.363,0.255,0.2328,11.3,0.07154,0.05512,0.1412,0.0663,0.192,0.0707,0.02156,0.1862,120,3.156,576.8,10.76,6.1e-05,2.74,221.4,61.54,130.8,142,176.4,62.12,6.866e-06,2.202e-06,28.44,3.184e-06,174,1,275000,6.658,28.6,10.44,0.005022,52.2,63000.4,16400,0.092374
66.44,5778,0.4122,0.0479,0.01484,0.38312,66800,0.0242,0.5616,0.4184,0.003948,0.358,0.485,0.363,0.255,0.2328,11.3,0.07154,0.05512,0.1412,0.0663,0.192,0.0707,0.02156,0.1862,120,3.156,576.8,10.76,6.1e-05,1,221.4,61.54,130.8,142,176.4,62.12,6.866e-06,2.202e-06,28.44,3.184e-06,174,1,275000,6.658,28.6,10.44,0.005022,52.2,63000.4,16400,0.092374
66.44,5778,0.4122,0.0479,0.01484,0.38312,66800,0.0242,0.5616,0.4184,0.003948,0.358,0.485,0.363,0.255,0.2328,11.3,0.07154,0.05512,0.1412,0.0663,0.192,0.0707,0.02156,0.149,120,3.156,576.8,10.76,6.1e-05,1,221.4,61.54,130.8,142,176.4,62.12,6.866e-06,2.202e-06,28.44,3.184e-06,174,1,275000,6.658,28.6,10.44,0.005022,52.2,63000.4,16400,0.092374
66.44,5778,0.4122,0.0479,0.01484,0.38312,66800,0.0242,0.5616,0.4184,0.003948,0.358,0.485,0.363,0.255,0.2328,11.3,0.07154,0.05512,0.1412,0.0663,0.192,0.0707,0.02156,0.149,120,3.156,576.8,10.76,6.1e-05,1,221.4,61.54,130.8,142,176.4,62.12,7.754e-06,2.202e-06,28.44,3.184e-06,174,1,275000,6.658,28.6,10.44,0.005022,52.2,63000.4,16400,0.092374
66.44,5778,0.4122,0.0479,0.01484,0.38312,66800,0.0242,0.5616,0.4184,0.003948,0.358,0.485,0.363,0.2886,0.2328,11.3,0.07154,0.05512,0.1412,0.0663,0.192,0.0707,0.02156,0.149,120,3.156,576.8,10.76,6.1e-05,1,221.4,61.54,130.8,142,176.4,62.12,7.754e-06,2.202e-06,28.44,3.184e-06,174,1,275000,6.658,28.6,10.44,0.005022,52.2,63000.4,16400,0.092374
66.44,4692,0.4122,0.0479,0.01484,0.38312,66800,0.0242,0.5616,0.4184,0.003948,0.358,0.485,0.363,0.2886,0.2328,11.3,0.07154,0.05512,0.1412,0.0663,0.192,0.0707,0.02156,0.149,120,3.156,576.8,10.76,6.1e-05,1,221.4,61.54,130.8,142,176.4,62.12,7.754e-06,2.202e-06,28.44,3.184e-06,174,1,275000,6.658,28.6,10.44,0.005022,52.2,63000.4,16400,0.092374
66.44,4692,0.4122,0.0425,0.01484,0.38312,66800,0.0242,0.5616,0.4184,0.003948,0.358,0.485,0.363,0.2886,0.2328,11.3,0.07154,0.05512,0.1412,0.0663,0.192,0.0707,0.02156,0.149,120,3.156,576.8,10.76,6.1e-05,1,221.4,61.54,130.8,142,176.4,62.12,7.754e-06,2.202e-06,28.44,3.184e-06,174,1,275000,6.658,28.6,10.44,0.005022,52.2,63000.4,16400,0.092374
66.44,4692,0.4122,0.0425,0.01484,0.38312,66800,0.0242,0.5616,0.4184,0.003948,0.358,0.485,0.363,0.2886,0.2328,11.3,0.07154,0.05512,0.1412,0.0663,0.192,0.0707,0.02156,0.149,120,3.156,576.8,10.76,6.1e-05,1,221.4,61.54,130.8,142,198,62.12,7.754e-06,2.202e-06,28.44,3.184e-06,174,1,275000,6.658,28.6,10.44,0.005022,52.2,63000.4,16400,0.092374
66.44,4692,0.4122,0.0425,0.01484,0.38312,66800,0.0242,0.5616,0.4184,0.003948,0.358,0.485,0.363,0.2886,0.2328,11.3,0.07154,0.05512,0.1412,0.0663,0.192,0.0707,0.02156,0.149,120,3.156,576.8,10.76,6.1e-05,1,195,61.54,130.8,142,198,62.12,7.754e-06,2.202e-06,28.44,3.184e-06,174,1,275000,6.658,28.6,10.44,0.005022,52.2,63000.4,16400,0.092374
66.44,4692,0.4122,0.0425,0.01484,0.38312,66800,0.0242,0.5616,0.4184,0.003948,0.358,0.485,0.363,0.2886,0.2328,11.3,0.07154,0.05512,0.1412,0.0663,0.192,0.0707,0.02156,0.149,120,3.156,576.8,10.76,6.1e-05,1,195,61.54,130.8,142,198,62.12,7.754e-06,2.202e-06,28.44,3.184e-06,74.988,1,275000,6.658,28.6,10.44,0.005022,52.2,63000.4,16400,0.092374
66.44,4692,0.4122,0.0425,0.01484,0.38312,66800,0.0242,0.5616,0.4184,0.003948,0.358,0.485,0.363,0.2886,0.2328,11.3,0.07154,0.05512,0.1412,0.0663,0.192,0.0707,0.02156,0.149,120,3.156,576.8,10.76,6.1e-05,1,195,61.54,130.8,142,198,62.12,7.754e-06,2.202e-06,28.44,3.184e-06,74.988,1980000.4,275000,6.658,28.6,10.44,0.005022,52.2,63000.4,16400,0.092374
66.44,4692,0.4122,0.0425,0.01484,0.38312,66800,0.0242,0.5616,0.4184,0.003948,0.358,0.485,0.363,0.2886,0.2328,11.3,0.07154,0.05512,0.1412,0.0663,0.192,0.0707,0.02156,0.149,120,3.156,576.8,10.76,6.1e-05,1,195,61.54,130.8,142,198,62.12,7.754e-06,2.202e-06,28.44,2.206e-06,74.988,1980000.4,275000,6.658,28.6,10.44,0.005022,52.2,63000.4,16400,0.092374
66.44,4692,0.4122,0.0425,0.01316,0.38312,66800,0.0242,0.5616,0.4184,0.003948,0.358,0.485,0.363,0.2886,0.2328,11.3,0.07154,0.05512,0.1412,0.0663,0.192,0.0707,0.02156,0.149,120,3.156,576.8,10.76,6.1e-05,1,195,61.54,130.8,142,198,62.12,7.754e-06,2.202e-06,28.44,2.206e-06,74.988,1980000.4,275000,6.658,28.6,10.44,0.005022,52.2,63000.4,16400,0.092374
66.44,4692,0.4122,0.0425,0.01316,0.38312,66800,0.0242,0.5616,0.4184,0.003948,0.358,0.485,0.363,0.2886,0.2328,11.3,0.07154,0.05512,0.1412,0.0663,0.192,0.0707,0.02156,0.149,120,3.156,2304.2,10.76,6.1e-05,1,195,61.54,130.8,142,198,62.12,7.754e-06,2.202e-06,28.44,2.206e-06,74.988,1980000.4,275000,6.658,28.6,10.44,0.005022,52.2,63000.4,16400,0.092374
66.44,4692,0.4122,0.0425,0.01316,0.38312,66800,0.0242,0.5616,0.4184,0.003948,0.358,0.485,0.363,0.2886,0.2328,11.3,0.07154,0.05512,0.1412,0.0663,0.192,0.0707,0.02156,0.149,120,3.156,2304.2,10.76,6.1e-05,1,195,61.54,130.8,142,198,62.12,7.754e-06,2.82e-06,28.44,2.206e-06,74.988,1980000.4,275000,6.658,28.6,10.44,0.005022,52.2,63000.4,16400,0.092374
66.44,4692,0.4122,0.0425,0.01316,0.38312,66800,0.0242,0.5616,0.4184,0.004452,0.358,0.485,0.363,0.2886,0.2328,11.3,0.07154,0.05512,0.1412,0.0663,0.192,0.0707,0.02156,0.149,120,3.156,2304.2,10.76,6.1e-05,1,195,61.54,130.8,142,198,62.12,7.754e-06,2.82e-06,28.44,2.206e-06,74.988,1980000.4,275000,6.658,28.6,10.44,0.005022,52.2,63000.4,16400,0.092374
66.44,4692,0.4122,0.0425,0.01316,0.38312,66800,0.0242,0.5616,0.4184,0.004452,0.358,0.485,0.363,0.2886,0.2328,11.3,0.07154,0.05512,0.1412,0.0663,0.192,0.0707,0.02156,0.149,120,3.156,2304.2,10.76,6.1e-05,1,195,61.54,130.8,161.2,198,62.12,7.754e-06,2.82e-06,28.44,2.206e-06,74.988,1980000.4,275000,6.658,28.6,10.44,0.005022,52.2,63000.4,16400,0.092374
66.44,4692,0.4122,0.0425,0.01316,0.38312,66800,0.0242,0.5616,0.4184,0.004452,0.358,0.485,0.363,0.2886,0.2328,11.3,0.07154,0.05512,0.1412,0.0663,0.192,0.0707,0.02156,0.149,120,3.156,2304.2,10.76,6.1e-05,1,195,61.54,130.8,161.2,198,62.12,7.754e-06,2.82e-06,28.44,2.206e-06,74.988,1980000.4,275000,6.658,28.6,10.44,0.005022,52.2,63000.4,18620,0.092374
66.44,4692,0.4122,0.0425,0.01316,0.38312,66800,0.0242,0.5616,0.4184,0.004452,0.358,0.485,0.363,0.2886,0.2328,11.3,0.07154,0.05512,0.1412,0.0663,0.192,0.0707,0.02156,0.149,120,3.156,2304.2,10.76,6.1e-05,1,195,61.54,130.8,161.2,198,62.12,7.754e-06,2.82e-06,28.44,2.206e-06,74.988,1980000.4,110000.6,6.658,28.6,10.44,0.005022,52.2,63000.4,18620,0.092374
66.44,4692,0.4122,0.0425,0.01316,0.38312,66800,0.0242,0.5616,0.47,0.004452,0.358,0.485,0.363,0.2886,0.2328,11.3,0.07154,0.05512,0.1412,0.0663,0.192,0.0707,0.02156,0.149,120,3.156,2304.2,10.76,6.1e-05,1,195,61.54,130.8,161.2,198,62.12,7.754e-06,2.82e-06,28.44,2.206e-06,74.988,1980000.4,110000.6,6.658,28.6,10.44,0.005022,52.2,63000.4,18620,0.092374
66.44,4692,0.4122,0.0425,0.01316,0.38312,66800,0.0242,0.5616,0.47,0.004452,0.358,0.485,0.363,0.2886,0.2328,11.3,0.07154,0.05512,0.1412,0.0663,0.192,0.0707,0.02156,0.149,120,3.156,2304.2,10.76,6.1e-05,1,195,61.54,130.8,161.2,198,54.8,7.754e-06,2.82e-06,28.44,2.206e-06,74.988,1980000.4,110000.6,6.658,28.6,10.44,0.005022,52.2,63000.4,18620,0.092374
66.44,4692,0.4122,0.0425,0.01316,0.38312,54200,0.0242,0.5616,0.47,0.004452,0.358,0.485,0.363,0.2886,0.2328,11.3,0.07154,0.05512,0.1412,0.0663,0.192,0.0707,0.02156,0.149,120,3.156,2304.2,10.76,6.1e-05,1,195,61.54,130.8,161.2,198,54.8,7.754e-06,2.82e-06,28.44,2.206e-06,74.988,1980000.4,110000.6,6.658,28.6,10.44,0.005022,52.2,63000.4,18620,0.092374
87,6140,0.3826,0.0407,0.01428,0.74484,66800,0.0252,0.63,0.47,0.00378,0.422,0.592,0.427,0.311,0.2524,10.886,0.08066,0.05096,0.1524,0.0715,0.192,0.06814,0.0198,0.149,58.56,3.292,2880,10.2,0.0008366,2.74,230.2,66.58,147,154.8,176.4,57.24,8.05e-06,1.79e-06,12.3,2.532e-06,8.98,2640000.2,110000.6,6.658,28.6,1,0.003978,73,84000.2,17140,0.183458
87,6140,0.3826,0.0407,0.01428,0.74484,66800,0.0252,0.63,0.47,0.00378,0.422,0.592,0.427,0.311,0.2524,10.886,0.08066,0.05096,0.1524,0.0715,0.192,0.06814,0.0198,0.149,58.56,3.292,2880,10.2,0.0008366,2.74,230.2,66.58,147,174,176.4,57.24,8.05e-06,1.79e-06,12.3,2.532e-06,8.98,2640000.2,110000.6,6.658,28.6,1,0.003978,73,84000.2,17140,0.183458
87,6140,0.3826,0.0407,0.01428,0.74484,66800,0.0252,0.63,0.47,0.00378,0.422,0.592,0.427,0.311,0.2524,10.886,0.08066,0.05096,0.1524,0.0715,0.192,0.06814,0.0198,0.149,58.56,3.292,2880,10.2,0.0008366,2.74,230.2,66.58,147,174,176.4,57.24,8.05e-06,1.79e-06,12.3,3.51e-06,8.98,2640000.2,110000.6,6.658,28.6,1,0.003978,73,84000.2,17140,0.183458
87,6140,0.3826,0.0407,0.01428,0.74484,66800,0.0252,0.63,0.47,0.00378,0.422,0.592,0.427,0.311,0.2524,10.886,0.08066,0.05096,0.1524,0.0715,0.192,0.06814,0.0198,0.149,58.56,3.292,2880,10.2,0.0008366,2.74,230.2,66.58,147,174,176.4,57.24,8.05e-06,2.408e-06,12.3,3.51e-06,8.98,2640000.2,110000.6,6.658,28.6,1,0.003978,73,84000.2,17140,0.183458
87,6140,0.3826,0.0407,0.01428,0.74484,66800,0.0252,0.63,0.47,0.00378,0.422,0.592,0.427,0.311,0.2524,10.886,0.08066,0.05096,0.1524,0.0715,0.192,0.06814,0.0198,0.149,58.56,3.292,2880,10.2,0.002,2.74,230.2,66.58,147,174,176.4,57.24,8.05e-06,2.408e-06,12.3,3.51e-06,8.98,2640000.2,110000.6,6.658,28.6,1,0.003978,73,84000.2,17140,0.183458
87,6140,0.3826,0.0407,0.01428,0.74484,66800,0.0252,0.63,0.47,0.00378,0.422,0.592,0.427,0.311,0.2524,10.886,0.08066,0.05096,0.1524,0.0715,0.192,0.06814,0.0198,0.149,58.56,3.292,2880,10.2,0.002,2.74,230.2,66.58,147,174,176.4,57.24,8.05e-06,2.408e-06,12.3,3.51e-06,107.992,2640000.2,110000.6,6.658,28.6,1,0.003978,73,84000.2,17140,0.183458
87,6140,0.3826,0.0407,0.01428,0.74484,66800,0.0252,0.63,0.47,0.00378,0.422,0.592,0.427,0.311,0.2524,10.886,0.08066,0.05096,0.1524,0.0715,0.192,0.06814,0.0198,0.149,58.56,3.292,2880,10.2,0.002,2.74,230.2,66.58,147,174,176.4,57.24,8.05e-06,2.408e-06,12.3,3.51e-06,107.992,2640000.2,275000,6.658,28.6,1,0.003978,73,84000.2,17140,0.183458
87,6140,0.3826,0.0407,0.01428,0.74484,66800,0.0252,0.63,0.47,0.00378,0.422,0.592,0.427,0.311,0.2524,10.886,0.08066,0.0572,0.1524,0.0715,0.192,0.06814,0.0198,0.149,58.56,3.292,2880,10.2,0.002,2.74,230.2,66.58,147,174,176.4,57.24,8.05e-06,2.408e-06,12.3,3.51e-06,107.992,2640000.2,275000,6.658,28.6,1,0.003978,73,84000.2,17140,0.183458
87,6140,0.4714,0.0407,0.01428,0.74484,66800,0.0252,0.63,0.47,0.00378,0.422,0.592,0.427,0.311,0.2524,10.886,0.08066,0.0572,0.1524,0.0715,0.192,0.06814,0.0198,0.149,58.56,3.292,2880,10.2,0.002,2.74,230.2,66.58,147,174,176.4,57.24,8.05e-06,2.408e-06,12.3,3.51e-06,107.992,2640000.2,275000,6.658,28.6,1,0.003978,73,84000.2,17140,0.183458
87,6140,0.4714,0.0407,0.01428,0.74484,66800,0.0252,0.63,0.47,0.00378,0.422,0.592,0.427,0.311,0.2524,10.886,0.08066,0.0572,0.1524,0.0715,0.216,0.06814,0.0198,0.149,58.56,3.292,2880,10.2,0.002,2.74,230.2,66.58,147,174,176.4,57.24,8.05e-06,2.408e-06,12.3,3.51e-06,107.992,2640000.2,275000,6.658,28.6,1,0.003978,73,84000.2,17140,0.183458
87,6140,0.4714,0.0407,0.01428,0.74484,66800,0.0252,0.63,0.47,0.00378,0.374,0.592,0.427,0.311,0.2524,10.886,0.08066,0.0572,0.1524,0.0715,0.216,0.06814,0.0198,0.149,58.56,3.292,2880,10.2,0.002,2.74,230.2,66.58,147,174,176.4,57.24,8.05e-06,2.408e-06,12.3,3.51e-06,107.992,2640000.2,275000,6.658,28.6,1,0.003978,73,84000.2,17140,0.183458
87,6140,0.4714,0.0407,0.01428,0.74484,66800,0.0252,0.63,0.47,0.00378,0.374,0.592,0.427,0.311,0.2524,10.886,0.08066,0.0572,0.1524,0.0715,0.216,0.06814,0.0198,0.149,104.64,3.292,2880,10.2,0.002,2.74,230.2,66.58,147,174,176.4,57.24,8.05e-06,2.408e-06,12.3,3.51e-06,107.992,2640000.2,275000,6.658,28.6,1,0.003978,73,84000.2,17140,0.183458
87,6140,0.4714,0.0407,0.01428,0.74484,66800,0.0252,0.5616,0.47,0.00378,0.374,0.592,0.427,0.311,0.2524,10.886,0.08066,0.0572,0.1524,0.0715,0.216,0.06814,0.0198,0.149,104.64,3.292,2880,10.2,0.002,2.74,230.2,66.58,147,174,176.4,57.24,8.05e-06,2.408e-06,12.3,3.51e-06,107.992,2640000.2,275000,6.658,28.6,1,0.003978,73,84000.2,17140,0.183458
87,6140,0.4714,0.0407,0.01428,0.74484,66800,0.0252,0.5616,0.47,0.00378,0.374,0.592,0.427,0.311,0.2524,10.886,0.08066,0.0572,0.1524,0.0715,0.216,0.06814,0.0198,0.149,104.64,3.292,2880,10.2,0.002,2.74,230.2,66.58,147,174,176.4,57.24,8.05e-06,2.408e-06,12.3,3.51e-06,107.992,660000.8,275000,6.658,28.6,1,0.003978,73,84000.2,17140,0.183458
87,6140,0.4714,0.0407,0.01428,0.74484,66800,0.0252,0.5616,0.47,0.00378,0.374,0.592,0.427,0.311,0.223,10.886,0.08066,0.0572,0.1524,0.0715,0.216,0.06814,0.0198,0.149,104.64,3.292,2880,10.2,0.002,2.74,230.2,66.58,147,174,176.4,57.24,8.05e-06,2.408e-06,12.3,3.51e-06,107.992,660000.8,275000,6.658,28.6,1,0.003978,73,84000.2,17140,0.183458
87,6140,0.4714,0.0407,0.01428,0.74484,66800,0.0252,0.5616,0.47,0.00378,0.374,0.592,0.427,0.311,0.223,10.886,0.08066,0.0572,0.1356,0.0715,0.216,0.06814,0.0198,0.149,104.64,3.292,2880,10.2,0.002,2.74,230.2,66.58,147,174,176.4,57.24,8.05e-06,2.408e-06,12.3,3.51e-06,107.992,660000.8,275000,6.658,28.6,1,0.003978,73,84000.2,17140,0.183458
87,6140,0.4714,0.0407,0.01428,0.74484,66800,0.0252,0.5616,0.47,0.00378,0.374,0.592,0.427,0.311,0.223,10.886,0.08066,0.0572,0.1356,0.0715,0.216,0.06814,0.0198,0.149,104.64,3.292,2880,10.2,0.002,2.74,230.2,66.58,147,174,198,57.24,8.05e-06,2.408e-06,12.3,3.51e-06,107.992,660000.8,275000,6.658,28.6,1,0.003978,73,84000.2,17140,0.183458
87,6140,0.4714,0.0407,0.01428,0.74484,66800,0.0252,0.5616,0.47,0.00378,0.374,0.592,0.427,0.311,0.223,10.886,0.08066,0.0572,0.1356,0.0637,0.216,0.06814,0.0198,0.149,104.64,3.292,2880,10.2,0.002,2.74,230.2,66.58,147,174,198,57.24,8.05e-06,2.408e-06,12.3,3.51e-06,107.992,660000.8,275000,6.658,28.6,1,0.003978,73,84000.2,17140,0.183458
87,6140,0.4714,0.0407,0.01428,0.74484,66800,0.0252,0.5616,0.47,0.00378,0.374,0.592,0.427,0.311,0.223,10.886,0.08066,0.0572,0.1356,0.0637,0.216,0.06814,0.0198,0.149,104.64,3.292,1152.6,10.2,0.002,2.74,230.2,66.58,147,174,198,57.24,8.05e-06,2.408e-06,12.3,3.51e-06,107.992,660000.8,275000,6.658,28.6,1,0.003978,73,84000.2,17140,0.183458
87,6140,0.4714,0.0407,0.01428,0.74484,66800,0.0252,0.5616,0.47,0.004284,0.374,0.592,0.427,0.311,0.223,10.886,0.08066,0.0572,0.1356,0.0637,0.216,0.06814,0.0198,0.149,104.64,3.292,1152.6,10.2,0.002,2.74,230.2,66.58,147,174,198,57.24,8.05e-06,2.408e-06,12.3,3.51e-06,107.992,660000.8,275000,6.658,28.6,1,0.003978,73,84000.2,17140,0.183458
87,6140,0.4714,0.0407,0.01428,0.74484,66800,0.0252,0.5616,0.47,0.004284,0.374,0.592,0.427,0.311,0.223,10.886,0.08066,0.0572,0.1356,0.0637,0.216,0.06814,0.0198,0.149,104.64,3.292,1152.6,10.2,0.002,2.74,230.2,59.02,147,174,198,57.24,8.05e-06,2.408e-06,12.3,3.51e-06,107.992,660000.8,275000,6.658,28.6,1,0.003978,73,84000.2,17140,0.183458
87,6140,0.4714,0.0407,0.01428,0.74484,66800,0.0252,0.5616,0.47,0.004284,0.374,0.592,0.427,0.311,0.223,10.886,0.08066,0.0572,0.1356,0.0637,0.216,0.06814,0.0198,0.149,104.64,3.292,1152.6,10.2,0.002,2.74,230.2,59.02,147,174,198,57.24,8.05e-06,2.408e-06,12.3,3.51e-06,107.992,660000.8,275000,6.658,28.6,1,0.005022,73,84000.2,17140,0.183458
87,6140,0.4714,0.0407,0.01428,0.74484,66800,0.0252,0.5616,0.47,0.004284,0.374,0.592,0.427,0.311,0.223,10.886,0.07154,0.0572,0.1356,0.0637,0.216,0.06814,0.0198,0.149,104.64,3.292,1152.6,10.2,0.002,2.74,230.2,59.02,147,174,198,57.24,8.05e-06,2.408e-06,12.3,3.51e-06,107.992,660000.8,275000,6.658,28.6,1,0.005022,73,84000.2,17140,0.183458
87,6140,0.4714,0.0407,0.01428,0.74484,66800,0.0252,0.5616,0.47,0.004284,0.374,0.5278,0.427,0.311,0.223,10.886,0.07154,0.0572,0.1356,0.0637,0.216,0.06814,0.0198,0.149,104.64,3.292,1152.6,10.2,0.002,2.74,230.2,59.02,147,174,198,57.24,8.05e-06,2.408e-06,12.3,3.51e-06,107.992,660000.8,275000,6.658,28.6,1,0.005022,73,84000.2,17140,0.183458
87,6140,0.4714,0.0407,0.01428,0.74484,66800,0.0222,0.5616,0.47,0.004284,0.374,0.5278,0.427,0.311,0.223,10.886,0.07154,0.0572,0.1356,0.0637,0.216,0.06814,0.0198,0.149,104.64,3.292,1152.6,10.2,0.002,2.74,230.2,59.02,147,174,198,57.24,8.05e-06,2.408e-06,12.3,3.51e-06,107.992,660000.8,275000,6.658,28.6,1,0.005022,73,84000.2,17140,0.183458
87,6140,0.4714,0.0407,0.01428,0.74484,66800,0.0222,0.5616,0.47,0.004284,0.374,0.5278,0.427,0.311,0.223,10.886,0.07154,0.0572,0.1356,0.0637,0.216,0.06814,0.0198,0.149,104.64,3.7,1152.6,10.2,0.002,2.74,230.2,59.02,147,174,198,57.24,8.05e-06,2.408e-06,12.3,3.51e-06,107.992,660000.8,275000,6.658,28.6,1,0.005022,73,84000.2,17140,0.183458
87,6140,0.4714,0.0407,0.01428,0.74484,66800,0.0222,0.5616,0.47,0.004284,0.374,0.5278,0.427,0.311,0.223,10.886,0.07154,0.0572,0.1356,0.0637,0.216,0.06814,0.0198,0.149,104.64,3.7,1152.6,10.2,0.002,2.74,230.2,59.02,147,174,198,57.24,8.05e-06,2.408e-06,12.3,3.51e-06,107.992,660000.8,275000,6.658,7.9,1,0.005022,73,84000.2,17140,0.183458
87,6140,0.4714,0.0407,0.01428,0.74484,66800,0.0222,0.5616,0.47,0.004284,0.374,0.5278,0.427,0.311,0.223,9.644,0.07154,0.0572,0.1356,0.0637,0.216,0.06814,0.0198,0.149,104.64,3.7,1152.6,10.2,0.002,2.74,230.2,59.02,147,174,198,57.24,8.05e-06,2.408e-06,12.3,3.51e-06,107.992,660000.8,275000,6.658,7.9,1,0.005022,73,84000.2,17140,0.183458
87,6140,0.4714,0.0461,0.01428,0.74484,66800,0.0222,0.5616,0.47,0.004284,0.374,0.5278,0.427,0.311,0.223,9.644,0.07154,0.0572,0.1356,0.0637,0.216,0.06814,0.0198,0.149,104.64,3.7,1152.6,10.2,0.002,2.74,230.2,59.02,147,174,198,57.24,8.05e-06,2.408e-06,12.3,3.51e-06,107.992,660000.8,275000,6.658,7.9,1,0.005022,73,84000.2,17140,0.183458
87,6140,0.4714,0.0461,0.01428,0.74484,66800,0.0222,0.5616,0.47,0.004284,0.374,0.5278,0.427,0.311,0.223,9.644,0.07154,0.0572,0.1356,0.0637,0.216,0.06814,0.0198,0.149,104.64,3.7,1152.6,10.2,0.002,2.74,230.2,59.02,147,174,198,57.24,8.05e-06,2.408e-06,12.3,3.51e-06,107.992,660000.8,275000,6.658,7.9,8.08,0.005022,73,84000.2,17140,0.183458
71.58,6140,0.4714,0.0461,0.01428,0.74484,66800,0.0222,0.5616,0.47,0.004284,0.374,0.5278,0.427,0.311,0.223,9.644,0.07154,0.0572,0.1356,0.0637,0.216,0.06814,0.0198,0.149,104.64,3.7,1152.6,10.2,0.002,2.74,230.2,59.02,147,174,198,57.24,8.05e-06,2.408e-06,12.3,3.51e-06,107.992,660000.8,275000,6.658,7.9,8.08,0.005022,73,84000.2,17140,0.183458
71.58,6140,0.4714,0.0461,0.01428,0.74484,66800,0.0222,0.5616,0.47,0.004284,0.374,0.5278,0.427,0.311,0.223,9.644,0.07154,0.0572,0.1356,0.0637,0.216,0.06814,0.0198,0.149,104.64,3.7,1152.6,10.2,0.002,1,230.2,59.02,147,174,198,57.24,8.05e-06,2.408e-06,12.3,3.51e-06,107.992,660000.8,275000,6.658,7.9,8.08,0.005022,73,84000.2,17140,0.183458
71.58,6140,0.4714,0.0461,0.01428,0.74484,66800,0.0222,0.5616,0.47,0.004284,0.374,0.5278,0.427,0.311,0.223,9.644,0.07154,0.0572,0.1356,0.0637,0.216,0.06814,0.0198,0.149,104.64,3.7,1152.6,10.2,0.002,1,230.2,59.02,147,174,198,57.24,8.05e-06,2.408e-06,12.3,3.51e-06,107.992,660000.8,275000,6.658,7.9,8.08,0.005022,73,21000.8,17140,0.183458
71.58,6140,0.4714,0.0461,0.01428,0.74484,66800,0.0222,0.5616,0.47,0.004284,0.374,0.5278,0.427,0.311,0.223,9.644,0.07154,0.0572,0.1356,0.0637,0.216,0.06046,0.0198,0.149,104.64,3.7,1152.6,10.2,0.002,1,230.2,59.02,147,174,198,57.24,8.05e-06,2.408e-06,12.3,3.51e-06,107.992,660000.8,275000,6.658,7.9,8.08,0.005022,73,21000.8,17140,0.183458
71.58,6140,0.4714,0.0461,0.01428,0.74484,66800,0.0222,0.5616,0.47,0.004284,0.374,0.5278,0.427,0.311,0.223,9.644,0.07154,0.0572,0.1356,0.0637,0.216,0.06046,0.0198,0.149,104.64,3.7,1152.6,10.2,0.002,1,230.2,59.02,147,174,198,57.24,8.05e-06,2.408e-06,12.3,3.51e-06,107.992,660000.8,275000,6.658,7.9,8.08,0.005022,73,21000.8,19360,0.183458
71.58,6140,0.4714,0.0461,0.01428,0.74484,66800,0.0222,0.5616,0.47,0.004284,0.374,0.5278,0.427,0.311,0.223,9.644,0.07154,0.0572,0.1356,0.0637,0.216,0.06046,0.0198,0.149,104.64,3.7,1152.6,11.88,0.002,1,230.2,59.02,147,174,198,57.24,8.05e-06,2.408e-06,12.3,3.51e-06,107.992,660000.8,275000,6.658,7.9,8.08,0.005022,73,21000.8,19360,0.183458
71.58,6140,0.4714,0.0461,0.01428,1.83,66800,0.0222,0.5616,0.47,0.004284,0.374,0.5278,0.427,0.311,0.223,9.644,0.07154,0.0572,0.1356,0.0637,0.216,0.06046,0.0198,0.149,104.64,3.7,1152.6,11.88,0.002,1,230.2,59.02,147,174,198,57.24,8.05e-06,2.408e-06,12.3,3.51e-06,107.992,660000.8,275000,6.658,7.9,8.08,0.005022,73,21000.8,19360,0.183458
71.58,6140,0.4714,0.0461,0.01428,1.83,66800,0.0222,0.5616,0.47,0.004284,0.374,0.5278,0.379,0.311,0.223,9.644,0.07154,0.0572,0.1356,0.0637,0.216,0.06046,0.0198,0.149,104.64,3.7,1152.6,11.88,0.002,1,230.2,59.02,147,174,198,57.24,8.05e-06,2.408e-06,12.3,3.51e-06,107.992,660000.8,275000,6.658,7.9,8.08,0.005022,73,21000.8,19360,0.183458
71.58,6140,0.4714,0.0461,0.01428,1.83,66800,0.0222,0.5616,0.47,0.004284,0.374,0.5278,0.379,0.311,0.223,9.644,0.07154,0.0572,0.1356,0.0637,0.216,0.06046,0.0198,0.149,104.64,3.7,1152.6,11.88,0.002,1,230.2,59.02,147,174,198,64.56,8.05e-06,2.408e-06,12.3,3.51e-06,107.992,660000.8,275000,6.658,7.9,8.08,0.005022,73,21000.8,19360,0.183458
71.58,6140,0.4714,0.0461,0.01428,1.83,66800,0.0222,0.5616,0.47,0.004284,0.374,0.5278,0.379,0.311,0.223,9.644,0.07154,0.0572,0.1356,0.0637,0.216,0.06046,0.0198,0.149,104.64,3.7,1152.6,11.88,0.002,1,203.8,59.02,147,174,198,64.56,8.05e-06,2.408e-06,12.3,3.51e-06,107.992,660000.8,275000,6.658,7.9,8.08,0.005022,73,21000.8,19360,0.183458
71.58,6140,0.4714,0.0461,0.01428,1.83,66800,0.0222,0.5616,0.47,0.004284,0.374,0.5278,0.379,0.311,0.223,9.644,0.07154,0.0572,0.1356,0.0637,0.216,0.06046,0.0198,0.1862,104.64,3.7,1152.6,11.88,0.002,1,203.8,59.02,147,174,198,64.56,8.05e-06,2.408e-06,12.3,3.51e-06,107.992,660000.8,275000,6.658,7.9,8.08,0.005022,73,21000.8,19360,0.183458
71.58,6140,0.4714,0.0461,0.01428,1.83,66800,0.0222,0.5616,0.47,0.004284,0.374,0.5278,0.379,0.311,0.223,9.644,0.07154,0.0572,0.1356,0.0637,0.216,0.06046,0.0198,0.1862,104.64,3.7,1152.6,11.88,0.002,1,203.8,59.02,147,174,198,64.56,7.162e-06,2.408e-06,12.3,3.51e-06,107.992,660000.8,275000,6.658,7.9,8.08,0.005022,73,21000.8,19360,0.183458
71.58,6140,0.4714,0.0461,0.01428,1.83,66800,0.0222,0.5616,0.47,0.004284,0.374,0.5278,0.379,0.2774,0.223,9.644,0.07154,0.0572,0.1356,0.0637,0.216,0.06046,0.0198,0.1862,104.64,3.7,1152.6,11.88,0.002,1,203.8,59.02,147,174,198,64.56,7.162e-06,2.408e-06,12.3,3.51e-06,107.992,660000.8,275000,6.658,7.9,8.08,0.005022,73,21000.8,19360,0.183458
71.58,6140,0.4714,0.0461,0.01428,1.83,66800,0.0222,0.5616,0.47,0.004284,0.374,0.5278,0.379,0.2774,0.223,9.644,0.07154,0.0572,0.1356,0.0637,0.216,0.06046,0.0198,0.1862,104.64,3.7,1152.6,11.88,0.002,1,203.8,59.02,147,174,198,64.56,7.162e-06,2.408e-06,60.72,3.51e-06,107.992,660000.8,275000,6.658,7.9,8.08,0.005022,73,21000.8,19360,0.183458
71.58,6140,0.4714,0.0461,0.01428,1.83,66800,0.0222,0.5616,0.47,0.004284,0.374,0.5278,0.379,0.2774,0.223,9.644,0.07154,0.0572,0.1356,0.0637,0.216,0.06046,0.0198,0.1862,104.64,3.7,1152.6,11.88,0.002,1,203.8,59.02,147,174,198,64.56,7.162e-06,2.408e-06,60.72,3.51e-06,107.992,660000.8,275000,9.31,7.9,8.08,0.005022,73,21000.8,19360,0.183458
71.58,6140,0.4714,0.0461,0.01428,1.83,66800,0.0222,0.5616,0.47,0.004284,0.374,0.5278,0.379,0.2774,0.223,9.644,0.07154,0.0572,0.1356,0.0637,0.216,0.06046,0.0198,0.1862,104.64,3.7,1152.6,11.88,0.002,1,203.8,59.02,147,174,198,64.56,7.162e-06,2.408e-06,60.72,3.51e-06,107.992,660000.8,275000,9.31,7.9,8.08,0.005022,73,21000.8,19360,0.046832
71.58,6140,0.4714,0.0461,0.01428,1.83,66800,0.0222,0.5616,0.47,0.004284,0.374,0.5278,0.379,0.2774,0.223,9.644,0.07154,0.0572,0.1356,0.0637,0.216,0.06046,0.0198,0.1862,104.64,3.7,1152.6,11.88,0.002,1,203.8,59.02,147,174,198,64.56,7.162e-06,2.408e-06,60.72,3.51e-06,107.992,660000.8,275000,9.31,7.9,8.08,0.005022,41.8,21000.8,19360,0.046832
71.58,6140,0.4714,0.0461,0.01428,1.83,54200,0.0222,0.5616,0.47,0.004284,0.374,0.5278,0.379,0.2774,0.223,9.644,0.07154,0.0572,0.1356,0.0637,0.216,0.06046,0.0198,0.1862,104.64,3.7,1152.6,11.88,0.002,1,203.8,59.02,147,174,198,64.56,7.162e-06,2.408e-06,60.72,3.51e-06,107.992,660000.8,275000,9.31,7.9,8.08,0.005022,41.8,21000.8,19360,0.046832
71.58,6140,0.4714,0.0461,0.01428,1.83,54200,0.0222,0.5616,0.47,0.004284,0.374,0.5278,0.379,0.2774,0.223,9.644,0.07154,0.0572,0.1356,0.0637,0.216,0.06046,0.0198,0.1862,104.64,3.7,1152.6,11.88,0.002,1,203.8,59.02,130.8,174,198,64.56,7.162e-06,2.408e-06,60.72,3.51e-06,107.992,660000.8,275000,9.31,7.9,8.08,0.005022,41.8,21000.8,19360,0.046832
71.58,5054,0.4714,0.0461,0.01428,1.83,54200,0.0222,0.5616,0.47,0.004284,0.374,0.5278,0.379,0.2774,0.223,9.644,0.07154,0.0572,0.1356,0.0637,0.216,0.06046,0.0198,0.1862,104.64,3.7,1152.6,11.88,0.002,1,203.8,59.02,130.8,174,198,64.56,7.162e-06,2.408e-06,60.72,3.51e-06,107.992,660000.8,275000,9.31,7.9,8.08,0.005022,41.8,21000.8,19360,0.046832
71.58,5054,0.4714,0.0461,0.01428,1.83,54200,0.0222,0.5616,0.4184,0.004284,0.374,0.5278,0.379,0.2774,0.223,9.644,0.07154,0.0572,0.1356,0.0637,0.216,0.06046,0.0198,0.1862,104.64,3.7,1152.6,11.88,0.002,1,203.8,59.02,130.8,174,198,64.56,7.162e-06,2.408e-06,60.72,3.51e-06,107.992,660000.8,275000,9.31,7.9,8.08,0.005022,41.8,21000.8,19360,0.046832
71.58,5054,0.4714,0.0461,0.01428,1.83,54200,0.0222,0.5616,0.4184,0.004284,0.374,0.5278,0.379,0.2774,0.223,9.644,0.07154,0.0572,0.1356,0.0637,0.216,0.06046,0.02244,0.1862,104.64,3.7,1152.6,11.88,0.002,1,203.8,59.02,130.8,174,198,64.56,7.162e-06,2.408e-06,60.72,3.51e-06,107.992,660000.8,275000,9.31,7.9,8.08,0.005022,41.8,21000.8,19360,0.046832
71.58,5054,0.4714,0.0461,0.0126,1.83,54200,0.0222,0.5616,0.4184,0.004284,0.374,0.5278,0.379,0.2774,0.223,9.644,0.07154,0.0572,0.1356,0.0637,0.216,0.06046,0.02244,0.1862,104.64,3.7,1152.6,11.88,0.002,1,203.8,59.02,130.8,174,198,64.56,7.162e-06,2.408e-06,60.72,3.51e-06,107.992,660000.8,275000,9.31,7.9,8.08,0.005022,41.8,21000.8,19360,0.046832
